arrived_at,num_prefill_tokens,num_decode_tokens
0.7071201776370573,47102,350
1.3942347822913082,279862,350
2.0956350763719716,81184,350
2.177927514563614,1373836,350
2.2033502791807837,2461162,350
2.6306033720355337,26003,350
3.0452976938759964,41952,350
3.964208269331731,150211,350
3.9875300920327628,279386,350
4.295342105721929,26259,350
4.316058666544814,283699,350
4.636359733610685,104033,350
5.145573660929452,144764,350
5.259366256397073,116080,350
5.621597333650477,12574,350
5.666824761246427,113218,350
5.693759251655306,155609,350
5.786459016988363,443165,350
6.051517627391351,351856,350
6.172983900843848,30017,350
6.539862121377267,52080,350
6.605619877910303,617656,350
7.146199367364556,18050,350
7.507106974192279,163193,350
7.699988195946103,28460,350
7.822660756626049,112369,350
7.9559900770078915,163193,350
7.978659826141907,254710,350
8.031492842134423,206590,350
8.233057680841554,323956,350
8.34737539735915,217079,350
8.719200943701829,899024,350
8.927580540000688,30316,350
8.997559938323635,4063051,350
9.13317415486995,155188,350
9.32186731286716,116071,350
9.42299477211357,195266,350
9.517674542968368,45851,350
9.776178861260293,55541,350
9.863516275651117,695002,350
10.255781694778141,282826,350
10.664859337791643,28714,350
10.983707257781406,1480148,350
11.005186183658004,379225,350
11.33873544887058,1131859,350
11.737070151183866,93928,350
12.067081813377227,97294,350
12.149449201682057,56146,350
12.243842199045595,573499,350
12.292588054134301,196032,350
12.396812616690614,450571,350
12.403030192105257,2173451,350
12.452252661551055,201924,350
12.839034086417866,30017,350
14.01425651911929,150211,350
14.180003016880653,112424,350
14.263544105586778,382492,350
14.380531239088906,13256,350
14.486808363481527,43146,350
14.52493589384141,573499,350
14.843560933509531,21214,350
15.248222361014662,18694,350
15.691695634733135,167856,350
17.253425868780127,21003,350
17.87303182018506,24140,350
18.356815890919055,241740,350
18.663725150323938,298003,350
18.8379969735477,323988,350
18.851071548921773,323942,350
19.132425309751245,102422,350
19.315185041366817,31286,350
19.758703092869638,1546006,350
20.355174146150887,142307,350
20.45284144459126,113234,350
20.46747400965118,88158,350
20.73948054939317,175299,350
21.49048625521495,4063156,350
21.73197790127626,155579,350
22.358725808877548,1562167,350
22.5802007339775,89004,350
22.966669571519827,18082,350
23.051605746426826,121039,350
23.091140231967618,121039,350
23.133046359244176,70995,350
23.16765880573685,16634,350
23.183739134829064,21214,350
23.688619485268617,53187,350
23.820565073141243,92223,350
23.934133091572154,255501,350
24.20912113115784,33598,350
24.264199794530832,48812,350
24.828403453898964,2612782,350
25.208390524322628,142883,350
25.305226464322836,175299,350
25.364224056785318,1545718,350
25.52040629480548,173745,350
25.610062432983938,34327,350
25.632338520893455,32122,350
25.780444343967606,140625,350
26.4427615688797,213110,350
26.739482138691564,53926,350
27.646073675636316,1545939,350
28.24796553596959,35287,350
28.57675732974653,88343,350
29.121051563599426,32242,350
29.33485470582498,1545766,350
29.6489280164135,28929,350
29.76075710057672,238835,350
29.825184786384217,377008,350
30.45604284047926,13084,350
30.497308417529336,121029,350
30.552572827826538,45851,350
30.64382039770174,146374,350
30.928379038929318,51013,350
31.050096414229458,899024,350
31.25141492461621,765830,350
31.886644013123483,28573,350
32.34009114136885,184026,350
32.684575550306405,301853,350
32.73485494161777,178082,350
33.0846846288804,91088,350
33.21835472640978,652448,350
33.25475578431971,1131859,350
33.37223393668942,66504,350
33.39298612380451,71877,350
33.66212881501656,279862,350
33.947916144865445,89004,350
34.03447500054339,72425,350
34.04795777025695,140210,350
34.85069613701887,196623,350
35.08828412511705,61089,350
35.525952592702524,21050,350
35.62971579449984,20892,350
36.122774871940436,20386,350
36.605501757121644,62334,350
36.63289357458083,143673,350
38.23041994870378,116071,350
38.428536471678974,22411,350
38.83964189028785,137654,350
38.91131805254114,149956,350
39.200677272068546,213438,350
39.284866386376386,164605,350
39.75955607385953,24037,350
39.89575476564844,48812,350
40.12490099729921,81184,350
40.28021587183325,217079,350
40.50183647512461,140114,350
40.64074851571429,66471,350
40.82104084985309,31195,350
40.82948835322562,23771,350
41.29640275925503,142277,350
42.03453463817804,22205,350
42.2054050889813,175299,350
43.20660782330291,891285,350
43.256045028046366,166964,350
44.07505903067478,66471,350
44.18222209959355,179901,350
44.37888629375302,224234,350
45.095649320738715,899024,350
45.13298018336527,98145,350
45.189152230448,42799,350
45.58401359911015,4063156,350
45.872948576022154,219434,350
45.95764529359449,21431,350
46.088044791591024,21431,350
46.308589218271045,162715,350
46.867340801113855,60529,350
46.97272915416123,61166,350
47.19774822893334,160489,350
47.3019203525913,459989,350
47.391425797694794,143290,350
48.01893820786189,2253483,350
48.182639101321705,53187,350
48.57658770969233,323988,350
48.66561787962551,30017,350
48.72033408374643,112541,350
49.05633638409612,293350,350
49.47323446237506,164605,350
49.75290694615516,21003,350
50.102128008811626,1545966,350
50.40179048686201,108256,350
50.7229540018597,1545766,350
51.38609594347581,35478,350
52.216528016929765,66743,350
52.411338999448084,18685,350
52.438028686948726,46537,350
52.85089171785988,345995,350
53.09977218435441,35478,350
53.817556474681496,164605,350
54.12475452938026,2154194,350
54.16601030141653,166490,350
54.47460070812361,18050,350
54.642966799134584,629129,350
54.676830369555034,27972,350
54.757374519592275,292752,350
55.77973910582616,137654,350
55.89824712336054,1545634,350
55.97415620362339,21268,350
56.104775608270884,48364,350
56.71282101262968,382492,350
57.03306694691579,130651,350
57.0912155026205,42493,350
57.0936065093361,165563,350
57.22243695509139,22586,350
57.266738999443895,20137,350
57.874816082384584,142307,350
57.90616555185423,27319,350
58.10741337250435,31109,350
58.40668615702547,92227,350
59.25080539051277,282826,350
59.33624014239172,695002,350
59.84676364230728,116063,350
60.071372281134394,268311,350
60.58020170526756,40119,350
60.68553407820191,71138,350
60.78340731036198,30169,350
60.85775231786354,112518,350
61.16478079489605,1002204,350
61.35584744492407,140210,350
61.61057665447263,635169,350
61.98787911767418,33598,350
62.32731365796655,30017,350
62.63475433050908,174772,350
63.04615069513923,165144,350
63.05627917262319,126119,350
63.49890854141328,48364,350
63.8813824463025,18050,350
64.0104010178097,174735,350
64.08090906390665,59374,350
64.28991330380656,249249,350
64.88570617031792,3364519,350
64.98156736548329,22355,350
65.40312302373387,31195,350
66.2763753439265,39977,350
66.39367671766018,148251,350
67.65919794140426,1002204,350
67.67696146573532,546874,350
67.6878982232728,165563,350
68.23416549506867,175299,350
68.42398554075982,351856,350
68.60223439409668,2253483,350
69.17846300923907,166964,350
69.9064040994326,1545966,350
70.14883892370582,240169,350
70.76841403812243,31109,350
71.06561105201722,24140,350
71.21310015878105,3150519,350
71.28465678132278,163193,350
71.68958773602667,60529,350
72.31925939593742,86355,350
73.10452026795576,28890,350
73.19334692895025,2173451,350
73.49505271826314,166584,350
73.64602431553658,34327,350
74.14953267429577,173767,350
74.21444869309914,117521,350
74.23178589452867,49203,350
74.33793709961405,22411,350
74.35871955969716,36901,350
74.49727947120378,14494,350
74.64077359125612,4270809,350
74.67412335366166,49203,350
75.58213225861354,213438,350
75.67100882717332,27972,350
76.02299936442829,132995,350
76.08203482699582,116080,350
76.23167216704978,30316,350
76.2582144357805,92201,350
76.29287383900483,31109,350
76.29615361424338,196623,350
76.7712615735708,2461162,350
76.87574826061147,112567,350
77.07946370716087,24140,350
77.33503620413987,62334,350
77.38792238941011,285739,350
78.25061267445263,70889,350
78.41139042752097,104033,350
78.43355961263602,287670,350
78.46533723948892,2875027,350
78.61131762330204,30889,350
78.64866795915097,293350,350
78.7446463544677,181656,350
78.96327422863534,112369,350
78.97547925978485,238835,350
79.08103654052661,4063051,350
79.54276835177515,268311,350
79.56468650171065,22752,350
79.8500859058524,34024,350
79.86492997819163,11840,350
80.65260903069664,32738,350
80.72737252575021,22752,350
80.7994554981006,144764,350
81.12007521166777,112424,350
81.7845948885892,25735,350
82.72216457369649,124431,350
83.12855463024997,20427,350
83.63667569785079,2242798,350
83.95927753834724,79322,350
84.01590594428221,48812,350
84.35874494723092,2253483,350
84.40782738664645,28339,350
84.69875759310776,207682,350
84.92442167440552,498014,350
85.02958766596316,142307,350
85.23845362604033,46580,350
85.50382251932662,150256,350
85.57197453593953,2067699,350
85.69494007012042,112567,350
85.81927188315665,48364,350
85.85233795849942,2154194,350
85.93752783046024,21003,350
86.23931067558327,298003,350
86.59080930649087,533994,350
86.75961198817005,86649,350
86.93606481689527,206100,350
87.05308222270182,1214326,350
87.39620549001545,27990,350
87.5156886112162,30889,350
87.79750282633971,70995,350
87.98577092112522,157201,350
88.16232417261048,79212,350
89.00739943439252,345995,350
89.6382387589524,247752,350
89.91881171527469,155609,350
90.26966619406845,17575,350
90.313186817093,34327,350
90.44951141276461,121029,350
90.83265686362199,28573,350
91.13354251225572,500128,350
91.20316465270834,142277,350
92.1166480309897,377008,350
92.12793613900023,48364,350
92.45539607534768,166490,350
92.48375714108873,174815,350
93.2064920935812,144764,350
93.23195655731044,254710,350
93.68832710563403,47554,350
93.74158453505694,31285,350
95.07703482006303,32738,350
95.24706019637681,4823251,350
95.59243866634272,143781,350
95.88049431349093,13302,350
96.0775215142913,4270809,350
96.5016479587185,379225,350
96.7192987662044,142883,350
97.52535838613784,150316,350
97.54331306662881,28460,350
99.11944997079802,151085,350
99.36293248575156,180936,350
99.44964992075606,28873,350
99.6221683342464,54519,350
99.98777123704622,46931,350
100.28095267280287,539277,350
100.89492523416072,34024,350
101.56426000115678,27319,350
101.84236198859895,23168,350
102.30539608867947,33893,350
102.50309482732132,1546006,350
102.53692318314249,52080,350
102.69688981890037,32075,350
102.78336443045269,31876,350
103.36332566389186,27753,350
103.43065020607791,59256,350
103.80538474965864,43146,350
104.47385926599853,47102,350
104.51322996190304,29063,350
104.79245259003919,143673,350
105.55963805752245,546874,350
105.71140039979586,417340,350
105.85615354452938,2612782,350
106.05146022021322,471679,350
106.11203225933112,66472,350
106.1649983934588,144764,350
107.07883706693632,24037,350
107.7850076379107,113221,350
107.95819801138745,3364519,350
108.05334213142636,19987,350
108.44868310946606,464480,350
109.7274756307862,111061,350
110.36491451178898,112596,350
110.50788022766432,26594,350
110.70265742763073,26259,350
111.02486752652278,35478,350
111.2456977437821,166964,350
111.34101205950886,77479,350
111.43546862068285,13302,350
111.75402706418451,129471,350
112.78138189582481,179901,350
112.83775665964602,188910,350
113.18752540902443,40626,350
113.95949065274564,91879,350
113.96323708630703,164605,350
114.12460947588329,22586,350
114.52106158598829,24291,350
115.18971250185209,213438,350
116.01835806707103,34513,350
116.11659603263502,450571,350
116.13735713578039,14372,350
116.23776232357599,102411,350
116.47568323142958,155609,350
116.55355988643711,49756,350
116.6798551228592,80562,350
117.09719933050214,143290,350
117.10236780235282,1214326,350
117.62487951782995,157201,350
117.63109839466816,166584,350
117.91273026883866,434292,350
117.930098737275,1545766,350
118.0242310856546,488058,350
118.19602775526971,1247478,350
118.83582052188818,164605,350
118.89929775524874,323992,350
120.04221367494797,32400,350
120.68285723237629,44227,350
120.70615494126156,140114,350
120.70878272136879,1546006,350
120.75871909532536,288767,350
121.04537845847686,112202,350
122.85981953152341,151102,350
122.96428867396494,21431,350
123.37536194203003,539277,350
123.40003267346223,5747480,350
123.8592706602245,142883,350
124.44402095199558,62334,350
125.09608103157301,4823251,350
125.7580801356104,116063,350
126.24204887939715,27307,350
126.26698787358558,254710,350
126.50936684232062,70995,350
126.63770158674758,112567,350
126.77548644557265,323978,350
127.43243179558286,162715,350
128.06628826098975,195266,350
128.41022782414439,86355,350
128.4842172417572,79212,350
128.8084643375251,1047235,350
128.89300275947153,70889,350
129.32963235356596,20892,350
129.38653188016661,223520,350
129.73469770608278,288767,350
129.8744830142857,92894,350
129.9022742931461,20657,350
130.30817953145674,143012,350
130.34551506710645,34024,350
131.6022865216128,17575,350
131.7960687584592,539277,350
131.90051589249683,32274,350
131.9591754955277,30169,350
132.17372616757004,2461162,350
132.58287730625509,18694,350
133.1052881578576,128517,350
133.3638295217859,31109,350
134.3601998758026,19987,350
134.81655391875182,118330,350
134.86903550294338,207682,350
135.8208330310105,86649,350
135.93961082627604,308717,350
136.93960514403904,160489,350
137.03084931352265,112369,350
137.18551149258298,202606,350
137.5226241785819,116071,350
137.5442957491952,88343,350
138.31900846939448,62570,350
138.45095636997206,11840,350
138.52721666526742,110659,350
138.5450716631666,117521,350
138.55256355621862,17592,350
138.5611379753981,60529,350
138.67328872734424,56146,350
138.7806819893444,635271,350
139.08084758373087,496383,350
139.75438111106695,66472,350
140.09925589699665,14372,350
140.41997918714122,66472,350
140.58287328339685,112424,350
140.8675853795464,111061,350
141.10306326342024,26259,350
141.11885490215934,139122,350
141.1978901733951,323956,350
141.27414467008242,113235,350
141.29675016900904,155587,350
141.43128724187298,91879,350
141.44873273648003,46580,350
141.89117507546848,35160,350
142.34404725950046,33598,350
142.37573394170798,26259,350
142.40107880223943,164605,350
143.3215884747688,112369,350
143.4138556037123,19987,350
143.62107241387113,104785,350
143.80187348184293,52184,350
144.17635416370786,140114,350
144.48122067526015,194356,350
145.1543072908086,49203,350
145.20975218520482,282826,350
145.51345983751855,1545634,350
145.63985940862898,20578,350
145.850101045592,92223,350
147.0690770338456,27327,350
147.2282392112411,247868,350
147.57502015534203,632241,350
147.76331095952116,196623,350
147.82108647682273,173549,350
147.82686208497324,346818,350
148.2856080980024,55541,350
148.3137343221782,71138,350
148.37145464870773,268311,350
148.63999816953324,323942,350
148.74982908097735,400918,350
148.9298019456085,323956,350
149.11383905610217,40112,350
149.12094485036957,202083,350
149.769929057675,121040,350
150.9628593605822,173745,350
151.1642016273571,158311,350
151.285689537135,2067699,350
151.95355386796314,51522,350
152.1112475122346,39977,350
152.39755615714424,196032,350
153.00604477292842,20602,350
153.1327395070513,46490,350
153.69914177633228,28573,350
154.03540619171193,104033,350
154.3372918966262,142318,350
154.85658118618719,53926,350
154.86088056252748,148251,350
154.97068108416107,89004,350
155.03701887787366,141846,350
155.13367750446946,163193,350
155.25785814252976,4063051,350
155.33357638393193,345995,350
155.50894468488733,21431,350
155.61275362716515,1002204,350
155.77773663681631,243929,350
155.96915773167763,539276,350
156.04887823508042,574826,350
156.33423353027635,276196,350
156.6800620858914,151176,350
157.1382145488276,2253483,350
157.20576482848278,417340,350
157.49752984194933,210699,350
157.90105031242723,632241,350
157.9150683039795,150914,350
158.08280405922235,26259,350
158.36241198189387,160489,350
158.44994918415625,92223,350
158.99067558445628,155254,350
159.37161717625676,165144,350
159.42742606232605,29063,350
159.60295255305394,283699,350
160.58910888006946,2173451,350
160.82378223684992,1915777,350
161.2419944058574,55541,350
161.96959881374966,1521576,350
162.1439815275955,34327,350
162.17252902752315,20602,350
162.24549526345064,13302,350
162.44059761879817,1131859,350
162.61318631871535,71138,350
162.85177711154668,282826,350
163.23962526885427,196032,350
163.68677950095818,33598,350
164.0003756189971,323956,350
164.84165667522316,34605,350
165.90492487123723,27333,350
166.28877312112536,35160,350
166.86131829206283,102422,350
167.0128283893887,632241,350
167.05525038247,181744,350
167.3028014894214,1480148,350
168.0646572532081,22411,350
168.11172074546164,213110,350
168.2405646318589,323988,350
168.5341446093902,165144,350
168.7030586076958,155525,350
168.71881834603488,16634,350
169.94094165210265,4270809,350
170.1694954659448,137219,350
170.25541671094106,51522,350
170.40181177240987,11840,350
170.41047770045074,46478,350
170.64726649304217,53860,350
171.1313420773613,274862,350
171.36871387978002,42799,350
171.80546530287393,116080,350
172.00414215077328,17575,350
172.43261800451626,357795,350
172.64056138215298,155254,350
172.94128292890392,766247,350
173.50672697464353,143164,350
174.7984887141349,188910,350
174.9567438210799,128517,350
175.9700362490556,45851,350
176.00299108391596,539276,350
176.2702026408122,88158,350
176.47682778540636,54519,350
176.73061791702602,26003,350
177.27385483586392,35368,350
177.4191023294467,104033,350
178.65481803951582,946816,350
178.88835914596322,217079,350
179.31833976980937,16581,350
179.5799350410699,546874,350
179.79672621520834,1214326,350
179.96593567526884,155188,350
179.973104868804,52080,350
181.12866852240305,135456,350
181.43506035281905,53860,350
182.24681047614789,54519,350
183.4362012905623,199475,350
183.8918504990359,28929,350
184.03278557643273,24291,350
184.21931399562735,12115,350
184.24862855083404,144764,350
184.94577261132446,59256,350
185.29151314614307,206823,350
186.09962836186537,28573,350
186.81230331805037,22357,350
186.82437706708959,158311,350
187.3434465234101,464480,350
187.38637827946334,22355,350
187.40885708365585,20137,350
187.74311352041263,61250,350
187.92212391786035,323935,350
188.3855230030848,152652,350
189.34752148169053,1545634,350
189.50934208205652,168539,350
189.78103670184734,617656,350
189.78195624267693,108256,350
189.8499428654892,53926,350
190.1797306697109,65594,350
190.18340688285195,213483,350
190.49163021419457,899024,350
190.78358564131076,52184,350
190.81220624289938,21268,350
191.57695130538,247868,350
192.00389689946383,116071,350
192.70885829975143,539277,350
192.75774340053226,16495,350
193.17044869412877,27333,350
193.29406842119292,285739,350
194.18978548668858,2461162,350
194.3852280319069,112518,350
194.66876794915393,35160,350
194.7645977581114,61166,350
194.95382928622584,61089,350
195.36376026703118,822685,350
195.67640225135239,21050,350
195.68052129147787,148617,350
195.69106455910543,1729658,350
195.87117446840287,112369,350
196.31431656958762,323980,350
196.58901050596015,1545939,350
196.64798947811173,36901,350
197.12542489380138,65610,350
198.11740139107124,150256,350
198.2381199091633,1247478,350
198.42942032502881,139122,350
198.60274550509402,184026,350
198.70489454514268,164212,350
198.83001029950051,323956,350
198.93516743398484,14372,350
198.99477058828396,279862,350
199.0123667996636,13302,350
199.11156467174365,238835,350
199.74997719202116,196623,350
199.86426065816735,1545966,350
199.94367027534474,629129,350
200.40092152957533,55541,350
200.55309699935032,1373836,350
200.9740854828933,86355,350
201.31587358108894,382492,350
201.65767081630963,247752,350
201.76471631450548,41547,350
202.01596118813183,86355,350
202.86988263977756,56146,350
203.26932931455636,74248,350
203.62857571039152,113221,350
203.80661365939713,121040,350
204.1498106820979,89353,350
204.36547222272426,124431,350
204.41829520036205,66471,350
204.52259478259916,99555,350
204.57286726298054,21050,350
204.89467078118938,30316,350
204.92436170445535,32274,350
204.95163153057143,22357,350
205.01510902275166,27327,350
205.1550806947115,27990,350
205.20681216587926,112541,350
205.59270654140352,464480,350
205.82030578302346,71141,350
207.3244943088646,342342,350
208.32854248190176,308717,350
208.53950628982417,110659,350
208.72665522858117,212646,350
208.7618710683122,496383,350
209.24682021906656,92227,350
210.2839928222679,417340,350
210.47769726415908,20602,350
210.94240352281227,99555,350
210.94855295522504,283988,350
213.1213462620506,143781,350
213.152575601504,107487,350
213.597244360279,293350,350
213.61327393005524,150211,350
213.71435560073752,143673,350
213.8323218285803,67532,350
214.14360798318583,66743,350
214.16319270532358,21003,350
214.29541316325518,46931,350
214.3667313389226,379225,350
214.40245989054154,65610,350
214.8978453813396,157201,350
215.03933161436794,736462,350
215.06816426716009,22357,350
215.23671352580354,1563064,350
215.2943329998761,202606,350
215.29465795452344,92201,350
215.32702542862572,59256,350
215.67854072401272,40119,350
215.67905136598614,132844,350
215.81942846094265,128070,350
216.02544305302843,361723,350
216.11325941135138,59374,350
216.34998430617927,27327,350
216.88745554857744,113234,350
217.07154845586237,14372,350
217.24428464331632,379225,350
217.2888868995462,46537,350
217.4746767579382,629129,350
218.1567799634637,323988,350
218.3282611336717,2242798,350
218.54266831747825,26259,350
219.38868231754358,213438,350
219.50622381006252,155587,350
219.51948783719837,121039,350
220.13742555658635,179901,350
220.34069806701706,27293,350
220.3827329344094,31286,350
220.40854388218634,1247478,350
220.60499630366132,142307,350
221.06662245508105,4270809,350
221.07575191645105,202606,350
221.0971662285403,144180,350
221.13000310831723,21003,350
221.17998737123847,127041,350
221.4733760702423,77479,350
221.48999162235998,16581,350
222.05119268801522,126119,350
222.79192998478086,94846,350
224.2614891660073,56878,350
224.26437051162264,80562,350
224.3280364823345,41999,350
224.5439860561109,238835,350
224.56454649089548,34502,350
225.77466874746182,40119,350
226.7617707435741,60529,350
226.96286023126055,116063,350
227.55046905766523,20578,350
228.15994152469494,173745,350
228.3820402572408,66504,350
228.52579562709766,187384,350
229.11603069859373,67532,350
229.29205781898796,108256,350
230.02225433191884,179901,350
230.31959996422785,417340,350
230.52094142422962,170037,350
230.66800226204208,35478,350
230.7687274356798,166490,350
230.83359703740766,52184,350
230.836724421205,118927,350
230.92806944407232,1729658,350
230.9334471658393,1545939,350
231.00706356000495,323992,350
231.97960628489193,25507,350
232.7070320881305,135830,350
233.41412447021904,26259,350
233.5318827830808,202606,350
234.40937627151,14372,350
234.74738475677933,464480,350
234.76059527383367,21017,350
234.83776006893822,15936,350
235.15578496563688,56878,350
235.20790659927852,496383,350
235.242789012736,139400,350
235.66355284385546,427772,350
235.66530788925226,42799,350
235.67568142106683,174772,350
236.2492294439093,32738,350
236.35206008790684,213438,350
237.14310665087925,155587,350
237.59537449279583,13429,350
237.93331897691172,28339,350
238.05915160291633,113258,350
238.1098225789281,41999,350
238.13264823145815,282826,350
238.55451087987473,765830,350
238.58540813875484,22760,350
238.64549179392483,165144,350
238.87123253487746,21229,350
238.8828469986229,357795,350
239.20035811083474,459249,350
239.22012089387596,88158,350
239.2802111333069,164212,350
239.30442334458132,279862,350
239.991634848301,1545766,350
241.04635457591704,151085,350
241.43308852300675,70889,350
241.77862684890087,197941,350
241.86427079917883,102411,350
242.19649717733523,53187,350
242.54449709807213,52080,350
242.96505882910807,46470,350
243.43680555095767,134643,350
243.92476340455377,46931,350
243.9305292899436,13429,350
244.27639636042085,121029,350
244.56400582764914,34605,350
245.17046311053966,18159,350
245.20754269758254,139122,350
245.53787027674514,18694,350
245.72616866068702,110690,350
245.91901858250318,23771,350
245.96685741175094,287670,350
246.39126623725045,240169,350
246.59986497521663,124431,350
246.63195720390272,32075,350
248.82921451069672,56878,350
249.1042475904125,168539,350
249.25477221680353,40626,350
250.2138615591367,35368,350
250.76287961021805,13302,350
251.21745995223998,104524,350
251.23863770319502,76626,350
251.5692943241651,822685,350
252.21190747339978,146374,350
252.41387783463347,32400,350
252.84358927346688,4063156,350
252.93934943910702,27990,350
252.98337834237554,174772,350
253.6199587532489,27319,350
253.78050583137298,53926,350
253.99091483460438,946816,350
254.09689914046825,112518,350
254.30045700202217,382492,350
254.40330114809248,71877,350
254.41997017602162,112567,350
255.00645029682627,110690,350
255.06151209410848,129471,350
255.1745748824033,188910,350
255.74638967592128,123868,350
256.06876818765824,241740,350
256.3252580320605,219434,350
256.9642258911933,196032,350
257.01682814870964,32242,350
257.2133443875218,139400,350
257.39848984893564,196032,350
258.42590418763933,162715,350
258.9335966067861,1545966,350
258.9984700001023,531817,350
259.0476540952381,13084,350
259.18386218313697,121029,350
259.2482731829394,113218,350
259.38582123154976,187384,350
259.419068322043,112369,350
259.6833088160642,21061,350
259.7489694502715,488058,350
259.8207742111014,142553,350
261.0004721479689,382492,350
261.49832092613866,27972,350
262.1279300960952,97294,350
262.1472193529148,76626,350
262.23712128034765,174735,350
262.3747436846753,40112,350
262.88924823796503,99555,350
263.1677031497906,24140,350
263.1695274127222,3442901,350
263.268567700487,353012,350
263.76505066870214,18714,350
265.4341789453086,71877,350
265.5585389962673,164212,350
265.74301743560204,143733,350
266.0170742329233,27990,350
266.2015062884396,148617,350
266.6906316789583,34605,350
267.34179686281885,39977,350
267.40379547590476,184026,350
267.6369110709338,500128,350
267.66961345756295,102411,350
267.72122257711186,91879,350
267.90759870538096,147224,350
268.0157856306837,16495,350
268.0425749829232,254710,350
268.26288754381596,18714,350
268.65733015057117,22752,350
269.04215313746226,274862,350
269.1534680390476,587293,350
269.3807193915478,31285,350
269.4460351580779,97501,350
269.5231684231219,118927,350
269.6374856874496,1545718,350
270.47497489762173,2461162,350
270.6327582619621,28873,350
270.89223875648327,533994,350
271.11770155178374,500128,350
271.5227840078733,5747480,350
272.3812931967619,15936,350
272.5060627279229,450571,350
272.8928200890674,255501,350
273.01177734568057,30522,350
273.619687288777,18159,350
273.6636534300212,464480,350
273.7064125448459,2461162,350
273.9268412463891,292752,350
273.951974976722,128517,350
274.04703399145666,44227,350
274.27673952845817,165144,350
274.3659793710895,155587,350
275.1438104248743,112202,350
275.3739992689525,21017,350
275.5642581099974,70995,350
275.7832490274967,946816,350
276.1563107802288,26259,350
276.2625137920366,19621,350
276.67741943191965,17592,350
277.42734271589904,33598,350
278.0276554734092,5747480,350
278.24029609095413,377008,350
278.3119231216297,32400,350
278.4083580930323,97501,350
278.8813874504298,27990,350
279.15328177174956,3150519,350
279.26943462163985,40436,350
279.27880982377377,18485,350
279.85807305100656,113229,350
279.90685771981464,1373836,350
280.0826682946695,127041,350
280.1750702670037,46242,350
280.2985247826922,60529,350
280.32229406232483,574826,350
280.4202711592028,202091,350
281.157151025133,62334,350
281.33491070923134,2612782,350
281.5067255827637,155602,350
281.7675851731127,30522,350
281.8958343911108,822685,350
282.0122348018281,196623,350
282.0180082875668,20427,350
282.4786440135428,13302,350
282.8350063874577,574826,350
282.98424357144677,1521576,350
283.2732950732853,2875027,350
283.4227982905443,93169,350
283.4588927761151,323956,350
283.50490446265076,104033,350
284.4870668541968,319223,350
284.860021421939,67839,350
284.9914819037461,13256,350
285.40831226393277,531817,350
285.62156031912855,34327,350
286.0753960306816,238835,350
286.3982137894627,323978,350
286.81292782402596,202091,350
286.81461650060555,110659,350
288.08099879771277,27990,350
288.09498435575233,21050,350
288.2417481607425,195266,350
288.28063508275636,102411,350
288.3442298974853,164605,350
288.4988942398946,24140,350
288.6284573723189,233736,350
289.47844298038103,206823,350
289.62152843173254,28714,350
290.5062594969201,28573,350
290.7630447053748,86649,350
290.90961988628527,4063051,350
291.17847758537266,108256,350
291.43302354613,121043,350
291.5207499097193,67532,350
291.6064179081763,104033,350
292.2808939767229,22760,350
292.3043118586972,166490,350
292.5170302352725,27990,350
293.41496429361507,217079,350
293.527233347444,539276,350
294.02182875580803,13429,350
294.1311378386819,76626,350
295.05032610492907,206590,350
295.0944871624473,1521576,350
295.25030119437855,498014,350
295.4618753130203,65594,350
295.8642406059733,36901,350
296.1164744842188,247752,350
296.5680137511434,52184,350
296.6130364685107,157573,350
297.08229454160823,353012,350
297.8054654062521,450571,350
298.2273251608544,212646,350
298.34061764751664,26259,350
298.40760852463666,142307,350
298.50090408869147,323978,350
298.5385061058264,83658,350
298.8603174048937,71138,350
299.09494434947277,4063156,350
299.32989831819737,128070,350
299.6147147333992,23659,350
300.2886078518321,88158,350
300.30870179706596,459989,350
300.45853690183355,41952,350
300.5313435573243,113234,350
300.89669183909564,167856,350
301.52138397245284,140210,350
301.62106678419093,27333,350
301.80555467723605,94846,350
301.81969677663113,32738,350
302.00635433084403,90454,350
302.1151399562762,276283,350
302.40039089645,118330,350
302.59738348715314,33893,350
303.07199344723773,155254,350
303.23476265047486,14372,350
303.422111649863,51522,350
303.97240948869324,94274,350
304.14257796088816,500128,350
304.4333913723656,42799,350
304.50787107180804,130651,350
304.9259404558332,26259,350
305.22984898678055,282826,350
305.54554572889793,155525,350
305.87747973349997,61250,350
306.15445905069157,2875027,350
306.1783208666475,46473,350
306.2863157104779,35287,350
306.90256883395915,30796,350
307.4179173995738,308717,350
307.923675111578,46473,350
308.786647710319,49203,350
309.03329021656197,42493,350
309.2619114120116,91088,350
309.4658662883554,345995,350
309.48564726192797,1430037,350
309.7021309922941,946816,350
310.0927076595289,42493,350
310.1897703080646,533994,350
310.8472158624961,279386,350
311.1430975297299,3442901,350
311.4951760497824,21214,350
311.7715483523585,28856,350
312.2731997618619,539276,350
312.45536097601115,58480,350
312.68518945227765,21268,350
312.76594104981694,126119,350
312.9786197184432,47558,350
313.05859202924626,20427,350
313.58970387709127,34024,350
313.84036696228236,802866,350
314.08718418879073,4063156,350
314.5581269697251,21229,350
314.6313397220091,31876,350
314.7076772028322,80562,350
315.614764506449,202606,350
315.8849483363083,2242798,350
316.1342429692738,27307,350
316.13911496514385,31876,350
316.28516033825673,1545966,350
316.9643927567441,43146,350
317.4561498710594,285739,350
317.606326463537,186618,350
317.9166612537484,70995,350
318.0537437582799,1430037,350
318.23134884695503,97294,350
318.3592167480669,121040,350
318.431755321871,1915777,350
318.6638456505076,166964,350
318.86189776756726,104033,350
319.7662549210856,946816,350
319.8004679311171,539476,350
319.9763921861077,179901,350
320.4009517604812,19621,350
320.6149867451676,181744,350
321.39505482865576,1546006,350
321.53808026195486,2067699,350
321.5866757976814,498014,350
322.21958508442856,33598,350
322.24039589865686,16495,350
322.4045369062892,4063051,350
322.52717717635323,99555,350
322.7980227291605,24140,350
323.18014527323066,40119,350
323.36865023488576,36774,350
323.922962392583,147224,350
323.93686112455697,23771,350
324.05197339491923,533994,350
324.308819558991,21431,350
324.44888469606565,345995,350
324.4946159469909,91088,350
324.5619801017153,201924,350
324.71068780903903,81184,350
324.83446274298944,111061,350
325.2192226425864,32242,350
325.5676327099846,49756,350
325.8971615548077,70889,350
326.18313837424796,173745,350
326.59411313824825,323978,350
327.46413947704383,587293,350
327.56681388005774,573499,350
328.20044481687,16581,350
328.20488222067075,1563064,350
329.0985158310144,77479,350
329.12959468526304,496383,350
329.16468721539115,531817,350
329.3322911904834,274862,350
329.3812997583435,1373836,350
329.3849308753274,28339,350
329.38495182419734,174741,350
329.483273231358,27307,350
329.99722108837284,146374,350
330.03504325205967,357795,350
330.305159412536,30796,350
330.8127118725447,16634,350
330.876727960046,116036,350
330.9771005919371,241740,350
332.46632281370563,286160,350
332.8211436730533,113258,350
333.03357400273876,32122,350
333.5811269190863,1430037,350
333.61318452908813,129471,350
334.06835383791815,18694,350
334.470330579356,22752,350
334.6035696109106,29063,350
334.7105334107492,20892,350
334.9526981671722,21229,350
335.3797497410217,264209,350
335.8521284126801,213438,350
336.5169710149081,144764,350
336.57614018862284,323935,350
336.6575893225926,41999,350
337.05519797611726,44227,350
337.1144962767518,323956,350
337.11714753006436,61166,350
337.1872169666007,71141,350
337.29377508387444,42493,350
337.40110053857086,3364519,350
337.73206325501144,174815,350
338.0305453261347,268311,350
338.2049055387421,268311,350
338.58708420614886,123868,350
338.7844903088774,29063,350
339.09251669010973,104524,350
340.01763374472665,46473,350
340.4337221468772,165563,350
340.52608712764584,400918,350
340.57655663654936,212646,350
341.41294348333315,217079,350
341.73047024463324,155188,350
342.25573352557564,181744,350
342.5116519472943,652448,350
342.7683415739961,695002,350
344.8877444960075,151102,350
345.61767850191745,379225,350
345.63711794326656,46537,350
345.69276717390386,36632,350
345.8244150061664,287670,350
345.94952007297576,695002,350
346.00730708371697,346818,350
346.33317789547266,48364,350
346.496566122989,93928,350
347.13491417419993,30017,350
347.26319732318365,1545966,350
347.4825497208095,17575,350
347.64350166321213,276283,350
347.9560906210982,143781,350
348.04105590888327,2067699,350
348.561174663232,22355,350
349.56705594224286,30889,350
349.58738625001376,126119,350
349.58866847999167,110690,350
349.7451261441557,35287,350
349.9724648218719,224234,350
350.3539553867145,361723,350
350.51106590330664,3150519,350
350.6941886130648,459989,350
350.9675886191063,42493,350
351.115563398359,140114,350
352.1196738296169,35478,350
352.1392888586075,635271,350
352.17467306429404,157573,350
352.39406755290116,112567,350
352.48515225156615,323956,350
352.9937755452418,46931,350
353.11923394026286,264209,350
353.1864998960256,32122,350
353.2384481188216,127041,350
353.5231025300456,55541,350
353.5756334788561,112369,350
353.7421490187064,36632,350
354.07840698996154,163193,350
354.4580030938474,155254,350
354.5990126698766,42493,350
354.61288419357317,66471,350
354.7455747915631,3364519,350
354.90533159161214,79212,350
355.08740079503167,2067699,350
355.16768160288916,377008,350
356.4049246293711,27333,350
356.8120523857672,35478,350
356.8396299025687,123868,350
356.8645260932287,163193,350
357.04027976154333,70995,350
357.5112915844339,27293,350
357.5367834943855,144180,350
358.01147323997736,27333,350
358.326373740344,28339,350
358.81737609227207,231235,350
359.325905214479,254710,350
359.7338185279164,157201,350
360.0120731034452,547387,350
360.6277353863939,108256,350
360.9218933883035,88343,350
361.1724667882283,28929,350
361.39317324826226,174815,350
361.8050467672197,104785,350
361.9076143527137,49756,350
363.1704155406694,195266,350
363.6438254599599,112541,350
363.69648290394196,143290,350
364.0698942830293,53926,350
364.45786631145285,164212,350
364.49645865178655,51013,350
364.6614063491699,148251,350
364.7621378481267,66472,350
364.82135612220395,166584,350
364.90814801028347,181744,350
365.3109208273547,66504,350
365.51806941688204,139400,350
365.62063545544345,28573,350
365.68846235887406,55163,350
366.2186989078925,86649,350
366.4000420938997,143781,350
366.75547423758746,2173451,350
366.9189180609352,112202,350
367.0067631626444,92227,350
367.4188590199333,112541,350
367.6315728123239,71141,350
367.935729199055,142883,350
368.49205885603743,46580,350
369.2493829046763,500128,350
369.62429995101945,22411,350
369.9114319580984,40626,350
370.3794743862957,323924,350
370.47469168975744,46490,350
370.5890345620977,15990,350
370.9744489629919,105748,350
371.08804762537045,58480,350
371.1999001171117,1729658,350
371.8253387993223,46931,350
372.32294223040145,22752,350
372.44015296182016,27753,350
372.6183900566282,128070,350
373.1311616079596,142277,350
373.1601752368769,36632,350
373.53543568658193,102411,350
373.5906223108853,31876,350
374.1652149765548,51013,350
374.3537314452135,43146,350
374.4053499479868,213438,350
374.4054923679802,170037,350
374.41504296604177,11840,350
374.53178036181316,765830,350
374.9840020455131,58480,350
374.994635593979,61089,350
375.3879951799816,15936,350
376.04606166630884,29063,350
376.1722253817455,112202,350
376.56556630897205,18714,350
376.5703913098843,41583,350
376.6085964854181,55163,350
376.69264744899465,25507,350
376.8556412191395,488058,350
377.2198193955081,99555,350
377.73144429555595,56146,350
377.8713541961953,155602,350
378.0829629151359,417340,350
379.2638968697095,736462,350
379.4970500490706,155587,350
379.6536802870443,206823,350
380.16073262846254,16495,350
381.7666264554537,323942,350
381.92533163187596,206100,350
382.2499036715902,32400,350
382.97392722069424,26259,350
383.10544580627857,99555,350
383.27859233989864,41999,350
383.50748235053413,268311,350
383.7595389231541,90106,350
384.1530981069891,546874,350
384.5062232807273,34502,350
384.66677574164675,164605,350
385.4220916062265,4270809,350
385.5894631505085,89004,350
385.66860105680706,1247478,350
385.95599646198383,4270809,350
386.49569282941144,4063051,350
386.58767176344156,434292,350
386.850877078727,97501,350
386.968368789402,22411,350
386.9780551392619,120792,350
387.05986154054784,34024,350
387.40425045755933,288767,350
387.81758322846866,32122,350
387.895471403593,279386,350
388.1881526604088,67532,350
388.3531353197114,174897,350
388.6262236806809,28890,350
388.63767771933425,102411,350
388.6839450226556,28460,350
388.74776933046036,802866,350
388.84839728120716,35160,350
389.00950090527834,121039,350
389.1771264860233,188910,350
389.3411771723872,112202,350
389.38224922082304,28856,350
390.23229878180354,323956,350
390.3556282204229,450571,350
390.5918107992738,18685,350
391.1754115915776,427772,350
391.21567272094586,143164,350
391.4618661607031,86355,350
391.60828014028687,155609,350
392.1019514282544,146374,350
392.2957926797994,28460,350
392.4230014780638,1546006,350
392.4269259880505,323956,350
393.22163964216134,27293,350
393.25519150236164,27307,350
393.54275366316523,199475,350
393.6518770040851,31109,350
394.62104875978815,23168,350
394.67002746524344,102411,350
395.467102566005,18082,350
396.6836043346571,143012,350
396.77653508381235,21017,350
396.809368431361,342342,350
397.1219994074558,139400,350
397.21195599912534,113235,350
397.3272678756843,151176,350
397.7251505757311,573499,350
398.34843039217765,23168,350
398.6219464506633,46490,350
399.1050769644428,158311,350
399.14100327260417,70995,350
399.87747266995825,287670,350
399.91797903965204,117521,350
399.95310232962527,17575,350
400.0429095071705,142318,350
400.263343835897,66504,350
400.31701147934734,130160,350
401.0749648912606,28339,350
401.14916353663267,128070,350
401.78016457909564,496383,350
402.51446841922046,36632,350
402.68173219231556,2154194,350
403.34264051786334,268311,350
403.8322865553285,16581,350
403.9858404795678,379225,350
404.4791949546497,22205,350
404.8181614395018,500128,350
404.9156445754071,48364,350
406.0089485502895,672356,350
406.2945080503061,20137,350
406.84367422154713,587293,350
407.00959292416445,223520,350
407.32425073085375,206100,350
407.4077754442038,207682,350
407.51562211491375,66743,350
407.9374243460934,175299,350
408.53565231729084,102422,350
409.7415149419651,166490,350
409.9472666182128,121043,350
409.9559831267791,21061,350
410.00992350275345,65594,350
410.06613184609597,83658,350
411.0478222586082,194356,350
411.15770149427453,71877,350
411.2722508275786,323924,350
412.0695838454645,18694,350
412.3023734923724,240169,350
412.42927910353296,24140,350
412.4385573680802,323942,350
412.4675725717506,72968,350
412.5397189389406,201924,350
412.61856806836494,170037,350
412.7970757521876,42799,350
413.0634695809677,22586,350
413.14593031768334,46473,350
413.4009766109365,459249,350
413.565884708616,99128,350
414.0892880319479,46537,350
414.314680293833,286160,350
414.52053744072924,27990,350
414.662643993537,113229,350
414.8592329705235,323924,350
414.96654806980547,30796,350
415.051167384639,40112,350
415.3058846388305,113235,350
415.4253602204337,30522,350
415.5393747754995,241122,350
416.4784351817128,20427,350
416.8190748239922,141846,350
416.96841378972607,361723,350
417.2944619844896,28339,350
417.8237201607397,66472,350
418.9877850933601,35160,350
419.23345564029756,36901,350
419.2505138371701,488058,350
419.46127800475676,42799,350
419.48656982131587,129471,350
420.4918906564051,116063,350
420.5378542392973,120792,350
420.55885230629514,151102,350
421.2386525167169,104033,350
421.4083249017602,22411,350
421.6204901499197,97501,350
421.7926078526655,12574,350
422.5731203008414,77348,350
422.8297372885047,219434,350
423.01882505099053,104033,350
423.05214976795537,12574,350
423.9134675982068,99555,350
423.99080536097574,56146,350
424.8036524829956,142277,350
424.8181742012815,113234,350
425.418920465187,28873,350
425.5840085074851,46490,350
426.85870399964347,21003,350
427.38105604150286,92201,350
427.4190800095208,32738,350
427.4590124119051,231235,350
427.5747620543229,946816,350
428.6048906153441,46931,350
428.86890647647203,34513,350
429.128820400289,40112,350
429.65295239104125,498014,350
430.0147779867683,34327,350
430.36457328536375,427772,350
430.92884346022186,766247,350
431.1783015232089,464480,350
431.56647187716374,196623,350
431.7126713957048,175299,350
431.9342929235925,72968,350
432.2201571834209,93928,350
432.36781693158866,107487,350
432.87498631660407,47554,350
433.57556829988647,282826,350
433.62965232048856,130651,350
434.1705616092816,42799,350
434.1906933511159,18685,350
434.2599596012424,292752,350
434.50909984327905,27327,350
435.0771927678305,26259,350
436.1518843080567,112424,350
436.45858656245565,4823251,350
436.4759903929506,139122,350
436.9248619033411,70889,350
436.9930211739642,174815,350
437.06705526307707,40626,350
437.0948625837607,26259,350
437.28971240780345,36774,350
437.4083451677913,28929,350
438.0098385785424,13429,350
438.38177457615456,22205,350
438.5108904225587,126119,350
438.61756459901727,323956,350
438.8287229901765,323956,350
438.9132506474077,152652,350
438.9285272203253,113235,350
439.0582940821449,13302,350
439.14336544914363,155602,350
439.5279457944344,112541,350
439.8391311764866,174735,350
439.9150522689423,32075,350
440.50122164713304,202083,350
440.7443418594135,116071,350
441.6305360443425,293350,350
442.0681615261552,247752,350
442.7512653907835,13302,350
443.68607724474487,184026,350
443.8378137418854,243929,350
444.16157648886133,695002,350
444.21251041994077,471679,350
444.2943598933686,104524,350
444.3616244451733,2875027,350
444.5433617303525,121029,350
444.9099350571512,129471,350
445.1581472096953,61250,350
445.16655909170413,18159,350
445.23787251399125,417340,350
445.6053677447514,163775,350
445.9040685056202,18159,350
445.9979186122774,137654,350
446.10537396896257,2154194,350
446.54934477056537,17592,350
446.7649211517964,249249,350
447.0322685443156,1545634,350
447.19975629417036,71138,350
447.60072380834475,210699,350
448.2565307299764,539277,350
449.2429588918249,400918,350
449.57338164356713,242114,350
449.72536828573396,11840,350
449.77189847508384,22411,350
449.7826206238811,1563064,350
450.69188130620563,25735,350
451.08916664167367,18685,350
451.23516690207487,21431,350
451.5163930406737,298003,350
452.0719252936925,52080,350
453.21476131731396,383104,350
453.2798385517441,28856,350
453.54662166900005,155602,350
454.01471425914485,1521576,350
455.3819486159012,144764,350
455.79976327737285,652448,350
456.0869653393595,1480148,350
456.4261761513895,48364,350
456.53008226179657,132995,350
456.8677289973359,113235,350
457.45084489985334,129471,350
457.54170541656373,86649,350
458.33345719523334,227407,350
458.3658490320874,174735,350
458.5092483067733,40112,350
458.562552486682,97501,350
458.5877292047838,113258,350
459.66920282431903,1545766,350
459.76259101299695,2612782,350
459.9745815140993,150256,350
460.2636379539871,113235,350
460.3050117915122,23168,350
460.40634860253516,283988,350
460.5021667159283,166490,350
460.6117904446466,44227,350
460.80567822727176,61434,350
460.92496208774526,2875027,350
461.42065000069925,121029,350
461.6328035486086,443165,350
461.7866088131082,91879,350
461.8629088486066,62334,350
462.28529941451404,142553,350
462.4284102953575,23771,350
462.5729077603083,274862,350
463.55206168055827,139122,350
463.5694608324456,142961,350
463.7238668901625,128341,350
463.9955549863576,21229,350
464.40160098666263,202091,350
464.79071827762345,30169,350
464.8862448411597,167856,350
464.888424250042,139122,350
465.2135328446145,47558,350
465.4756097588471,202091,350
465.5027307418367,255501,350
465.7106989717325,202083,350
465.77112492515784,116063,350
465.80681077147176,1545766,350
466.057737800999,130160,350
466.3874821567384,632241,350
466.6721577913832,35160,350
466.7804284170454,2173451,350
467.0526990780879,196623,350
467.2322712374761,496383,350
467.44387637088965,30169,350
467.81832679182264,1545766,350
468.08429955417984,22586,350
468.37720502658806,899024,350
468.86012637261126,379225,350
468.99592684704646,498014,350
469.2140860547443,276283,350
469.5187763177127,155525,350
470.0422359227658,31285,350
470.12920677024846,112541,350
470.5609352491556,128341,350
470.6558200838217,71877,350
470.7726542924557,2067699,350
470.9344381640175,22357,350
470.9685921190648,443165,350
471.60324805548464,123868,350
472.1837011606313,31109,350
473.08688683427386,672356,350
473.35182505882847,99555,350
473.6858127357874,1545634,350
473.7895964503697,899024,350
473.7980431432759,144764,350
474.18889361236785,72425,350
474.2535547380472,28714,350
474.33843990965266,142277,350
475.80321676468077,112596,350
475.85200244253144,546874,350
475.87933643835595,283988,350
475.90236079030285,123868,350
476.2164113127814,353012,350
476.34795489956826,1545966,350
476.4671480101731,157201,350
476.7015062866539,20657,350
476.73299311389957,617656,350
476.7746175918143,379225,350
477.50717310194534,196623,350
478.13145829945876,53926,350
478.3754115781437,30017,350
479.096056784036,142307,350
479.119411305848,22411,350
479.35719344902213,28873,350
479.69355959739585,41999,350
480.2387453944109,53860,350
480.4917234105906,92201,350
480.7394114686334,5747480,350
480.8408392407511,178082,350
481.1644353441052,672356,350
481.20428481346084,151176,350
481.7784374198079,150316,350
481.97812700865893,151176,350
482.011791761463,118927,350
482.1169896339494,34605,350
482.3004570253688,152652,350
483.3319699988349,22752,350
483.6636112972093,13429,350
484.1254860502892,243929,350
485.4868415404494,196623,350
485.88988939027314,2612782,350
485.91222765562753,51013,350
486.2767849995719,46470,350
486.71356616550014,40626,350
486.8246167538897,22586,350
486.87669669613706,471679,350
487.1163628289577,15990,350
488.94674537878944,18685,350
489.39767108551945,88343,350
490.0001302172458,199475,350
490.43535946046916,46473,350
490.56024219131393,25507,350
490.84203497771347,168539,350
491.7042695025049,379225,350
491.8098179114547,59374,350
491.8264711849099,173549,350
494.0660788084216,12115,350
494.21308379384004,89353,350
495.57599886396054,1545634,350
495.83956524057135,247752,350
496.0824011418683,98145,350
496.39340035602225,231235,350
496.6478710710458,97501,350
497.6145183569593,162715,350
497.77388305393976,323924,350
497.82248360368766,196032,350
498.39794307030564,20137,350
498.7359442904903,25507,350
498.74640077758784,160489,350
499.0819141049066,98145,350
499.57210702880286,1214326,350
499.68426531854544,72425,350
499.839865084612,241122,350
499.87788004884567,151176,350
499.97846694382895,539277,350
500.3109352959168,323935,350
500.3201486813564,15936,350
500.7608074944902,323924,350
501.6165503736805,19987,350
501.6508116925249,164212,350
501.82217780353807,72425,350
501.8917192065453,116080,350
502.08700443790667,285739,350
502.55379891249635,92227,350
502.86839875640754,4823251,350
503.0227658239097,617656,350
503.08546066274045,202083,350
504.27304222195613,61250,350
504.3634754172205,4823251,350
504.4701690638278,56146,350
504.4716877351397,21050,350
505.78104553070443,227407,350
506.22853919608843,212646,350
506.8145517991603,141846,350
507.3845990105305,202091,350
507.5414757200296,254710,350
507.7151869625237,48364,350
508.2089490634879,148617,350
508.58698559235967,56146,350
508.61161519175545,262109,350
508.8146057179773,120792,350
509.7763433173549,107487,350
510.0484343755663,58480,350
510.34567680357645,323935,350
510.43586994262074,51013,350
511.62051394214734,61089,350
512.3403414450255,20386,350
512.5510667732244,323956,350
512.6808991855254,383104,350
512.7764724679505,92198,350
512.931366325711,17592,350
512.9804020884318,547387,350
513.0631045859459,46242,350
513.0777715612228,574826,350
513.6578093290565,118330,350
513.6836407490676,323956,350
513.6992812868468,2067699,350
514.273161195836,54519,350
514.5018698026932,116063,350
514.8823250208726,130160,350
515.3935306042004,13302,350
515.5951762642802,22357,350
515.9917446977817,165563,350
516.207969735229,116036,350
517.3238612434172,60529,350
517.8211607872594,143673,350
517.9276327612756,143733,350
518.138926041937,128070,350
518.2041491996323,155579,350
518.5781459621642,323924,350
518.6599963086855,112202,350
518.873822537965,262109,350
519.0948794776789,283699,350
519.3354356989611,635271,350
519.4193558342671,121043,350
519.6390713684713,28929,350
520.1908104939023,121040,350
520.2782853499184,135830,350
520.4040869948789,1915777,350
520.7590843048018,166584,350
520.8264130204783,4270809,350
521.719003929451,173767,350
522.1461606797275,766247,350
522.5747001232244,22586,350
522.943868078711,107487,350
523.0533641667719,140114,350
523.2326296766014,180936,350
523.4435955413495,498014,350
523.6702118019017,2173451,350
524.0778722057554,61089,350
524.188220721386,22205,350
524.3666798759733,574826,350
525.3949770493962,417340,350
526.2388394067335,76626,350
526.3441272061366,67839,350
526.6684670264378,233736,350
526.7415106221092,174815,350
526.8622753120052,167856,350
526.9773573158072,59374,350
527.2926064736864,65594,350
528.0724014174015,283988,350
528.2598868199724,26259,350
529.1504514232756,181656,350
529.8060597185971,27972,350
530.0280684987348,58480,350
530.3633604246227,60529,350
530.6454410893751,53187,350
531.1732502184793,292752,350
531.4383458313466,67532,350
531.6486711913933,28339,350
531.9182488821931,249249,350
532.1736482243257,459989,350
532.2606781946174,635271,350
532.2678779465184,30169,350
532.4168156154356,500128,350
532.5483358400004,12115,350
534.3045194223454,219434,350
534.5506216502482,16581,350
534.8114282751549,899024,350
535.1317485905314,104524,350
535.4797048103511,223520,350
535.5313785039923,672356,350
535.722608118102,36901,350
535.7471014077712,137219,350
535.7475075697848,434292,350
535.9613079756891,382492,350
537.133608167228,500128,350
537.3223409190143,243929,350
537.3439889977541,4453551,350
537.4457738995583,121043,350
537.5055719233011,20427,350
537.8858580700154,40626,350
537.9985558458527,163193,350
538.3041093402605,32738,350
538.4667981288983,24140,350
538.7703167280717,79212,350
539.0520709705137,196032,350
539.699051756881,19987,350
539.8073574408872,25735,350
539.9326335892077,158311,350
540.1232365828861,113229,350
540.3416067476265,287670,350
540.4097134185841,20386,350
540.6460152551816,28890,350
541.0380970158608,71877,350
541.1264412844666,20578,350
541.7587708918117,175299,350
542.2833805481446,288767,350
542.7691847873283,41547,350
543.1791293331548,18685,350
543.4926641844746,79322,350
543.6878335922136,233736,350
544.0113751066424,23771,350
544.5763538483095,2067699,350
544.7439792764562,766247,350
544.7977283614765,243929,350
545.7235622386903,12115,350
546.487970219827,323924,350
546.6201884902465,65610,350
546.767409648685,323988,350
547.2296003118113,42493,350
547.4021322845326,61166,350
547.5800673955969,157573,350
547.8123482806851,27307,350
547.8922458242644,18685,350
548.1369080596833,20657,350
548.2088138378849,632241,350
548.3402459749533,61166,350
548.4416763527872,99555,350
548.4655175840414,128517,350
549.0828716787333,546874,350
549.2005287689659,12115,350
549.3091524386382,170037,350
551.2515285406362,104033,350
551.5176142158871,90106,350
551.5335727187676,1002204,350
551.7009574043941,1373836,350
551.8246694244592,319223,350
552.0182147140155,2173451,350
552.0801913503112,21061,350
552.1364603686703,1545939,350
552.1648908563558,255501,350
552.545210904333,95541,350
552.5539171312537,22357,350
553.0096468801477,60529,350
553.0613792173356,52184,350
553.4885248540231,27293,350
553.8672614319158,89353,350
554.1936626400808,90454,350
554.205209734896,22205,350
554.3343159366419,308717,350
554.6486670875671,308717,350
554.65493777719,202606,350
554.7666855598388,27327,350
554.9185593599376,1214326,350
555.536825236719,128070,350
555.615628491608,60529,350
555.680574517556,147224,350
556.6863716735409,174741,350
556.8208112701092,51013,350
556.9558885952581,90106,350
557.3798918439535,18082,350
557.7412585896939,635169,350
557.9121734315274,88343,350
558.1959284473422,59256,350
558.3156628289577,56146,350
558.667011684145,3364519,350
558.7114431699648,113258,350
558.7559404471067,31876,350
558.8854454992128,22760,350
558.89071267105,202091,350
558.9676061873375,443165,350
559.1860855180981,227407,350
559.3116424981769,5747480,350
559.3550340038177,144180,350
561.1899356106678,53187,350
561.7666055501501,98145,350
561.8549065424394,72425,350
562.3960713449226,108256,350
563.1533888551119,143290,350
563.5626470607269,282826,350
563.5792792694301,471679,350
563.8248688322946,164212,350
564.0417151885833,130651,350
564.2672382463094,1545634,350
564.3024003570791,323956,350
564.6720054630975,188910,350
565.2999713855475,21431,350
565.3254090179956,155602,350
565.4185567301212,95541,350
565.4219913136664,1545939,350
565.9333573050478,1546006,350
567.3484522247501,4270809,350
567.3543730567592,27972,350
568.027038065674,173745,350
568.2002921600891,52184,350
569.0512428574087,1545766,350
570.1571151783539,155587,350
570.6339080820547,533994,350
570.6734675479029,254710,350
570.9082148955015,121043,350
570.9637903559864,12574,350
572.355467101052,71141,350
572.5439893329636,206823,350
572.6185521221349,139400,350
572.7235147710207,18082,350
573.7156197143366,18694,350
573.7495138014812,287670,350
574.135635819303,72425,350
574.7861213235251,35368,350
574.9389258353925,25735,350
575.2602503920896,94274,350
575.4994683195831,48364,350
575.6792842632607,94846,350
575.8300841901681,121039,350
575.850699655483,174897,350
575.9509266404584,150211,350
576.0081225689039,112541,350
576.186413444655,181744,350
576.5991912613849,160489,350
576.6794490349855,233736,350
576.7766997977183,40626,350
576.8922063185521,22355,350
577.3529814602811,221685,350
577.9394370607746,52080,350
577.9834360876799,147224,350
578.671108471456,35160,350
579.1229592299168,116071,350
579.151152517425,40112,350
579.4764870627716,2875027,350
579.7398957053023,46473,350
579.9586519906586,574826,350
579.9825158037571,288767,350
580.2894934528838,18685,350
580.5182598363255,382492,350
580.6105693714346,143781,350
580.7855121907814,88158,350
581.2176916553431,323935,350
581.2315391800844,41999,350
581.3924673606432,140210,350
581.9333291913614,59256,350
582.0982487658657,111061,350
582.6742059672175,35287,350
582.7268818544978,3150519,350
583.1607948785747,116063,350
583.9775885018624,121040,350
584.0225093127518,179901,350
584.5411750997886,20427,350
584.6302410000839,2253483,350
584.6662383190386,47558,350
584.6966283067954,30316,350
584.8493295905847,181744,350
584.8536186549132,92198,350
584.9363909004323,17977,350
585.089932310914,174735,350
585.2623360358157,34327,350
585.330472928913,143781,350
585.442977619163,323956,350
585.5023435967992,149956,350
585.5843103206188,126119,350
585.9365727072135,102422,350
586.0938577865296,110659,350
586.4954805657833,143290,350
586.576817366021,28573,350
586.5848324344513,22205,350
586.8116849450021,150256,350
587.1816090195047,822685,350
587.2110089171588,26259,350
587.5438581413448,240169,350
587.5799226463582,97294,350
587.6854965989662,130651,350
587.9253344966146,41583,350
587.9551567675989,1545766,350
588.2420333562578,1545939,350
588.4658257009025,217079,350
588.7811522194935,139122,350
588.8047214151636,34502,350
588.8903003138266,116080,350
589.3744310203683,20386,350
589.3814225211275,93928,350
589.8936060023063,357795,350
590.2773690587353,323935,350
590.3059081596864,143012,350
590.355170111433,80562,350
590.7971435410973,66472,350
590.9913415512691,20386,350
591.1526593055096,167856,350
591.2441807103592,196623,350
591.4124700999214,221685,350
591.5429808342427,3364519,350
591.698474381622,629129,350
592.2210318984077,19987,350
592.2312612698544,213483,350
592.8744799655583,155602,350
592.9739168489327,97294,350
593.0715338183323,202606,350
593.4043778092414,46580,350
593.9816957058158,212646,350
594.2220590863793,17575,350
594.3033776459177,1545939,350
594.3355031809474,22205,350
594.4943518834012,22205,350
594.5170651379275,34327,350
595.0773575203984,13429,350
595.1794111305422,496383,350
595.559565594594,83658,350
596.0409228115051,21003,350
596.2933402279417,56146,350
596.682547319,118330,350
596.9279904627604,23771,350
597.0530153414095,65594,350
597.423529660261,48364,350
597.7669796833712,59256,350
597.8119294835469,35287,350
598.2290650206949,28714,350
598.3613345031561,231235,350
599.1502840976768,899024,350
599.6941097671789,142318,350
599.9065590875147,196032,350
600.1819319231881,77479,350
600.2235993369914,194356,350
600.4219316820373,249249,350
600.5938849088453,118330,350
600.7292325756616,288767,350
600.9098093067969,531817,350
602.1292683271924,187384,350
602.1735374156731,144180,350
602.2000385846286,27319,350
602.376617687315,16495,350
602.4944813117806,285739,350
602.7994744347803,243929,350
602.8820593517607,86355,350
603.4519520826491,231235,350
603.9349751541538,539276,350
603.9960607231554,22760,350
604.0356859296053,112369,350
604.3687325360587,180936,350
604.3786662872403,17575,350
604.4687562437808,13256,350
605.0596241907447,164605,350
605.099852041086,254710,350
605.3531995915066,13302,350
605.5365264840252,262109,350
606.5146291806783,40119,350
606.6488151880662,443165,350
607.1475639858517,137219,350
607.8414696284823,28573,350
607.8895279035559,155602,350
608.0806145988759,150914,350
608.299658441629,21268,350
608.4884774266242,427772,350
609.0019314934792,217079,350
609.0169221097309,24037,350
609.0961908168894,129471,350
609.1583701436724,174815,350
609.1842337062141,13429,350
609.2604632526246,285739,350
609.3724044965776,18694,350
609.4876822009486,206100,350
609.4968488822736,41583,350
609.7108899592009,60529,350
609.7617567790094,2173451,350
609.9172834784342,174772,350
610.1093592116408,1214326,350
610.3753381022623,26003,350
610.5155758909609,150316,350
610.5409276876431,94846,350
610.5444136747211,174897,350
610.691119174715,459249,350
611.1576803859928,41999,350
612.1870343575723,90106,350
612.5730609010191,1546006,350
612.7033369832636,41952,350
613.4900994195378,167856,350
614.1952363189438,264209,350
614.6225727194532,32400,350
615.3481682606995,206823,350
615.7523753775828,150211,350
615.9714505798913,247752,350
616.4271238987922,377008,350
616.7196234180894,206590,350
617.3941177409395,113235,350
617.4664020043297,22752,350
617.5105278787894,76626,350
617.689740872993,249249,350
617.725230319311,30796,350
617.9087064571553,113234,350
618.2423737015768,102411,350
618.8029790498719,31109,350
619.8322325223553,113221,350
619.9437451185968,35368,350
620.0854923618678,219434,350
620.2142234866337,160489,350
620.2279551202105,124431,350
620.2789222959333,32400,350
620.3102186287666,276283,350
620.5523848372087,45233,350
620.7171487879835,2612782,350
621.5432158979847,91088,350
621.5515518226565,194356,350
621.6452370687763,30316,350
621.7938163167903,99128,350
622.0616068929897,241740,350
622.138740283223,27753,350
622.2488733879611,2461162,350
622.327248815907,150316,350
622.6657356081537,357795,350
622.7431436799448,276196,350
623.1085624651548,199475,350
623.4757551610593,128517,350
623.6993521128351,41547,350
623.8067824977928,427772,350
623.8412803785652,3150519,350
624.0076611541441,288767,350
624.3379237166614,1247478,350
627.1373706873668,434292,350
627.2471099854778,802866,350
627.2893062549855,113258,350
627.3160237729718,132995,350
627.9683521837535,202091,350
628.1702456108621,29063,350
628.274087302502,53187,350
628.4465100539215,19788,350
628.5661109816338,632241,350
628.7289622471285,144764,350
629.0155497687522,112541,350
629.0905720248511,351856,350
629.4872378577675,28856,350
629.9516490182975,41952,350
629.9942086338382,32400,350
630.0405866536345,31876,350
630.2071612766177,99128,350
630.6071001684672,128341,350
630.739016030484,144180,350
632.2501191206997,77348,350
632.7340441179705,22357,350
632.7499355203175,1546006,350
633.0076579246478,1002204,350
633.3975422843013,42493,350
633.4376605726937,76626,350
633.9932254409414,41547,350
634.0654922148505,94846,350
634.1340870901083,30017,350
634.4107749123468,323924,350
634.4302550970884,121040,350
634.7373117310414,2173451,350
634.8197476787789,134643,350
634.8900535960114,276196,350
635.2442864226737,14372,350
635.4454364345592,4823251,350
635.8183033495679,187384,350
636.0488021243438,15936,350
636.6789379495826,632241,350
637.1471846407471,547387,350
637.2916616991051,20137,350
637.5992904325394,400918,350
637.6353049243124,899024,350
637.9896409819805,4270809,350
638.023885594462,30316,350
638.0292451232991,108256,350
638.1807809752715,151176,350
638.3088573762923,81184,350
638.6430949814815,264209,350
638.668179232135,17977,350
639.3421258325577,736462,350
639.881320195391,323956,350
640.6967779251509,34327,350
640.7261978728444,221685,350
640.8523931399988,142553,350
640.9075593935509,617656,350
640.9797438389417,22357,350
641.1511978480011,323956,350
641.2413288075267,58480,350
641.3147468417661,143012,350
641.4455135901487,32274,350
641.6700258781583,128341,350
641.7244343483221,157573,350
641.8436822075173,202083,350
642.0286931745592,54519,350
642.6363925838576,143012,350
642.8621963739182,44227,350
643.6758508578495,111061,350
644.555185639611,32242,350
644.6188429574765,199475,350
644.6473769860106,104033,350
645.5143704988822,81184,350
646.2274094413445,20602,350
647.4475381849618,51013,350
647.8674649479118,32400,350
647.8987615784592,238835,350
648.1772428353439,28890,350
648.3986860088339,231235,350
648.9131202149882,25507,350
648.9765162546561,113235,350
649.032493239088,1545634,350
649.2825001854322,67532,350
649.3210415936063,21268,350
649.3630291438699,132995,350
650.0438743264295,81184,350
650.8480046751087,361723,350
651.4556298182605,21268,350
651.8406340342511,443165,350
651.9563230959016,27972,350
652.074927760176,148251,350
652.6257056378782,167856,350
653.6553320754193,20892,350
653.6568032658087,31285,350
655.0795245443373,221685,350
655.1419861139888,20137,350
655.6610283387382,196032,350
655.7319119642207,547387,350
655.8651683674319,279862,350
656.1685080466568,194356,350
656.250355589759,93169,350
656.9657938087062,539476,350
657.0111820627469,102411,350
657.0316621870644,288767,350
657.9741294100278,1480148,350
658.4593121518,142553,350
658.5979131305479,184026,350
658.7862338938279,112202,350
659.1067624693036,286160,350
659.5801127356284,342342,350
659.7196645283208,47102,350
660.0199685125989,155188,350
660.1129400386882,1563064,350
660.1228595022526,46473,350
660.6556838585138,249249,350
660.688000344652,147224,350
660.6940966499768,15990,350
661.3372072788328,377008,350
662.0155678275604,16581,350
662.1909265398523,44227,350
662.4296516616531,238835,350
662.5608574584825,1480148,350
662.717170444596,30796,350
662.7986480808557,1915777,350
662.8708041143495,13084,350
662.9926172845167,49203,350
663.5199520505703,121043,350
664.4626678255345,2067699,350
664.9369848665837,14074,350
665.298333655127,70889,350
665.4901176091022,56878,350
665.5896022803042,86355,350
665.8849248049859,18050,350
665.9047716264286,202083,350
667.0406130388632,27293,350
667.4036072902401,1131859,350
668.0225953270724,104033,350
668.0264413760876,287670,350
668.0574110094054,342342,350
668.4761413439599,15936,350
668.4841855205984,110659,350
668.7098645478262,40436,350
668.784711215708,165144,350
668.8950197821497,39977,350
669.2620666048111,40112,350
669.3423445119013,28714,350
669.4535174889287,34513,350
669.7366239299248,113235,350
669.7880786004714,196623,350
670.1468399233344,175299,350
670.7012081418707,1430037,350
671.404709280624,500128,350
671.6260542028014,151085,350
671.7000828630717,88158,350
671.7538995653409,18485,350
671.8068366916665,27293,350
671.8169306202951,2067699,350
672.213504432039,617656,350
672.4103762958674,116063,350
673.0540620537712,20427,350
673.0915818601654,113221,350
673.9871895674934,144764,350
674.1562765835461,1131859,350
674.1907441448824,54519,350
674.1962509440862,93169,350
674.2611993356705,4270809,350
674.8192832859083,459989,350
674.8841182139934,46242,350
675.2452147136447,67839,350
675.2690290637315,206590,350
675.4405262744989,166490,350
675.7291116911416,14494,350
676.2434431724747,21050,350
676.5602114914029,124431,350
676.5738040870024,1545939,350
677.0165632487309,21431,350
677.0181589446415,65594,350
677.0765324245973,61089,350
677.7831592383554,4823251,350
678.1509231304476,160489,350
678.4951819496216,174741,350
678.7001411491129,32274,350
679.0566373309003,323978,350
679.1155943612018,308717,350
679.3421566297134,21431,350
679.4727499835678,51522,350
679.5888633064421,121040,350
679.9026851257637,13302,350
679.9877866347864,180936,350
680.2696931930351,139400,350
680.4237288519,22355,350
681.8771702295334,174735,350
681.9556809075049,14372,350
681.9771977045602,18082,350
682.6289679199566,1546006,350
683.6332553638981,150256,350
683.9640756955241,112518,350
683.977710938445,56878,350
683.9831025222277,21431,350
684.0149192587497,141846,350
684.6376127308217,143673,350
685.6738172966138,164605,350
685.7189714993738,4063051,350
685.7704102849285,30796,350
685.834323174326,3150519,350
686.4067226802547,233736,350
686.6948223050317,157573,350
686.9678983433022,242114,350
686.9707120234991,201924,350
687.1500894679883,186618,350
687.3473773434744,67839,350
687.4271277176395,547387,350
687.4406754473275,62334,350
687.7521579240567,21431,350
688.0540542251413,539277,350
688.1605183780698,25507,350
688.6829375027637,22586,350
689.1656795870782,464480,350
689.5527046363901,17575,350
689.7392243152949,112518,350
691.161145223882,107487,350
691.2479760803965,91879,350
691.4384409771894,247752,350
692.0130916383761,28890,350
692.4335587237998,27990,350
692.6372512878489,16495,350
692.9098192015837,20137,350
693.4008457308652,196032,350
693.5832896878427,539276,350
693.6196866790578,308717,350
693.6932563741794,143164,350
693.9279727475595,26259,350
693.9435902277867,27753,350
694.2595874453525,163775,350
694.2846498053775,178082,350
694.4076206865199,15936,350
694.7118081713916,243929,350
694.7686119548098,173767,350
694.9830787785107,632241,350
696.6259627843459,53860,350
696.6462125071944,531817,350
696.9350514484263,3364519,350
697.2523880754318,23168,350
697.5762711929896,79212,350
698.4552397206055,14372,350
698.8270074616833,427772,350
699.8039237321079,323924,350
700.0101531567642,166964,350
700.2246803575025,21431,350
701.3014224015304,31285,350
701.5793752340862,27327,350
701.6788729892279,92201,350
702.1142056491638,36774,350
702.4147363024118,323988,350
702.800400422934,377008,350
703.0775196984608,20386,350
703.6329508071329,129471,350
703.7782143608868,48812,350
703.83558201024,92223,350
703.9105675266118,143781,350
704.2889151055755,15990,350
704.5851152161558,292752,350
705.5005964040653,21017,350
705.726714841021,93169,350
705.8227982302105,3150519,350
707.0971561096668,162715,350
707.8695281518937,157573,350
708.3841201725637,242114,350
709.0747236900305,30889,350
709.2331535282099,498014,350
709.32322364757,22752,350
709.4454758270914,148948,350
710.1143568184766,139122,350
710.5682346441378,1373836,350
710.5871302263888,4823251,350
710.9367364999775,17592,350
711.0408442487262,30889,350
712.0435307062859,546874,350
712.514510230891,288767,350
712.8523056784942,27333,350
713.0893092723554,41952,350
713.1532687936939,128517,350
713.5269849381552,32400,350
713.760247222298,292752,350
714.3101331699183,282826,350
714.4356128026402,121039,350
714.7720460547112,62334,350
714.8049831792887,14074,350
714.8762982163483,66471,350
714.9448601899012,247868,350
715.0786823005561,113229,350
715.6959418969572,113218,350
715.8884286861645,206590,350
716.1176774067375,42799,350
716.143207748201,36901,350
716.3275278930223,140210,350
716.5296636297107,142961,350
716.6560663549269,181744,350
716.9811875319516,92227,350
717.1902755255895,21017,350
717.2447194866298,140210,350
717.521857238535,142961,350
717.7348724697476,35368,350
717.8611274117038,21431,350
717.8693207214465,30169,350
718.0309770600807,28856,350
718.7648684830801,802866,350
719.3129365975042,2875027,350
719.5742040503452,128517,350
719.6380183268838,88158,350
720.0844824575337,27319,350
720.5966968659948,36632,350
720.6110696404712,287670,350
721.3891879350173,31876,350
722.2126851539149,139400,350
722.2877556966541,62570,350
722.4198949501725,765830,350
722.4410897412735,46478,350
722.9277495121161,116071,350
723.1479747353175,891285,350
723.5200970494733,28339,350
723.840408373171,18050,350
724.248228824471,323980,350
724.433504884034,22586,350
724.5208715555626,19788,350
724.6957144200983,110690,350
724.7474042287923,1521576,350
725.9911170802076,16634,350
726.1552011262768,14074,350
726.2521495928025,1729658,350
726.3845967423042,51013,350
726.5252446291544,32242,350
726.733306447731,149956,350
726.9424645967529,22205,350
727.0476186936698,323978,350
727.2600423965101,22355,350
728.4620638910234,90106,350
728.5004385557786,21229,350
728.5632479959464,112424,350
729.6201990065405,21431,350
730.1275695579177,301853,350
731.1276272920087,103881,350
731.4941241491733,26003,350
732.1082382003984,102422,350
732.1348176425072,112541,350
732.7213043985196,1430037,350
732.9657878687952,49756,350
733.6041779194344,112369,350
733.8822513643348,166584,350
733.8846771568672,116071,350
733.9978892224542,149956,350
734.0660446610913,20386,350
734.472708609651,351856,350
734.7979424575409,16581,350
734.9056339371693,1546006,350
735.0646247710994,33622,350
735.138056343307,142553,350
735.2047507090343,206100,350
735.2367827484485,2875027,350
735.4568110047295,91088,350
735.5500249162263,61434,350
735.730573203019,21214,350
735.9821917322313,89004,350
736.2446219872079,292752,350
736.3152989628206,157201,350
736.4216363528683,111061,350
736.4258436027436,20578,350
736.5841412108283,18159,350
736.9929487420198,52080,350
737.0038587922107,143733,350
737.5389993278695,141846,350
738.2077635186351,152652,350
738.453989417187,160489,350
738.9903632943536,1480148,350
739.1723794044032,186618,350
739.2692619550241,3364519,350
739.2879007722267,41999,350
739.3028703847643,148251,350
739.8423643990194,36632,350
740.6556470354077,175299,350
740.8884323370789,652448,350
741.5447538533682,112596,350
741.8463919145088,4453551,350
742.3400236736803,174735,350
742.6179467594492,891285,350
742.8834311628829,155587,350
743.0088372151922,144764,350
743.285683372021,142318,350
743.3740872221251,34513,350
743.3909722799141,206590,350
743.6167007583471,90454,350
743.6456924335947,112202,350
743.8128738477386,89004,350
743.8193637979291,104524,350
744.0999903024451,2612782,350
744.2112998578674,91879,350
744.2503109347265,279386,350
744.4076517922382,459249,350
744.5557499717603,233736,350
744.9895337043847,46242,350
745.7312850701596,223520,350
746.1455877141594,4823251,350
746.1830823661016,899024,350
746.2618907259643,247752,350
748.1264122002698,283988,350
748.279926639582,93928,350
748.429675569392,30796,350
748.9246945011346,32400,350
749.4023182215059,178082,350
749.443522773101,127041,350
749.7087888789555,286160,350
749.745397466591,247868,350
750.2799991735978,30796,350
750.3030983102558,108256,350
750.5287928840087,573499,350
751.1404690362191,116080,350
751.3118703655218,20386,350
751.6774193646104,238835,350
751.9382854824339,195266,350
752.5265575400567,70995,350
753.4264245539059,143673,350
753.7981843008005,30316,350
754.5602018058571,76626,350
754.6875031998908,47554,350
754.9195620961099,28573,350
755.0951990031111,54519,350
755.8817423495268,652448,350
756.3819207384967,67839,350
756.4921724944744,14074,350
756.6300958442215,766247,350
757.5577127625764,141846,350
757.6388171133177,1373836,350
757.7886819001774,1563064,350
757.9229264381588,127041,350
757.930860916191,24037,350
758.1933621303259,46931,350
758.3517284673152,158311,350
758.390538919226,55541,350
758.3956948265895,32075,350
758.5578609619004,695002,350
759.0631751130239,151102,350
759.5171067397183,379225,350
759.5970742088298,323956,350
759.7032783177531,103881,350
759.8987290214027,61250,350
759.9268513938176,121039,350
760.2270888635962,241740,350
760.3146511462478,178082,350
760.9409220552052,16495,350
761.2480297533391,1545634,350
761.3579853227468,72425,350
761.8453878689717,144180,350
762.5179341022925,434292,350
762.7486241065629,207682,350
762.8431119956535,1546006,350
763.8196580404197,15936,350
764.4144477555972,166584,350
765.1319821652133,61166,350
765.460624818197,17592,350
765.7678421963509,140114,350
766.1180331657803,196623,350
766.171035523705,206590,350
766.446760505173,1546006,350
766.5028138824357,18714,350
766.5903212516256,140114,350
766.7065942980362,212646,350
767.1322114797744,150316,350
767.3438013853978,121040,350
767.5550937470475,104785,350
767.8718121096031,155587,350
768.0817107108315,163775,350
768.4524205225566,110690,350
768.4750967380861,400918,350
768.6248256135397,86355,350
768.8442141761395,24140,350
768.8785342277203,268311,350
769.0592770115381,32075,350
769.2436044250961,80562,350
769.6051584469384,22205,350
769.7209940019442,323978,350
770.0437508099201,112202,350
770.4458717630083,137654,350
770.7928412874261,54519,350
770.8870438098312,151085,350
771.2711477722844,110690,350
771.6245065420534,765830,350
771.7392188236477,4063051,350
771.8174889159055,21003,350
771.9275569406353,35160,350
771.9785066324049,635271,350
772.2199025092867,112541,350
772.4380672549829,274862,350
772.6129539443219,20427,350
772.7160490641912,587293,350
772.7480213336966,93169,350
773.4211130147464,113229,350
773.672244727603,164605,350
774.1188089809668,199475,350
774.6448432695558,147224,350
775.0942705288103,2253483,350
775.2578021908092,151102,350
775.5515708770149,113235,350
775.5649929145745,2067699,350
776.0663884628855,155609,350
776.7662052330869,617656,350
777.5713577987548,298003,350
777.6531311121096,736462,350
777.7263981656224,112518,350
777.9276830439004,18159,350
778.2287157077716,2173451,350
778.4992394374142,23168,350
779.0870356326021,22760,350
779.3093204414372,20657,350
779.5231739373667,67839,350
779.75149592371,167856,350
779.9182580521608,20892,350
780.0799087640196,357795,350
780.193589826775,3364519,350
780.2382659724361,547387,350
780.3284732209028,52184,350
780.3727729697501,142553,350
780.5694501209097,46242,350
781.6451882300532,4063051,350
781.9044765460286,166584,350
782.1359373924604,45233,350
782.3767480338514,25735,350
782.4498276159078,19987,350
782.6454357134638,15990,350
782.712741126913,186618,350
783.0346185167373,143164,350
783.5789837941115,41547,350
783.6518243508067,135830,350
784.4550592867682,52080,350
785.1081455899042,323980,350
785.1086661866722,323956,350
785.2405324808028,55541,350
785.303646988426,224234,350
785.3536836344847,18714,350
785.8720400176962,95541,350
786.241776560158,81184,350
786.4366040048994,137219,350
786.9161298470374,2253483,350
787.342475840143,27333,350
787.3704161600845,143164,350
787.3949633401884,22205,350
787.8129207842787,137654,350
787.8429412024326,323935,350
788.3980831536162,249249,350
788.7025871780486,166964,350
789.0785595210606,899024,350
789.2353732674761,323942,350
789.3270765134374,34317,350
789.4470691666361,4453551,350
789.4841273116824,34317,350
789.6095948796733,891285,350
789.954728647415,108256,350
790.5625469055803,18694,350
790.5812730923878,42799,350
791.1622154124389,139122,350
792.0595464494633,21017,350
792.8330276763611,346818,350
793.0655374015081,346818,350
793.6446202703802,89004,350
794.0666427423268,292752,350
794.2901752551966,2242798,350
794.535387788883,21431,350
794.5874109086676,123868,350
795.096617407517,27753,350
795.1200505945163,1430037,350
795.4586724340431,213110,350
796.5976506879224,434292,350
797.017124329358,59256,350
797.2547661572409,121039,350
797.3947487240589,39977,350
797.949985133015,14494,350
797.9778050088216,151102,350
798.1766121168187,97294,350
798.6151479424641,202606,350
798.7354501875341,143012,350
798.8806843319586,26259,350
798.9079114132447,285739,350
798.9555088294115,34502,350
798.9642337246315,822685,350
799.0901156351736,130160,350
799.3064850559005,142883,350
799.4234711669878,255501,350
799.5259590742811,139122,350
799.8658679662159,166964,350
800.6796248161301,323978,350
800.9010998030332,60529,350
801.1327796969201,4063051,350
801.2307321122578,2875027,350
801.3681825465649,46242,350
801.4893534746558,103881,350
802.3907159965748,107487,350
802.756054197996,174741,350
803.2075467791658,142318,350
803.2706355873935,40436,350
803.7792276007068,143164,350
803.9503324117272,168539,350
803.9941593796289,52080,350
804.2957584899082,187384,350
804.3426732792304,173549,350
804.5203369975726,112518,350
804.5591344465556,121029,350
804.79095072578,28873,350
804.8574188895043,27990,350
804.9283037134005,574826,350
804.9760243805162,498014,350
804.9884402002584,4453551,350
805.0278434185321,93169,350
805.4661684235332,121040,350
805.6049717541546,155609,350
806.1310356918933,92894,350
806.9164120506628,186618,350
807.7677439417639,323924,350
807.7892160487353,946816,350
808.0196152094488,254710,350
808.0510616661402,238835,350
808.6759814962701,70995,350
809.1225444875756,632241,350
809.2545250050018,14074,350
809.3991183776437,242114,350
809.6379536785525,765830,350
809.982666611248,652448,350
810.5295837389384,112424,350
810.56365270817,62334,350
810.80591725036,160489,350
810.9468495222649,62570,350
811.0408216327883,67839,350
811.4026391830938,47102,350
811.5537941827233,21229,350
811.9693872990831,45851,350
812.4847424595233,74248,350
812.6239630021784,140210,350
812.6289548588944,197941,350
813.665914541392,47102,350
814.0255227814187,279862,350
814.6933835088975,155587,350
814.7212832568456,21017,350
814.7622623944881,108256,350
814.78038779855,66743,350
814.8526679433048,165144,350
814.8552609418755,30889,350
815.4721140193116,323988,350
815.5832085469644,47102,350
816.0532819129215,28714,350
816.5787723081071,632241,350
817.1000291931996,102422,350
817.2950018521924,92201,350
818.3304998027928,165563,350
818.9822772732253,539276,350
819.9216702637149,45233,350
820.1821012266067,66504,350
820.7831070050441,946816,350
820.9635927185427,35287,350
821.3528810633687,19987,350
821.7065884953008,1521576,350
821.7284356888696,323956,350
821.7946221855493,21050,350
822.2502918330164,21017,350
822.258039135961,46470,350
822.6888608715183,28573,350
822.9483577558892,121040,350
824.3319115237317,227407,350
824.3420315655064,112596,350
824.5548362192092,184026,350
825.4892936674114,181744,350
825.4918533864826,285739,350
825.8050541444948,27293,350
825.9322235126057,574826,350
826.0176755126814,174897,350
826.4165111676447,113218,350
826.6006494563934,66743,350
826.8509346421127,1002204,350
826.8509899532742,155525,350
827.0810796196968,1546006,350
827.1045624986349,94274,350
827.2980454894346,51013,350
827.3244211486093,88343,350
827.6481277122514,150211,350
827.7037999466411,112567,350
827.7117892878771,60529,350
828.2135310043237,42493,350
828.2853913330932,288767,350
828.2877737464921,72968,350
828.6394670601045,71141,350
828.8588581414045,765830,350
829.1367381630349,62334,350
829.7407355636607,121043,350
829.8002871581771,20427,350
829.883557673452,1545634,350
830.2879254007472,150316,350
830.4211377531404,92198,350
830.5076590484983,112369,350
831.0003735311398,165563,350
831.1274693727999,2067699,350
831.2500221813282,802866,350
832.1108606371747,26594,350
832.1157826122926,155609,350
832.9993023654441,104785,350
833.1179767905221,459249,350
834.080201963618,195266,350
834.1209434088717,498014,350
834.3732856235138,124431,350
834.7679656464884,130160,350
835.1773657509639,121039,350
835.2055792733627,210699,350
835.2322666682846,77348,350
835.516697526243,148251,350
835.544857348145,112369,350
836.0186605165158,268311,350
836.5711738258432,31285,350
836.6161678665561,946816,350
837.0473126923303,17592,350
837.0619872063144,1373836,350
837.9853711661532,206100,350
838.2022738739915,18685,350
838.5896310199063,104033,350
838.9729487830739,20578,350
839.2879927074545,162715,350
839.550302413002,66743,350
839.558687594754,464480,350
840.1497853464984,46580,350
840.4211179623142,61089,350
840.5053633143756,28460,350
840.6297455969749,802866,350
840.7618431924398,417340,350
840.7814748755108,3150519,350
840.8428703147614,53187,350
840.8488327728505,27319,350
841.1120582075989,112202,350
841.2699157005152,54519,350
842.2101537161068,71150,350
842.289938541363,40436,350
842.5421681909374,77348,350
842.5624826436717,148948,350
842.6684257200532,104785,350
842.9468915621168,155602,350
843.8381248102316,67532,350
844.7995402631692,48364,350
844.8141992306851,22357,350
845.1000702612029,113218,350
845.1744003006318,47558,350
845.789439403313,66472,350
846.183143463799,262109,350
846.2523353203694,56878,350
846.3971192419291,19788,350
846.3994299544903,26259,350
846.5523177312734,181744,350
846.7846144799707,20427,350
846.9745405595971,24291,350
847.3567963244312,32122,350
847.4002311690238,4823251,350
847.9177479747336,173745,350
848.0568309826834,62334,350
848.2016843298401,32122,350
848.3053249618847,29063,350
848.7491228381226,61089,350
848.9004104035114,135456,350
849.0094084353593,45851,350
849.3050834357181,206100,350
849.6037068219345,35368,350
849.7208195837354,242114,350
850.2863419464453,539277,350
850.4276347604987,34502,350
850.8094844263719,13256,350
850.9122664130666,26594,350
851.3597500328776,72425,350
851.7949429783256,160489,350
852.1662072064709,36901,350
852.636350416443,89353,350
852.888249879797,55163,350
852.948283532506,140625,350
853.1578109991839,143733,350
853.227458517579,142318,350
853.5095309931478,139122,350
853.5443378637848,124431,350
853.7923345518976,102411,350
853.8386424213234,53926,350
854.0996852333355,113234,350
855.3049374735688,24140,350
855.6425426785654,298003,350
855.7505118723975,142318,350
855.8306573040336,28460,350
855.989724851927,242114,350
856.2000863294528,188910,350
856.4735895549111,86355,350
856.5591851397223,163775,350
856.8543082786413,323980,350
856.9081373588249,77348,350
857.672713116914,186618,350
858.0582759980043,323988,350
858.248864449117,13256,350
858.5857730152353,155587,350
858.6356401438467,155254,350
859.2108286018047,32242,350
859.891578278574,77348,350
859.9550777149374,2461162,350
859.9663815701708,91879,350
860.0952002881214,695002,350
860.4208132804996,15936,350
861.4744289610971,12574,350
861.594212916758,61434,350
861.7115227013254,573499,350
861.748961359929,184026,350
862.3426734041241,46931,350
863.2592232783048,323988,350
863.2804470059568,61166,350
863.308317407586,197941,350
863.3977383861529,174815,350
864.053125609659,143733,350
865.4675702880342,53860,350
865.595590006039,4270809,350
866.0067172976647,22760,350
866.2698091698641,104524,350
866.3413240622864,1545766,350
866.5746026979175,28929,350
867.4307521006206,22752,350
867.8518008303305,179901,350
868.2936702637493,142961,350
868.6964660533775,206100,350
868.7408483919172,113258,350
868.9499683530435,18714,350
869.2920294480613,148948,350
869.5134463247103,22586,350
869.5166111851844,24140,350
869.5442149679927,323980,350
870.2341887072613,459249,350
870.6512689414881,202606,350
871.0496945942396,143673,350
871.6848037492357,14074,350
872.0414788717237,155609,350
873.1556744376179,35368,350
873.8477515793477,194356,350
873.9410406935921,112541,350
874.0624130704225,127041,350
874.2812599824188,86355,350
874.371985704066,36774,350
874.9473537101702,48364,350
875.0041009946173,188910,350
875.2661369848222,90106,350
875.6682956007132,59374,350
875.9311340868289,137654,350
876.0178947374263,18685,350
876.2195054310445,127041,350
876.264737152707,99555,350
876.4794224660994,143290,350
876.7173611989407,39977,350
876.9220574814956,47558,350
877.1541511954119,33893,350
877.2370892990067,178082,350
878.2303872610847,27333,350
878.6105044167152,174772,350
878.8957612491506,72425,350
879.2146617176676,18485,350
879.355166577675,18485,350
880.1148355416426,141846,350
880.159773233366,285739,350
880.1723277340122,86355,350
880.4993680971832,450571,350
880.7554845752277,19987,350
880.8718542271594,23659,350
882.0373925836393,43146,350
882.4038307160936,16495,350
882.6165362305424,40119,350
883.0773974786437,173549,350
883.1294197398482,116080,350
883.2520694447203,140625,350
883.3175666093836,152652,350
883.3867880755918,243929,350
883.8307473479351,112424,350
884.0167801034199,23659,350
884.2580852741876,4270809,350
884.3673938281554,12574,350
884.406167170037,168539,350
884.4949269425267,151102,350
884.586802430196,155587,350
884.8637957932143,254710,350
885.2469060179211,142318,350
886.475431054369,46470,350
887.1320434371429,32274,350
888.4754335527196,72425,350
888.9298501963492,79212,350
888.9331145645543,21431,350
888.9671601589705,148948,350
889.2338907004593,140625,350
889.4376878183247,112541,350
889.5109433934051,3150519,350
889.5873435689938,17575,350
889.9846464795455,45851,350
890.1151812973382,1546006,350
890.522105619548,17592,350
890.8877388183772,573499,350
891.03866722867,99128,350
891.26827619107,160489,350
891.3792803231573,19987,350
891.6589387296887,822685,350
892.43091876773,16634,350
892.8724022655991,323942,350
893.1669125367214,2067699,350
893.574649545225,18050,350
893.7349495795248,174772,350
893.8936781471343,33893,350
893.9377368097449,233736,350
894.0806824469136,142277,350
894.313131167128,143781,350
894.4392864494132,539476,350
894.4584243819196,26259,350
894.4718470396228,206823,350
894.5768897897361,201924,350
894.6466042711933,223520,350
894.8289055935943,61089,350
895.0977107653258,27972,350
895.3598863324228,166584,350
895.4213216798447,12115,350
895.8619015083655,104033,350
896.5630055733374,121043,350
896.8420348227424,35160,350
897.0767540627953,128341,350
897.1396318316877,323935,350
897.1478923936585,27048,350
897.5438007501616,92198,350
898.3016966379829,140114,350
899.1866165058569,71141,350
899.2024906161738,20386,350
899.5294641277995,1002204,350
899.7144498498287,210699,350
899.7201465451856,140210,350
899.8693180620094,18082,350
899.9521882738886,61089,350
900.1711689658634,30017,350
900.5007230213936,241740,350
900.717456255781,4063156,350
900.9950887607292,319223,350
901.2620617204868,49756,350
901.2624087734071,151085,350
902.2599111015911,66504,350
902.7183961336618,32738,350
902.7269079865849,547387,350
902.8008914038443,443165,350
902.8788579736837,143733,350
902.9133621818631,617656,350
902.9365502703619,22355,350
903.1399996972984,342342,350
903.174119150378,766247,350
903.5875063352805,46473,350
903.7922386403905,93928,350
903.8665699051893,323992,350
904.2504239349273,891285,350
904.5825792350836,285739,350
905.4240191158702,20386,350
905.47491311678,241740,350
905.5180137697001,150316,350
905.5652703001641,351856,350
905.6955078949463,30796,350
906.2369779577057,158311,350
907.1728632741084,40119,350
907.4390715311557,143673,350
907.9300651306115,137219,350
909.1553047288844,247868,350
909.1646188867786,25735,350
909.8728875295366,160489,350
909.9839399451274,243929,350
909.9871809664709,5747480,350
910.1336772166366,129471,350
910.9744800729873,66471,350
911.1274847624969,91879,350
911.3360109655389,59374,350
911.4163628040313,113234,350
911.417446275185,23168,350
912.1202289379174,24291,350
912.3724996489389,323980,350
912.3928734350114,31109,350
912.6859690023248,166584,350
912.7660815560573,27293,350
912.783007618509,139122,350
912.9201463414933,574826,350
913.4400041441207,539277,350
914.0543595991004,1729658,350
914.4188740354433,361723,350
914.7257117429357,55541,350
914.8013402589272,19788,350
914.8478441263785,24037,350
915.3408502933604,276196,350
915.4741787842801,24739,350
916.2469350439619,221685,350
916.4828116737657,46473,350
916.8578631632034,110659,350
917.1639388134811,21431,350
917.3551423248414,98145,350
917.3585392102419,181656,350
917.4003617224598,5747480,350
917.4688649689683,629129,350
917.4900429704766,55163,350
917.5300354608258,36632,350
917.7679406471077,98145,350
918.0336573000774,4270809,350
918.3949504320303,574826,350
918.4546127748271,104033,350
918.9157799478548,58480,350
918.9840067894994,90454,350
918.9901072700411,137654,350
919.1353202105959,891285,350
919.1943573233364,20427,350
919.4569109090125,46490,350
920.2054883475263,46931,350
920.3742679968965,30169,350
921.1043573085758,206590,350
921.2414060554067,46537,350
921.2492743450623,1131859,350
921.9528758221304,72425,350
922.1402783038418,1480148,350
922.7095322510836,18159,350
922.7786690495354,32274,350
923.0110371902427,736462,350
923.0354817697915,89353,350
923.3092250237846,27319,350
923.4565569181051,383104,350
923.9394878041068,308717,350
924.2148591417676,1521576,350
924.5026685846177,243929,350
924.6338935609539,80562,350
924.9443396606068,86649,350
925.3468103387669,28460,350
925.5657752387036,1480148,350
926.0846580563451,40119,350
926.1619837362962,41547,350
926.3649128168215,22760,350
926.6495178531073,112518,350
926.7755629563143,104033,350
926.8411726923813,92223,350
926.8707323754545,134643,350
927.1268197588554,2154194,350
927.2075577133747,243929,350
927.2261867162102,822685,350
927.4700293892091,110659,350
927.5023545260941,186618,350
928.1135760291701,144180,350
928.1383883206231,155254,350
928.5384253549704,140210,350
928.8309934497812,142277,350
928.8461205340667,323924,350
928.9740281467509,102422,350
929.4716895803934,539277,350
929.5196653646016,28460,350
929.7014559851228,46490,350
930.2049458208892,635169,350
930.2592795497635,2612782,350
930.3419512596138,213483,350
930.3727807223006,231235,350
931.068755295665,28339,350
931.0957112408198,287670,350
931.9646123226012,21268,350
932.1062983472098,1915777,350
932.554775590642,66504,350
932.9444039685355,187384,350
933.2173107949326,36632,350
933.3777251975313,17575,350
933.6373070711926,34024,350
933.7452433399867,276196,350
934.0523151109662,197941,350
934.0542918536489,70995,350
934.0734226558825,276196,350
934.1047654400294,287670,350
934.1553589267003,113258,350
934.2324312075624,207682,350
934.737584641896,116080,350
935.7849982793667,28460,350
935.8432325608541,137654,350
935.8629662129824,173767,350
935.9278718574353,98145,350
936.2622840236781,72425,350
936.7619942870288,32122,350
936.9102908487278,539277,350
937.0476759536342,14494,350
937.3018469174979,102411,350
937.6571432093386,89004,350
937.8821420375006,56878,350
937.8902887491748,15990,350
938.9920837597299,247868,350
939.1329607839896,61166,350
939.3065843513069,635271,350
939.3329611273437,30316,350
939.349861737774,102411,350
939.3690981984552,144764,350
939.5782460806911,240169,350
939.5957516590712,89004,350
940.4808452848888,30522,350
940.6641720310233,163775,350
940.8425001371461,31285,350
941.3676856693878,62570,350
941.5412413877586,323988,350
941.6013333915542,28714,350
941.90921544542,40112,350
941.9189308916123,32242,350
941.9543624469704,1521576,350
942.202483798052,135456,350
942.2071122716251,108256,350
942.4300844930896,163193,350
942.9942802046248,459989,350
944.2488839954038,179901,350
944.6744388161358,21431,350
944.7376202056521,166964,350
944.855023667742,249249,350
944.9439948935154,382492,350
945.0396671001223,822685,350
945.3567024432656,36901,350
945.8902126845106,25735,350
946.0144491719169,140114,350
946.0175410601713,46580,350
946.1115981914584,323935,350
946.3203168361276,120792,350
946.3902461256299,766247,350
946.5152339202875,113234,350
947.0106427709576,249249,350
947.0913988262157,46478,350
947.2747081420453,165144,350
947.4769492955064,1373836,350
948.0025091823734,130651,350
948.1439282657543,155609,350
948.3782608229741,1562167,350
948.4948559909138,70995,350
948.6217747575882,52080,350
949.9475900775667,40119,350
950.1401473530169,166584,350
951.2179022538133,301853,350
951.3805332942909,174897,350
951.3945892677327,132995,350
951.4240957226071,90106,350
951.4347925259486,134643,350
951.729960437498,32274,350
951.9625975630246,60529,350
952.031115841031,41547,350
952.3896437744221,179901,350
952.8588098270193,165563,350
953.0909563096664,233736,350
953.247703438154,199475,350
953.364771355163,382492,350
953.4313468654602,213483,350
953.6224420503319,108256,350
953.8898369187135,130160,350
954.0742515288823,180936,350
954.2824369475672,134643,350
955.2905938910108,18685,350
956.0682583085223,174772,350
956.2100149920186,4063156,350
956.2948253970931,31109,350
958.5695602783229,196032,350
958.6040950634325,221685,350
958.9357226575152,152652,350
959.4317727000764,130651,350
959.4375804234422,112541,350
960.2894524095378,223520,350
960.4613180746651,2067699,350
960.7729591096659,35478,350
960.8221548931667,36632,350
961.7314451482214,45851,350
962.2266905238957,417340,350
962.5148678292472,123868,350
962.6205363486919,241740,350
962.9373845308328,86649,350
963.2989451827054,262109,350
964.3616881307603,165144,350
964.3992236642962,92223,350
964.5773772393622,240169,350
964.6510832060776,112424,350
964.74496452495,196032,350
965.5607414971073,88158,350
965.5915128373528,66504,350
966.0581842857847,27319,350
967.0206422231555,283988,350
967.0274128762838,287670,350
967.1073802587953,175299,350
967.2309467462712,20657,350
967.267148591509,66504,350
967.2891913802279,13302,350
967.3688368152203,61166,350
967.4260581484327,34502,350
967.7541162465667,323956,350
968.0801124347345,40626,350
968.4220690649059,672356,350
969.2297680403553,107487,350
969.2549906667938,180936,350
969.4510998337237,66504,350
969.6255077963426,46470,350
970.4654288329756,323942,350
970.5327403555036,247868,350
970.9337967362218,179901,350
970.992164517477,157573,350
971.0177576796663,1546006,350
971.2965307707011,61250,350
971.5702003252726,27333,350
972.5023594300327,212646,350
972.5345047439466,574826,350
972.6618502265811,25507,350
973.3650230393438,140114,350
973.6172905240627,629129,350
974.038752506061,802866,350
974.0710223177623,34605,350
974.0772491342741,361723,350
974.2701247535238,88343,350
974.3768885194492,142277,350
974.6973876792459,28714,350
975.1757350677955,95541,350
975.9064626897475,112567,350
976.6608686663544,20137,350
977.0148774983458,1545718,350
977.0418541321571,3150519,350
977.1536974933402,142307,350
977.3852291912955,899024,350
978.2097639478512,147224,350
978.2143622781334,13302,350
978.6784592452558,121029,350
978.7705545573194,496383,350
978.8165071250999,274862,350
978.8527875297585,32400,350
979.0073692179866,16495,350
979.7313408151338,112567,350
980.0886504159201,20602,350
980.6344288769457,65610,350
980.9104452135225,2067699,350
981.114236977822,121040,350
982.6797957035158,19987,350
983.2183365086405,264209,350
983.8900935548057,128070,350
983.8902910853834,124431,350
983.9066412255892,1545718,350
984.1897042729543,157573,350
984.875455872487,30316,350
985.2521580613991,27990,350
985.2542065474047,12574,350
985.6609933244706,27327,350
986.1345404802696,112567,350
987.4077937969171,23168,350
987.4092415672452,459249,350
987.4381205342347,241740,350
988.0048626483441,219434,350
988.3440007452346,27333,350
988.4876516595091,175299,350
988.6890111924733,247752,350
988.9231253743941,92198,350
989.6580831731908,31109,350
990.236837162786,92894,350
990.4372941869991,279386,350
990.614185242113,357795,350
990.7609524685394,71138,350
991.0184634498838,264209,350
991.4824859457862,26259,350
991.8855976972206,1047235,350
992.5404349877244,116036,350
992.8125690756486,90106,350
993.1268243303025,201924,350
993.312909481122,459249,350
993.9572477178734,18485,350
995.3091408242118,143290,350
995.4593408572651,30169,350
995.826982405743,91088,350
995.8948622296368,206590,350
996.1614709097939,766247,350
996.5830900685817,14074,350
996.6879156134282,112596,350
996.876195945799,112369,350
997.856599157272,98145,350
997.8577449155057,207682,350
998.518759200393,27972,350
999.5741274929945,118927,350
999.9044550948889,262109,350
1000.2208639016052,148251,350
1000.3824484947862,32738,350
1001.0122219088199,22357,350
1001.3324867169042,173745,350
1001.5926098289044,89353,350
1001.7960130502727,181744,350
1002.1327714744808,227407,350
1002.1333530200696,23771,350
1002.250745807481,500128,350
1002.483016234204,174815,350
1002.739245828853,46478,350
1002.9252267108975,41952,350
1003.5814894581607,21017,350
1003.926372672379,301853,350
1004.2061436472515,142553,350
1005.2019765426232,3364519,350
1005.8043493071513,27307,350
1006.5160137102513,97501,350
1007.0728928871023,18685,350
1007.4411693103132,46580,350
1007.8968810530795,33622,350
1008.0322353129874,163193,350
1008.0873749916417,48812,350
1008.4817688633461,19621,350
1008.5126776894695,139400,350
1008.8210736470196,35478,350
1008.8379053454335,450571,350
1009.1542791394068,155579,350
1009.2025733117621,202083,350
1009.3715560943127,121029,350
1009.465634022845,46478,350
1009.661357476925,383104,350
1009.8109352859526,3442901,350
1009.8470729678464,146374,350
1009.8803718500466,139122,350
1009.8978740659464,4270809,350
1010.1151269289116,12115,350
1010.1403583406351,238835,350
1010.2613346657173,150256,350
1010.3744112975211,142277,350
1010.5043578367716,1214326,350
1010.7456278917202,1546006,350
1010.8249689964616,71877,350
1010.967503465875,20892,350
1012.3590148942969,1915777,350
1012.9008782536894,143164,350
1013.6553812572753,45851,350
1013.81763910482,1373836,350
1013.9015142679674,23771,350
1014.1126533186666,139122,350
1014.248290442799,155602,350
1014.8371790795694,323978,350
1015.4848639031313,164212,350
1015.7696527797707,28714,350
1015.969698873693,19788,350
1016.1287765239614,31195,350
1016.3670219686197,113221,350
1016.417199767825,174897,350
1017.121679485703,287670,350
1017.2290971399265,61166,350
1017.3303113357217,121043,350
1018.3344726697838,53187,350
1019.0990368714122,1545634,350
1019.4979263838553,2242798,350
1019.5616731144709,142961,350
1019.8642010507199,88158,350
1020.1657657135214,56878,350
1020.2196049677327,174735,350
1020.2608691516238,233736,350
1020.3184367265172,20657,350
1020.5630111101117,4063051,350
1020.6055813093941,157201,350
1020.6695317200836,48812,350
1020.8170134890256,184026,350
1021.013750995163,81184,350
1021.3596944275425,132844,350
1021.4219381768384,113221,350
1022.2644360396147,282826,350
1022.3647628233637,155254,350
1022.7504679540393,2461162,350
1022.7603732700378,90454,350
1022.9476827035385,21050,350
1023.0509550488691,26594,350
1023.520541634189,196032,350
1024.1866956935867,255501,350
1024.5088210057988,116071,350
1026.1434609107755,202083,350
1026.1788115881102,276196,350
1026.458465213594,166584,350
1026.603021066449,32122,350
1026.856521094445,279862,350
1026.9293039177278,213483,350
1027.3774579646292,143290,350
1027.797670916542,1131859,350
1027.9299519145518,196623,350
1027.9930605794439,18082,350
1028.2174348715296,184026,350
1028.4862001942433,471679,350
1028.7604428063478,113221,350
1029.0178262564018,150316,350
1029.0738755834554,400918,350
1029.3410164088032,1545766,350
1029.5207768684024,34605,350
1030.1697836474302,276196,350
1030.1701257152538,276283,350
1030.2069725466615,249249,350
1030.3805415020825,116063,350
1030.6427086186502,90454,350
1030.8588614105097,443165,350
1031.2215576753363,279386,350
1031.3058318181959,276283,350
1031.4503727098383,74248,350
1031.6215653775932,13302,350
1031.9695671971822,121029,350
1032.7066766488706,26259,350
1033.0288982236002,121039,350
1033.0433608013836,46580,350
1033.2056274420922,90106,350
1033.441503127284,130160,350
1033.4762438554556,134643,350
1033.5387793630032,13429,350
1033.7826624510035,16581,350
1033.9545231777247,61166,350
1034.487437080903,148617,350
1034.9380391506368,127041,350
1035.5854627329622,41547,350
1035.6317009601437,46537,350
1036.0982289912806,34317,350
1036.137891148755,142318,350
1036.174999665121,121043,350
1036.2761692001607,217079,350
1036.3286851676462,213110,350
1036.7137735546864,264209,350
1036.74323907126,18485,350
1037.2111941056944,71138,350
1037.3136877361712,19987,350
1037.788592729179,28460,350
1038.0009888179604,285739,350
1038.316070854677,35368,350
1038.3330177691487,137219,350
1038.7583623699454,123868,350
1038.8884213188417,202083,350
1038.9366313629896,13302,350
1039.0581987616304,140114,350
1039.2102893152955,459249,350
1039.2980234561649,19987,350
1039.5158340954276,547387,350
1040.0120457240157,323980,350
1040.1837660033696,241740,350
1040.23383867849,1430037,350
1040.3938845921189,150316,350
1040.5029587734716,46473,350
1040.533278881802,60529,350
1040.603914876598,163193,350
1040.742457428452,22357,350
1041.0014995902902,140625,350
1041.5893349327762,174741,350
1041.6016855148025,224234,350
1041.6597659003808,112567,350
1041.7420067042538,13429,350
1042.2340517867574,141846,350
1042.447371616123,1545939,350
1042.5502109674496,24140,350
1042.6939657869702,65610,350
1042.9156748521425,41547,350
1042.994389017368,323956,350
1043.4951164499453,29063,350
1043.9541878697935,573499,350
1044.1697598149037,45851,350
1044.8934447188649,152652,350
1044.899008397069,40119,350
1045.9790898913072,94846,350
1047.2549136169391,49203,350
1047.3055314909209,155602,350
1047.403584727744,672356,350
1047.565407493619,293350,350
1047.599517334459,213438,350
1047.8758739808463,28460,350
1047.9461173440911,118330,350
1048.2370665460123,25735,350
1048.4605460074274,199475,350
1048.6520880558746,36632,350
1048.7024853705423,36901,350
1048.8339607969324,54519,350
1049.2810666043613,39977,350
1049.8380140249258,174741,350
1049.8744195321742,148617,350
1049.8980656473373,30522,350
1050.050624149277,41999,350
1050.0830984955273,1214326,350
1050.6289534189898,90454,350
1051.205096336746,46478,350
1051.595659327359,99128,350
1051.7319887432764,143733,350
1051.7648599535853,18714,350
1051.7765822093622,77348,350
1052.116677536087,45851,350
1052.4276117837942,1521576,350
1052.5387395683183,175299,350
1052.851504173878,113235,350
1053.1033724137765,173745,350
1053.129386518066,357795,350
1053.21402814166,632241,350
1053.5656130612176,400918,350
1053.7633547046603,283988,350
1054.29071997684,151102,350
1054.4343816838882,25735,350
1055.1670844156847,802866,350
1055.6556632939034,142883,350
1056.21691425099,224234,350
1056.5045900221014,55163,350
1056.5340809416812,16581,350
1056.6353777392123,94274,350
1057.5855472444596,89004,350
1057.6736890842933,346818,350
1057.935879224673,27333,350
1058.5923431134718,65594,350
1059.1916456376082,383104,350
1059.6546207930433,672356,350
1060.1491577130662,262109,350
1060.544814732083,346818,350
1060.982785126169,110690,350
1061.1567638664856,351856,350
1061.5848736454514,21003,350
1061.7603288915536,1521576,350
1062.395480079597,36901,350
1062.5759812861127,61434,350
1063.0154156102317,15936,350
1063.2248473152465,346818,350
1063.2592582589416,22586,350
1064.166562380281,128341,350
1064.3024848344144,116063,350
1064.3969835877062,46537,350
1064.4215218114216,141846,350
1064.5983879157152,213110,350
1064.760700789016,3364519,350
1065.438078206661,121039,350
1065.8356375303858,41547,350
1065.8904137960958,168539,350
1066.0402731964084,26003,350
1066.3028663652274,163193,350
1067.06876520392,194356,350
1067.0838001606965,464480,350
1067.2100224102571,1729658,350
1067.2771344496596,219434,350
1067.5082528613225,16634,350
1067.7247490736054,143733,350
1068.1078647551424,20657,350
1068.3097302968931,134643,350
1068.5711076725659,166584,350
1068.8038187450397,27293,350
1068.8454762908252,18685,350
1068.9247603360973,201924,350
1069.0187231145824,74248,350
1070.6122711312137,71150,350
1070.6453767641876,20892,350
1070.694873725368,498014,350
1070.7001625109722,202606,350
1070.9034499194026,19621,350
1071.318753333213,35160,350
1071.6979157520727,135830,350
1071.928839548598,308717,350
1072.167090755896,765830,350
1072.3446314768792,20427,350
1072.5612459117278,21268,350
1072.8981643731672,150914,350
1074.2611292217678,152652,350
1074.941805202833,123868,350
1075.451939516914,142277,350
1076.1464833897203,221685,350
1076.187284671213,99555,350
1076.7015098672684,323956,350
1077.4501752093574,17977,350
1077.4712317120488,35478,350
1077.5835876824826,83658,350
1077.998619140967,46931,350
1078.0877741915488,18485,350
1078.1869104013545,223520,350
1078.629216735699,113258,350
1079.0597089035784,16634,350
1079.0930196116979,79322,350
1079.2352140510538,113234,350
1079.3834281235472,13429,350
1079.42678100565,89004,350
1079.5215993577465,5747480,350
1079.5312447672281,137219,350
1079.628712787802,24140,350
1079.8017222945907,17592,350
1079.920610896967,97294,350
1080.367420884166,99128,350
1080.8235412597023,92201,350
1081.0668967762,56146,350
1081.1737959622385,166490,350
1081.18631832042,21431,350
1081.2288210109548,65610,350
1081.6638893050588,1047235,350
1081.6871257948833,238835,350
1081.699457030921,186618,350
1081.8459783941298,92894,350
1082.3901241600636,28573,350
1082.7232335024546,66472,350
1083.2330251888989,173767,350
1083.3613941550764,61166,350
1083.5522023290857,58480,350
1083.7089120899846,21431,350
1084.054202992383,22355,350
1084.2117616630742,55541,350
1084.5916225585752,112541,350
1084.734003352221,34513,350
1084.8548736773278,142318,350
1085.074419659403,105748,350
1085.1463107791415,212646,350
1087.297426313834,12574,350
1087.5048841266241,231235,350
1087.7420418505656,2253483,350
1087.972266875358,345995,350
1087.9800682458103,254710,350
1088.2345383227785,240169,350
1088.630116441581,102422,350
1088.8408541058088,91088,350
1089.094029062232,34502,350
1089.307888027848,70889,350
1089.7542516373499,4453551,350
1089.891701734699,342342,350
1089.9960288805871,62334,350
1090.1659824503843,27048,350
1090.386736767163,672356,350
1090.5644466648391,1435200,350
1090.7510559841746,155254,350
1091.0056149542627,1002204,350
1091.013159936456,2242798,350
1092.120409337193,23771,350
1092.298759395517,293350,350
1092.5281501215238,766247,350
1092.9807590083421,46242,350
1093.150755075945,23659,350
1093.4495162839219,35368,350
1094.4674135507498,28573,350
1094.7152855812367,213483,350
1095.2233072103736,27307,350
1095.5724838938795,2242798,350
1095.7466235749612,72968,350
1095.9476371348055,66504,350
1096.0062811032938,54519,350
1096.2489668590756,28890,350
1096.4318545799138,142307,350
1096.5821054135738,13429,350
1096.642615569736,40436,350
1096.8314963491332,143012,350
1097.499466729201,49203,350
1097.558262200918,1373836,350
1097.7755493015375,238835,350
1097.863967117875,1480148,350
1097.977426800066,110690,350
1097.9871798079778,94846,350
1098.5778710202983,41999,350
1098.6138998994277,15990,350
1098.83087804438,166490,350
1099.0557282607076,174897,350
1099.3432291116192,83658,350
1099.39617240972,72968,350
1099.8532229144214,13429,350
1099.985176487363,282826,350
1100.1539326483264,107487,350
1100.199832851723,33598,350
1100.261039029842,164605,350
1100.27761899368,67839,350
1100.278341745467,58480,350
1100.8616675401568,18485,350
1100.8714098855032,22760,350
1101.0475784175267,33622,350
1101.7479731725837,66472,350
1101.9361015245715,132844,350
1101.9806928788382,155609,350
1102.7065522477005,21061,350
1103.077859698589,533994,350
1103.0834500069448,142307,350
1103.5293445810903,47554,350
1103.8868243293246,213438,350
1104.4233203986182,12115,350
1104.733718699731,249249,350
1104.8011147112904,13256,350
1105.1173144729378,53187,350
1105.4861082021162,241122,350
1105.964097387711,2154194,350
1106.1128033803307,32075,350
1106.2821443362761,498014,350
1106.5045273796272,166964,350
1106.7055249012953,188910,350
1106.8757102479901,112541,350
1106.9723307848915,20386,350
1107.0218742840575,66472,350
1107.3359320964755,547387,350
1107.786729571347,30522,350
1107.999278814548,2461162,350
1108.195902959724,163193,350
1108.9988926604296,531817,350
1109.346534458138,46242,350
1109.5307150644571,113229,350
1109.6852636739106,353012,350
1109.8230206072656,152652,350
1110.0723368268134,34317,350
1110.3215678364402,213438,350
1110.78623172309,5747480,350
1110.8565672857437,151102,350
1111.3321342550505,74248,350
1111.6670460871348,196623,350
1111.7906126963449,36632,350
1111.8762531671084,46478,350
1112.208075588243,116063,350
1112.421161577881,20578,350
1112.4702499374341,319223,350
1112.642777912891,35160,350
1113.0020403714977,150316,350
1113.3537244684733,21003,350
1113.5993899001962,323942,350
1113.9447296110714,128070,350
1114.218365088359,163775,350
1114.4628955411465,33598,350
1114.555703760088,42493,350
1114.9264385440188,32400,350
1115.132412816137,129471,350
1115.56440142147,18082,350
1115.8979365157043,166964,350
1115.908680473979,46473,350
1116.0820663683874,899024,350
1116.2144764091288,361723,350
1116.3091412290687,117521,350
1116.5585987266616,116063,350
1116.6422216983087,32274,350
1116.6911814371917,46490,350
1116.741100806282,65594,350
1116.7988053477704,173767,350
1117.0383798202138,140210,350
1117.8399434075095,129471,350
1117.9536635502438,92198,350
1118.451898482413,2067699,350
1118.5091830567435,128517,350
1118.6292678132957,117521,350
1119.1241273406472,2612782,350
1119.4693658040385,121043,350
1119.822682464067,533994,350
1120.2526368135248,202083,350
1121.0708256379273,113258,350
1121.3863756916958,41952,350
1121.4288844674368,97501,350
1121.879956258391,97501,350
1122.286241319688,89353,350
1122.7584502074528,46242,350
1122.860920078728,157573,350
1123.0879505823746,46470,350
1123.1096474906826,152652,350
1123.212245623025,20892,350
1123.382202043952,175299,350
1123.5137356351727,22760,350
1123.9762348657098,62334,350
1124.104675749876,20578,350
1125.3784646778208,178082,350
1125.4881882861048,323980,350
1125.694164076494,471679,350
1125.7156321874013,181744,350
1125.9580516233439,173767,350
1126.0955325711686,308717,350
1127.1609550081148,2253483,350
1127.3611984891004,149956,350
1127.382773005419,173745,350
1127.4115366195726,70889,350
1127.43590260494,107487,350
1127.5470365985746,21061,350
1127.6452549780818,308717,350
1128.6142148856325,29063,350
1128.6684638679833,899024,350
1128.969873879434,118330,350
1129.1120542245492,319223,350
1129.426174076497,20386,350
1129.5254421981754,285739,350
1129.5430139123837,146374,350
1129.607282243423,323935,350
1129.7273853033214,488058,350
1130.349328637913,233736,350
1130.6949536492143,74248,350
1130.7619593039028,111061,350
1130.930658234385,247752,350
1131.0355806177504,202606,350
1131.0421125350847,16495,350
1131.0864855443242,45233,350
1131.4449016750918,1915777,350
1131.7011174758195,66471,350
1131.838226821267,21268,350
1132.1444694629772,99128,350
1132.6418309701673,1562167,350
1133.1197044036712,174741,350
1133.159331012906,54519,350
1133.8687771418886,86355,350
1133.9190646297382,27753,350
1134.2956043689628,255501,350
1134.326459156868,186618,350
1134.3917526016699,36774,350
1134.7776111505614,35368,350
1134.8704628556645,74248,350
1134.9596680122283,144180,350
1135.7130261902537,4270809,350
1135.7614115434296,142553,350
1136.0247358293666,137654,350
1136.5349523146126,107487,350
1136.7924041125937,547387,350
1136.9388382970903,672356,350
1136.9453840095798,142277,350
1137.2712660499217,25507,350
1137.5932992253372,24140,350
1137.836011643724,323924,350
1138.069883409466,32274,350
1138.4107886774495,72425,350
1138.4552874306366,1545966,350
1138.5862480025671,672356,350
1139.204476966444,32274,350
1139.2249180552233,137219,350
1140.0915134392321,107487,350
1140.5054590416048,46580,350
1140.6270414912406,20657,350
1140.816013430914,241122,350
1141.1652935723002,5747480,350
1141.1887207680631,175299,350
1141.4011311556822,168539,350
1141.6773535806424,173767,350
1142.1489533554884,3364519,350
1142.6664625265805,323935,350
1143.4930312655335,23168,350
1143.708743404973,175299,350
1144.2641067321158,160489,350
1144.3487489611375,1915777,350
1144.5749300548425,21050,350
1144.8690999686428,247752,350
1145.0352523327563,112424,350
1145.2915458779557,39977,350
1145.9696071477795,308717,350
1146.2767236463446,241740,350
1146.4726745976948,95541,350
1147.112104293813,20427,350
1147.8067847261623,61089,350
1148.048293003291,18050,350
1148.2386122108471,60529,350
1148.7239353811574,110690,350
1149.5073540223336,181744,350
1149.6681816761104,202083,350
1149.8417424247543,139122,350
1150.3536826738823,178082,350
1150.554482740248,140625,350
1150.7629071175168,47558,350
1151.0734877666714,74248,350
1151.1150573755547,30796,350
1151.3677209645377,36901,350
1151.3956355509902,13429,350
1151.4199686314953,34513,350
1151.8486483584497,17575,350
1152.0885827982697,143012,350
1152.094164210799,17592,350
1152.3277511656695,891285,350
1152.6044937648594,74248,350
1152.6657624438799,52080,350
1152.726739526899,128070,350
1152.7523685741417,28856,350
1152.9153231129062,113234,350
1153.2086467218016,3442901,350
1154.201663765137,573499,350
1154.2778480437958,539476,350
1154.5703439813594,891285,350
1154.7221121700197,137219,350
1154.995188361953,98145,350
1155.392519683811,174772,350
1155.5335118672178,74248,350
1155.5597449132283,143781,350
1156.0031834102124,28873,350
1156.2193119644521,27319,350
1156.897044283946,547387,350
1156.9578756205472,174772,350
1156.9991674225507,40626,350
1157.0525800123787,22355,350
1158.2499825253408,151102,350
1158.7885219690895,150914,350
1158.8780793209228,126119,350
1158.985803014748,199475,350
1159.275823571457,36901,350
1159.4409628654514,32274,350
1159.538697866761,319223,350
1159.6540861288238,196623,350
1160.263611480876,241740,350
1160.591563435163,21268,350
1161.2046071386717,24291,350
1161.9841435167618,130160,350
1162.2983317019223,40436,350
1162.5889420807437,46242,350
1162.6358511139044,242114,350
1162.8481961272782,573499,350
1162.954463130158,66471,350
1163.6842034611761,32274,350
1163.7803901989614,28929,350
1163.899807904269,632241,350
1164.6492492282273,76626,350
1165.7951014445287,546874,350
1166.0882871271308,86355,350
1166.3317817452478,286160,350
1166.431243399202,29063,350
1166.8624186216477,21431,350
1167.0657510287342,32075,350
1167.289676567954,224234,350
1167.4866888492322,36774,350
1167.675975745166,2173451,350
1167.7735252541902,274862,350
1169.0089209332293,12574,350
1169.4005509511119,47554,350
1170.5975446603588,174897,350
1171.9245472198531,224234,350
1172.0614624086456,33893,350
1172.2567689822288,40436,350
1172.7065080723858,539277,350
1172.8267376175975,130160,350
1173.5796639912896,112541,350
1173.768322709778,51013,350
1173.8996378034446,18714,350
1174.0579341830091,155609,350
1174.0808518875062,21061,350
1174.1876470456862,30017,350
1175.3797734388686,112518,350
1175.5373031934434,546874,350
1175.6766197402592,47102,350
1175.9415163570998,107487,350
1176.1936758001748,35368,350
1176.2300271491122,174815,350
1176.545487275867,207682,350
1176.580881275135,61089,350
1176.6481641002267,163193,350
1176.6655621293237,143012,350
1177.1169352142315,40626,350
1177.4874953270744,802866,350
1177.6153852561768,77479,350
1177.9340774638715,35160,350
1178.5893353581555,65610,350
1178.6446741080235,28573,350
1178.7845449085016,102411,350
1178.816998308557,155254,350
1178.8216242659723,181744,350
1178.8723374202111,36632,350
1179.1671417419873,113218,350
1179.4004685169377,102411,350
1179.5550344646615,165563,350
1179.815817704885,74248,350
1180.3698741004707,213483,350
1180.61606328257,498014,350
1181.0245754548737,34024,350
1181.2123115918553,2173451,350
1181.2255745420473,231235,350
1181.3822192979246,155188,350
1181.9580263837959,12574,350
1182.2273216872952,112596,350
1183.5671369163845,233736,350
1183.8598566667115,28339,350
1184.34171324528,500128,350
1184.873034308931,34317,350
1185.0993849346191,471679,350
1185.2895270703211,16634,350
1185.5835449202166,113258,350
1186.1007641017118,18685,350
1186.510017534096,2242798,350
1186.8968371343904,15936,350
1186.948313489878,165144,350
1187.1013786075255,323992,350
1187.4583406720124,181744,350
1187.650372438885,91088,350
1188.394306750808,18082,350
1188.4118034400867,65594,350
1188.521200946955,286160,350
1188.536434940345,346818,350
1188.6395247223445,34502,350
1188.6434475601586,18082,350
1189.849523526139,308717,350
1190.1439266354653,28856,350
1190.401099798272,202091,350
1190.6664185878922,285739,350
1190.7817197536392,117521,350
1190.839868745054,79212,350
1191.1597588633338,113258,350
1191.2031245963772,66504,350
1191.2188367519145,61089,350
1191.34713134316,41999,350
1191.6206443007316,30169,350
1191.6495417124706,471679,350
1192.1912106821005,56878,350
1192.434895522606,539276,350
1193.2232712349835,197941,350
1193.2363401839514,323992,350
1193.2409376670612,137219,350
1193.330263808606,187384,350
1193.3400979038015,201924,350
1193.8144681777344,323988,350
1194.2017107809602,2242798,350
1194.3584460426703,36774,350
1194.4171778644136,27307,350
1194.6541241969712,92201,350
1194.894502852685,77348,350
1195.365526200718,27048,350
1195.4271859139672,51522,350
1195.8313282308732,206590,350
1196.1752415723,124431,350
1196.3428036557696,1545718,350
1196.3582850853957,139122,350
1196.3948489765537,157201,350
1196.4277920408415,1214326,350
1196.6595925548245,103881,350
1197.225999518525,79322,350
1197.5451509829325,107487,350
1197.624877532448,21431,350
1197.904548897516,2612782,350
1198.2415934528128,194356,350
1199.430933668556,99555,350
1199.4464309066843,173549,350
1199.690222707495,123868,350
1200.3430332493776,19788,350
1200.3594621076477,26259,350
1200.4458110306132,178082,350
1200.729062079381,108256,350
1200.8780087762254,173767,350
1201.0861425885357,121040,350
1201.2877580400468,531817,350
1201.622616200986,144764,350
1201.749729408079,135456,350
1202.1090026236518,30316,350
1202.553647087562,79212,350
1202.8202411690725,35160,350
1202.9266570383186,351856,350
1203.5613178272852,107487,350
1203.571151942265,77348,350
1203.772269125775,23168,350
1204.1803141024793,62570,350
1204.3200824903665,42493,350
1204.43763842153,345995,350
1204.47543215352,459989,350
1204.6470879198587,116063,350
1205.4345477755714,143012,350
1205.4440417115534,155254,350
1205.4615181448248,118330,350
1206.137212771402,635271,350
1207.6342339922237,382492,350
1207.914946441249,128517,350
1209.37669054383,19987,350
1209.6079130748012,293350,350
1209.8470259774126,118330,350
1210.2276735648948,766247,350
1211.3337133898892,146374,350
1211.4338629022989,121040,350
1211.6592741327522,89004,350
1212.455360120877,32738,350
1213.2003317991255,22411,350
1213.861833548384,32242,350
1214.2152083325827,62570,350
1214.569489895018,286160,350
1214.8019122345745,46478,350
1214.8241693016578,539277,350
1214.9537947346737,459249,350
1215.3621977126206,120792,350
1215.5000120996067,41999,350
1215.5995373797975,86649,350
1215.6059590649697,27327,350
1216.0913964832869,94274,350
1216.3199365519695,4063051,350
1216.4624606624209,351856,350
1216.7866890685184,148251,350
1216.8387133152776,43146,350
1217.4558976844844,112596,350
1217.7024171468192,166964,350
1218.2935992613461,382492,350
1218.300806481857,90454,350
1218.355934335353,464480,350
1218.3890032775448,31876,350
1218.4659197166238,323978,350
1218.8288733382071,99555,350
1218.8653572239198,46242,350
1219.7734807429565,112518,350
1220.0586678165246,110690,350
1220.5126534464903,27048,350
1221.4354124421268,140625,350
1221.5627689411413,224234,350
1221.9214198361299,30796,350
1221.944695245613,587293,350
1221.9610755642511,67532,350
1222.1576821574256,12574,350
1222.466591759173,53187,350
1222.830916122616,629129,350
1223.4148199191995,54519,350
1223.9082512491295,137654,350
1224.166350975595,92223,350
1224.3554881220875,41547,350
1224.4990119441857,213483,350
1224.500805756118,199475,350
1224.838426672198,4063156,350
1225.40647881819,255501,350
1225.8420476086324,21431,350
1225.9666751992877,61089,350
1226.1530485857782,802866,350
1226.2915370478136,15990,350
1226.46621082211,11840,350
1226.699888408595,130160,350
1226.7281863543537,293350,350
1226.8103043589003,1247478,350
1226.844767427886,28856,350
1226.8476232157925,28929,350
1226.9558718426097,766247,350
1227.1174110942354,137654,350
1227.265432465294,20427,350
1227.276100187192,323992,350
1227.7806506725633,22411,350
1227.8293609227203,323988,350
1228.0991938304585,30889,350
1228.3842478688691,128517,350
1228.4206359703014,22760,350
1228.430496471158,92223,350
1228.4380935903146,464480,350
1228.5346719310985,18159,350
1228.789480182979,30017,350
1228.8319010434568,13256,350
1228.8532800477208,34513,350
1229.116167625323,47554,350
1229.162012806561,47102,350
1229.6500874148974,13302,350
1229.8485642975954,357795,350
1230.1084401094042,158311,350
1230.7215263884268,113221,350
1230.7735914300224,231235,350
1231.013976763666,113218,350
1231.13805434902,155587,350
1231.179589378487,20427,350
1231.4446580925892,113235,350
1231.4549982233718,262109,350
1232.0053154467369,1047235,350
1232.3425218970408,155525,350
1233.5026218903279,283699,350
1233.6839046072291,71150,350
1234.4247937530606,35160,350
1234.4842409307128,181744,350
1234.7060544557132,4063051,350
1234.9268193735847,39977,350
1235.2681132650525,4453551,350
1236.1235136552318,1545634,350
1236.5894542836527,629129,350
1236.6121703242957,25735,350
1236.8581694959241,199475,350
1236.971387516485,496383,350
1237.0114295544029,164212,350
1237.20358747582,255501,350
1237.3538530128537,92198,350
1237.3640067548858,52080,350
1237.5971520379587,140114,350
1237.6261518856963,123868,350
1238.0358172488145,2173451,350
1238.1242907997298,33622,350
1238.3882850124357,49756,350
1238.444060160117,143781,350
1239.1201501884455,56146,350
1239.1363112647578,181656,350
1239.7816403163763,464480,350
1239.8399122304563,32738,350
1239.8862093120752,206823,350
1240.1566059221975,61089,350
1240.3892069640663,144180,350
1241.3196489187417,202083,350
1241.5179059532795,899024,350
1241.5865204504944,99128,350
1241.8469355625323,539276,350
1242.0821195282526,112518,350
1242.317107764733,471679,350
1243.3189566237404,47554,350
1243.4061472111546,21431,350
1243.5680566874512,242114,350
1244.0788401867874,765830,350
1244.390392409536,143164,350
1244.4579376456174,15936,350
1244.8701127481306,155609,350
1244.923877795178,26594,350
1245.2435823464705,62570,350
1245.814087160467,224234,350
1246.2359704385985,1131859,350
1246.240029864432,206100,350
1246.449303964677,174897,350
1246.4983967468097,18694,350
1246.6129172999053,76626,350
1247.018643597936,28890,350
1247.074897439608,417340,350
1247.853127095485,3364519,350
1247.861064357193,146374,350
1247.9166703786893,53860,350
1247.9317701469527,31195,350
1248.1322018951455,157201,350
1248.2161000680594,163193,350
1248.4226695217405,18050,350
1249.0357786289521,802866,350
1249.322876390099,617656,350
1249.3367917204457,66504,350
1249.3383657576112,3364519,350
1249.6578722476486,361723,350
1249.688430268359,28873,350
1249.9050188557997,217079,350
1250.6130092579656,142553,350
1250.85278862616,164605,350
1251.237125669079,24739,350
1251.3791757416957,102422,350
1251.5256931979497,83658,350
1251.535996557298,201924,350
1251.583139032375,27972,350
1251.5966176828942,247868,350
1251.7080416663848,240169,350
1252.0342039205543,66504,350
1252.0745806415357,18159,350
1252.6033664473184,345995,350
1252.820909950984,459989,350
1253.087290245841,635271,350
1253.5872633156089,90106,350
1253.7868147549887,219434,350
1254.0551657495619,298003,350
1254.2793128321168,174897,350
1254.2993914160943,357795,350
1254.3599045020107,1545718,350
1254.8244026831055,41583,350
1255.8381228189598,60529,350
1255.8899906065287,28890,350
1256.0439322573943,112567,350
1256.1323295910431,587293,350
1256.4385083515792,53860,350
1256.6700979744535,201924,350
1256.6821435074608,39977,350
1257.6938377887266,160489,350
1258.4517121192716,86649,350
1258.823630289373,197941,350
1259.051890484008,128517,350
1259.1516252518538,148617,350
1259.3003250928298,206590,350
1259.4181472586342,635271,350
1259.5684361818244,672356,350
1259.5901856723858,227407,350
1260.1412829038268,35160,350
1260.393376586784,308717,350
1260.5623594817084,224234,350
1260.9175516668556,90106,350
1261.2774707497783,121029,350
1261.285965932295,279386,350
1261.33633692551,112541,350
1261.5298435461766,155609,350
1262.026587120459,13429,350
1262.5458289168462,11840,350
1262.6547316386846,41547,350
1263.0660710818274,24037,350
1263.072287492892,151102,350
1263.4213283483803,213483,350
1263.5959633958553,31285,350
1263.6898648784759,155188,350
1263.9197742013052,110690,350
1264.1851100867364,254710,350
1265.0090534140836,199475,350
1266.0167010010894,254710,350
1266.1817444178116,112596,350
1266.6920095852001,121029,350
1266.8413546312077,88343,350
1267.124406426468,28890,350
1267.1955761155061,21017,350
1267.240905236393,46537,350
1267.4672953817494,49203,350
1267.5821717594715,59374,350
1267.6838353763287,155609,350
1267.7024965418198,99555,350
1267.7415896141504,112596,350
1268.064076630447,202606,350
1268.3846195523854,35287,350
1268.5691957355016,573499,350
1268.8208418443553,184026,350
1268.8357510020323,65594,350
1269.3297441840166,89353,350
1269.579505996248,17977,350
1269.9136860356966,99128,350
1269.9664793977279,102411,350
1270.2734274760453,174741,350
1270.5863782840324,276196,350
1270.702126694037,77348,350
1271.7164095116505,20657,350
1271.8326334988062,1545966,350
1272.479571750233,143290,350
1272.9733147318443,233736,350
1273.6562807347862,18694,350
1273.8262131911345,27307,350
1273.8893835555739,224234,350
1273.9419649881231,48364,350
1274.3395627998189,157573,350
1274.5579218129053,43146,350
1274.7323694573356,323992,350
1274.8903811808511,35287,350
1274.90177308215,174897,350
1275.025183474625,539476,350
1275.7727892546254,323924,350
1276.0586411662534,206823,350
1276.1286387415794,41999,350
1276.64303304359,450571,350
1276.9677054167375,213483,350
1277.8655787696875,1435200,350
1277.9610665302107,32242,350
1278.0328802844465,92201,350
1278.6782340884197,55541,350
1278.8305520312497,141846,350
1278.9518514869364,143733,350
1279.2960672738654,652448,350
1279.4255381657606,72425,350
1279.4940002256099,104524,350
1279.8650150273666,287670,350
1280.1068765726832,31876,350
1280.1521716049876,118927,350
1280.509560449778,142961,350
1280.5575429678902,31285,350
1280.5708276475095,180936,350
1280.8597632208628,39977,350
1280.9317099322407,146374,350
1281.1851578230373,15990,350
1283.0524792473595,42799,350
1283.9366355838947,18050,350
1284.0159138550769,243929,350
1284.1207004126034,118330,350
1284.4691228196277,92227,350
1284.4705862127903,97294,350
1284.7258764460416,345995,350
1284.8164169097774,55163,350
1285.10804631572,181744,350
1285.4424956684102,231235,350
1285.7621021591422,46473,350
1285.7764494916903,112518,350
1285.8157673993687,319223,350
1286.4174791276819,28460,350
1286.46164668198,45851,350
1286.649072442967,377008,350
1287.1848665074576,27333,350
1287.1913439428286,14494,350
1287.2543964831013,146374,350
1287.5721611686533,139122,350
1287.6111670241796,21229,350
1287.8479853087422,24140,350
1288.3741320196734,45233,350
1288.6347828897583,1545966,350
1289.2119493910277,353012,350
1289.3183514479185,22586,350
1289.6924905641042,157573,350
1290.2473308078838,41952,350
1290.3416933687918,27333,350
1290.8947781744039,24140,350
1290.9243927031257,46478,350
1291.1757188338772,128070,350
1291.2253321155008,170037,350
1291.584006270772,173745,350
1291.8123429220582,163775,350
1292.1417364413423,28573,350
1292.6384115656938,151085,350
1292.8409428483724,28460,350
1292.9180065800683,160489,350
1293.487063395474,72968,350
1294.2988348183287,573499,350
1294.8764924716713,268311,350
1294.9194038667088,110659,350
1295.381669997044,1545718,350
1295.6839062344545,17592,350
1295.8468356544986,587293,350
1295.883838056362,88158,350
1296.2343723693893,178082,350
1296.5522539752405,31109,350
1296.631876192239,113229,350
1296.7747589320156,2612782,350
1296.826573026086,36901,350
1297.6085894612363,61250,350
1297.801502525022,31195,350
1298.0773852774187,31285,350
1298.3259168150414,150211,350
1298.7827761165179,379225,350
1299.0923661841107,24037,350
1299.1799876813068,112202,350
1299.3638345815007,32075,350
1299.4730067968367,629129,350
1299.6445881514226,26003,350
1299.9664393528496,181656,350
1300.1598433152196,30522,350
1300.4304499743591,323992,350
1300.4846212820523,1562167,350
1300.6868336204939,71138,350
1301.0255512624517,72425,350
1301.326273957039,13256,350
1301.4774179895503,18159,350
1301.545709723039,2461162,350
1302.4032655822994,99555,350
1302.6763613272374,17575,350
1302.876162629057,65610,350
1302.9263013977452,42493,350
1303.3160023332553,283988,350
1303.5693432336793,53860,350
1303.6460512416552,28714,350
1303.6497160397737,46473,350
1303.8655712718114,4823251,350
1303.9238817902908,83658,350
1304.0734492770662,102411,350
1304.4139175849655,95541,350
1304.747070493559,899024,350
1304.770477924526,25507,350
1304.890284707686,155587,350
1305.5321705971094,14074,350
1305.6198634806287,323988,350
1305.7521822508677,61434,350
1305.9059326025065,99128,350
1305.907001183268,629129,350
1306.2816901204742,157201,350
1306.3005443118552,28339,350
1306.3914070925955,323942,350
1306.4609663151227,377008,350
1306.7081144862266,13256,350
1306.833289517286,1214326,350
1307.185823376902,130651,350
1307.6167765251002,443165,350
1307.6620219457902,25735,350
1307.7222492382464,802866,350
1307.9907276404874,2461162,350
1308.4544821592283,81184,350
1309.3511819631703,49756,350
1309.42035206342,464480,350
1309.9498776175776,170037,350
1309.9923917256808,496383,350
1310.142547435313,23659,350
1310.6168288459464,56146,350
1310.6932390910506,103881,350
1310.7433624991781,34024,350
1310.754240920886,206823,350
1311.0241924353124,137654,350
1311.267508530384,16581,350
1312.349116589459,21050,350
1312.5418571490602,31876,350
1312.599833697795,61434,350
1312.734050271338,66472,350
1312.7522540422888,113234,350
1313.0686995482058,33893,350
1313.4444386580728,33598,350
1313.5164565269088,151176,350
1313.6038313221368,2173451,350
1313.6265442660042,121039,350
1313.649916695459,21229,350
1313.8121447623353,210699,350
1314.0309922757804,104785,350
1314.0347241957147,18082,350
1314.3520462469687,27307,350
1314.4511035801584,1047235,350
1314.6922212989368,27293,350
1314.9181646273028,104033,350
1315.3713727012243,102411,350
1315.9475959171825,22411,350
1316.5063603516776,142277,350
1316.6238276556421,28856,350
1316.9032284886619,27319,350
1316.950971078103,212646,350
1317.1302787324441,459989,350
1317.2353681493212,32738,350
1317.3509549196283,92227,350
1317.7841857234823,34317,350
1318.4642978520094,212646,350
1318.583368353913,194356,350
1319.0672050839698,20602,350
1319.233637756277,93169,350
1319.3238850820085,34502,350
1319.4662405210584,13084,350
1319.5696359227682,28460,350
1319.615214713505,27327,350
1319.628484011368,539277,350
1319.636519886247,117521,350
1320.0041622636695,66743,350
1320.2433297625184,45233,350
1320.3668863245082,195266,350
1320.5493759090111,672356,350
1321.8044679690595,400918,350
1321.9646425909373,736462,350
1322.0340986152821,178082,350
1322.3845770599355,150914,350
1322.4215049161478,766247,350
1322.677930913018,34605,350
1322.8356615304956,29063,350
1323.0651891773093,151085,350
1323.1602719431885,2242798,350
1323.3038070549615,157201,350
1323.7101527250977,46580,350
1323.7357497264347,3364519,350
1324.1955640311319,301853,350
1324.7175323656284,20137,350
1324.8557292800097,62334,350
1325.2181835932292,379225,350
1325.502627845387,464480,350
1325.714149695264,34502,350
1326.1185119473241,152652,350
1326.2426412599802,238835,350
1326.778441911773,34605,350
1327.491862067739,262109,350
1327.7712476803015,1131859,350
1327.8329772157028,25507,350
1327.8465049575705,32274,350
1327.992345869951,3442901,350
1328.0120289902818,45233,350
1328.1471687616024,25507,350
1328.8655662932438,32075,350
1329.2808955831272,113218,350
1329.3038222580435,128517,350
1329.3696586943279,11840,350
1329.6938068117922,891285,350
1330.5902363642992,206100,350
1330.9737449738068,42493,350
1331.018152650933,15936,350
1331.1642287543527,77479,350
1331.6232408972865,142307,350
1331.8684188178534,22752,350
1332.001715860331,21061,350
1333.7625479931544,128341,350
1334.1294591011724,496383,350
1334.318473722721,41583,350
1334.6509989325587,31195,350
1334.7282643204217,298003,350
1335.2665989548582,30316,350
1335.4811363854603,17592,350
1335.8254238946604,35287,350
1337.3619615644718,498014,350
1337.565284541665,61089,350
1337.754266840002,116063,350
1337.9787048234584,40436,350
1338.1031545279632,2242798,350
1338.3545845078486,53187,350
1338.376062959643,617656,350
1338.9462249290477,496383,350
1340.2611156752282,25507,350
1340.4607402744834,22586,350
1340.4640859638105,21050,350
1340.5647204138622,323956,350
1340.5680210783373,143673,350
1340.6170533811853,1131859,350
1341.3114613219007,32242,350
1341.4594993389112,94274,350
1341.656575665999,2173451,350
1341.8957231809052,31285,350
1341.9652678432108,4823251,350
1342.5256241460345,1546006,350
1342.8170415009738,635271,350
1343.1225803580805,22355,350
1343.3421587912248,74248,350
1343.7022014244183,672356,350
1343.860083671669,22205,350
1344.3011037053998,2461162,350
1344.544174775019,142318,350
1344.5583845975011,254710,350
1344.5858637549986,28339,350
1344.7253461995929,59256,350
1344.7350848176925,52080,350
1344.7587447637097,255501,350
1344.8948652391666,99128,350
1344.996600818528,1214326,350
1345.298609575915,46490,350
1345.3848028434772,112424,350
1345.4761063329386,27327,350
1345.610577950257,3364519,350
1345.6216990008515,25735,350
1345.9219418618998,765830,350
1346.3103420375166,323956,350
1347.3475505978556,130160,350
1347.7911469504843,2461162,350
1347.9014528717,72968,350
1348.3359076309864,635169,350
1349.8170167850874,496383,350
1349.8885906941975,573499,350
1350.818809473175,188910,350
1350.9462320003026,32075,350
1350.963714321946,4823251,350
1350.9839122984092,30169,350
1351.04509148751,21229,350
1351.3712156890056,635271,350
1351.737712237293,1915777,350
1352.080922626076,126119,350
1352.22838550554,400918,350
1352.4688260566259,103881,350
1352.827832371215,112596,350
1353.0519118566867,180936,350
1353.2280332741313,443165,350
1353.3088745158589,27307,350
1353.4506353148433,113229,350
1353.8793191000266,286160,350
1354.1103331470104,31286,350
1354.1752276648272,210699,350
1354.2532074286362,33622,350
1354.712637619734,30796,350
1355.407886973721,61250,350
1355.5132346935836,2612782,350
1355.6608357749278,11840,350
1355.6622197862062,2253483,350
1355.6958024815729,130651,350
1356.0489832402639,287670,350
1357.2277142067762,279386,350
1357.499508630787,126119,350
1357.7356689935502,39977,350
1358.1764600882107,130651,350
1358.276808274549,27293,350
1358.5096110747115,97501,350
1358.6543579905451,65594,350
1358.7957584466196,635169,350
1358.8560529050237,28856,350
1359.0282746723547,74248,350
1359.2399774010528,167856,350
1359.8047765325496,323942,350
1360.7002260034744,46931,350
1360.727652926736,13084,350
1360.7629956675542,450571,350
1361.2841490007909,210699,350
1361.5273488015641,158311,350
1361.942426143062,539476,350
1361.9720793982642,98145,350
1362.0218501688976,417340,350
1362.2627712254123,143012,350
1362.4301768118862,241122,350
1362.6089486403837,21214,350
1363.2748211776554,357795,350
1363.6772481337691,27333,350
1363.8197537805663,672356,350
1364.4839135358015,28714,350
1364.6578914450008,1480148,350
1365.0622040502424,32122,350
1365.4539605272341,1545634,350
1365.5845840470545,500128,350
1365.901423449338,166584,350
1366.6318557228324,22760,350
1367.2894767131543,112424,350
1367.5582370763639,206100,350
1367.6370627411895,41583,350
1367.7297039495154,39977,350
1368.1845038357114,132844,350
1368.405069230155,4453551,350
1368.6291888555577,3150519,350
1368.6455579817637,652448,350
1368.7326941341137,92227,350
1369.0610458261558,53187,350
1369.145764805856,4270809,350
1369.1942770639757,65594,350
1369.3110572741791,488058,350
1369.655237316495,155254,350
1370.0073152006394,151085,350
1370.2412306205224,178082,350
1370.4290443427678,60529,350
1371.0337911366578,345995,350
1371.5816611306466,323942,350
1371.7395699003664,539476,350
1372.3751054710206,24739,350
1373.0780214932565,1002204,350
1373.3955941854872,112369,350
1373.5506359372953,89353,350
1373.7751909398855,148617,350
1373.864896855648,173549,350
1374.394820700978,120792,350
1374.5820478631915,53926,350
1375.0170205117886,31286,350
1375.4490686353665,162715,350
1375.466834989457,539277,350
1376.0530784894665,74248,350
1376.1102121420713,54519,350
1376.2048148609897,26259,350
1376.4440066693119,92223,350
1376.6954211501275,23659,350
1376.8363790558417,66471,350
1376.9760355547485,27972,350
1377.382411618262,223520,350
1377.6010352742508,274862,350
1377.9570338424676,20892,350
1378.5722292006642,1435200,350
1378.7508711150367,1247478,350
1378.9423085407634,128517,350
1379.0841970887668,116063,350
1379.1865869738997,28339,350
1379.7330385252149,92223,350
1379.7735741932138,179901,350
1380.1441635329275,142307,350
1380.301029361179,19987,350
1380.4763992884311,104785,350
1381.2730088901553,179901,350
1381.4035468189102,174897,350
1381.554355487495,652448,350
1381.6339206411012,113235,350
1381.8011178776867,155579,350
1381.8680589492417,148251,350
1382.116786224093,179901,350
1382.2413524587832,18714,350
1382.4160897578397,377008,350
1383.1448702297491,13084,350
1384.4344089082565,323980,350
1384.492207212913,47558,350
1385.0966544199096,173549,350
1385.1074511073646,89353,350
1385.3420624751604,20386,350
1386.2491851562063,946816,350
1386.5006366778834,139400,350
1387.2598806935398,31109,350
1387.6405250105647,547387,350
1387.8270745485916,113218,350
1388.089820558622,26259,350
1388.3442012741339,168539,350
1388.738324235145,142307,350
1388.9006677527204,22357,350
1389.0787423671409,31195,350
1390.2734912748583,13302,350
1390.3647827802783,27990,350
1390.4708938513504,16495,350
1390.6330961836113,83658,350
1390.814970145578,36632,350
1390.888006376434,210699,350
1390.9753425861797,163775,350
1390.9926971745153,21268,350
1391.0720231953048,206590,350
1391.392342128394,279386,350
1391.5639540349662,1430037,350
1391.6139835320812,25735,350
1391.6197640743253,137654,350
1391.729082171871,88343,350
1391.767975588026,116036,350
1391.7730988915775,135456,350
1392.167508123082,135456,350
1392.5268050662198,45233,350
1392.6027947027228,276283,350
1392.658303886001,35160,350
1392.9683218165326,31286,350
1393.1254752793961,283988,350
1393.2865036436147,298003,350
1393.442812394971,46580,350
1393.789930006191,539277,350
1394.7790740998555,20892,350
1394.9938803075092,155609,350
1395.9941453600227,42799,350
1396.0503474263521,94274,350
1396.3172665793873,197941,350
1396.3425135449731,4453551,350
1396.601950686021,379225,350
1397.0074193016844,27753,350
1397.0678490798691,66504,350
1397.1522123160391,539476,350
1397.5176393148918,23168,350
1397.6235539358627,164605,350
1397.6299546399537,174772,350
1397.992668136268,2067699,350
1398.338415743865,24037,350
1398.4207887752136,61250,350
1399.2054842979996,531817,350
1399.299566336756,112567,350
1399.3353149683724,2612782,350
1399.4817535241532,112518,350
1399.4926440197291,174735,350
1399.6664650946834,34513,350
1399.9445696106795,323980,350
1400.8868900899342,15936,350
1401.6281953121343,498014,350
1401.8759091767588,308717,350
1401.8930520431159,186618,350
1402.1155533307435,71138,350
1402.4625667475852,165144,350
1403.0121625710008,18050,350
1403.7332093069601,165563,350
1403.890666927977,471679,350
1403.913092419256,240169,350
1404.4426871283476,34502,350
1404.4965657401394,20657,350
1404.80221047046,1373836,350
1404.8864438600326,2461162,350
1404.9650691094944,353012,350
1405.6705434077353,102411,350
1405.9132562790192,66472,350
1406.457268876866,77348,350
1406.5808601914086,196623,350
1406.7730331014216,242114,350
1407.0024148497005,137219,350
1407.521335289469,107487,350
1407.701170814256,635271,350
1407.9328452074028,13084,350
1408.157069225091,88343,350
1408.4213484305515,56878,350
1408.452093364702,361723,350
1408.577773852247,157201,350
1408.5899447777008,28929,350
1408.5999445914395,54519,350
1409.558174256305,34317,350
1409.5831000513751,233736,350
1409.881813572311,178082,350
1410.0083133863536,53926,350
1410.0787032180472,33598,350
1410.5220636545394,41952,350
1410.574576063879,167856,350
1411.1320485196795,1214326,350
1411.2602459913567,48812,350
1411.2767999358855,155587,350
1411.382954381236,28929,350
1411.6692733572518,121043,350
1411.7879569196798,4063051,350
1411.8409425060365,1521576,350
1411.9525619537035,90106,350
1412.001517029364,32242,350
1412.5594724967664,617656,350
1412.7548629960168,652448,350
1412.9966409514875,46478,350
1413.8269774025412,574826,350
1413.8954440594257,48812,350
1413.9465365175622,81184,350
1414.0154758815017,164212,350
1414.7657934111767,14074,350
1415.2075393807002,42799,350
1416.1510425379875,88158,350
1416.181717994932,179901,350
1416.2633214136633,140210,350
1416.3139291987604,41547,350
1416.6767506228275,113234,350
1416.740712840919,23168,350
1417.4202097343625,174741,350
1417.5374597477025,268311,350
1418.1344499260028,36632,350
1418.2534592031295,36901,350
1418.2872192578052,30796,350
1418.6137766554561,27990,350
1418.7211565713294,323924,350
1418.7587243629084,107487,350
1418.8563271544594,187384,350
1418.97518292706,632241,350
1420.5162395655295,27327,350
1420.8084996969426,459989,350
1420.850271305941,151102,350
1420.9447520734388,143290,350
1421.1541743988964,104524,350
1421.2367113339328,652448,350
1421.3504657363426,165144,350
1421.4064613875987,92201,350
1421.431991745988,319223,350
1422.0420150710936,17592,350
1422.1484418334646,168539,350
1422.3674605730416,238835,350
1422.4544714453168,279386,350
1423.1615455290223,140210,350
1423.3500581287933,61166,350
1423.380812761716,121043,350
1423.583272849181,13084,350
1423.8346371237803,118330,350
1423.859691010755,43146,350
1424.317081513925,19788,350
1424.5089857269354,93169,350
1424.555242016965,150256,350
1425.2955310926402,32400,350
1425.6804831743339,143781,350
1425.9520759053037,142307,350
1425.9638757102618,13084,350
1426.85634650375,13302,350
1426.9979696938835,27333,350
1427.1167492152042,81184,350
1427.1324703735397,323924,350
1427.2229163861582,2242798,350
1427.7582285558178,53926,350
1428.2855534067558,323980,350
1428.311916759549,14372,350
1428.4577448536995,21431,350
1428.8168726826093,11840,350
1429.009412834448,143781,350
1429.0829662445433,104033,350
1429.3621610307725,35478,350
1429.552891904024,28856,350
1429.759859656101,23168,350
1429.8103724218886,30522,350
1429.9613245031753,21050,350
1430.362451650218,22205,350
1430.5544292516017,1430037,350
1430.8264801551973,5747480,350
1430.9549674197501,22357,350
1431.4138625957364,197941,350
1431.4475071055297,26003,350
1431.7923159659856,18714,350
1431.8486866079693,150211,350
1431.9316833592702,47554,350
1432.5654748725565,39977,350
1432.7160205319628,2173451,350
1432.883737224852,28856,350
1433.1835858271743,86355,350
1433.525136301782,3364519,350
1433.819035057917,144180,350
1434.0520212013423,164605,350
1434.0542581442771,70889,350
1434.102852191945,20427,350
1434.1954978554065,97294,350
1434.726661013202,32242,350
1435.4731782147885,70995,350
1435.6641609160731,12115,350
1435.7994848945007,51013,350
1436.744309462811,72425,350
1436.9515186973747,254710,350
1437.3142943487335,155254,350
1437.5561395988711,1915777,350
1437.68965696135,142318,350
1437.8555304412614,92198,350
1438.1595686397106,61166,350
1438.8506962418019,30796,350
1439.018302846707,212646,350
1439.1715813383416,157201,350
1439.1877954645909,531817,350
1439.225660225449,15990,350
1439.2283439049809,298003,350
1439.2680318773305,166584,350
1439.7058978180496,55541,350
1440.0903484172916,276196,350
1440.5286929163376,268311,350
1440.5373330773093,116063,350
1440.8578984478313,53926,350
1440.9501494995218,155609,350
1441.1365650217958,1563064,350
1441.7704044007567,132995,350
1442.009409922717,152652,350
1442.046046063083,121043,350
1442.1902155903385,152652,350
1443.1035506641695,166584,350
1443.7750914972598,40436,350
1444.2312315742813,3150519,350
1444.2708032121038,142553,350
1444.3195259590557,283988,350
1444.349211430856,108256,350
1444.3906268883381,126119,350
1444.3941544686104,2875027,350
1444.9353197544594,13302,350
1445.285846065344,28714,350
1445.7422362475809,52184,350
1445.9385141802627,20602,350
1445.9395313684063,94274,350
1446.1214453485763,40626,350
1446.140208997988,166964,350
1446.7064914828586,18694,350
1446.7157970961562,223520,350
1446.8266681211028,249249,350
1447.3587719064058,54519,350
1447.8079361112993,179901,350
1448.313230747079,30017,350
1448.6070498651375,323988,350
1448.6718155501478,48364,350
1449.1196165352196,137219,350
1449.6994241895254,287670,350
1450.2871665776627,1430037,350
1450.7626910980473,135830,350
1451.077445834275,74248,350
1451.7474255597704,632241,350
1452.213742803492,241740,350
1452.2343660126169,21431,350
1452.3367283232435,1546006,350
1452.461237737205,21017,350
1453.0466133267535,34605,350
1453.2884371505236,14494,350
1453.3042854551054,108256,350
1453.3368759871075,45851,350
1453.4466063779055,346818,350
1453.5192680505813,3442901,350
1453.571191834319,41547,350
1453.6639989727641,165144,350
1453.9815687543635,46478,350
1454.3421356109382,59256,350
1455.1050489990653,635271,350
1455.34051108635,53860,350
1455.457396337927,464480,350
1455.6140023805901,27333,350
1455.6267282048643,112424,350
1455.741193109489,51013,350
1455.8051504086357,150316,350
1455.8434921389965,59374,350
1455.9824720452116,323978,350
1456.02370534449,2154194,350
1456.0441918133354,70889,350
1456.3217086493612,17977,350
1456.745135126485,27990,350
1456.915288708789,292752,350
1456.9166155723706,142961,350
1457.0504850675286,113235,350
1457.0652402328353,174815,350
1457.3833100232969,287670,350
1457.9645045714683,70889,350
1458.209408726244,103881,350
1458.2845334033195,59374,350
1459.0406916365944,24739,350
1459.353325572802,221685,350
1459.3758293542032,21017,350
1459.4380243417181,1546006,350
1459.8107342405056,285739,350
1459.8749615345203,197941,350
1460.0764456322029,22355,350
1460.2120509171014,19621,350
1460.3109981541327,151085,350
1460.347137176671,194356,350
1460.6893614262374,66504,350
1460.968646338207,42493,350
1461.5641240210666,4063156,350
1461.643530529551,89004,350
1461.6569528083933,286160,350
1462.3283499443576,128070,350
1462.5972261237787,30522,350
1462.5983931006506,124431,350
1463.8949899440968,459249,350
1464.5090853815966,298003,350
1464.6336062835842,150256,350
1464.899355839541,213110,350
1464.9919065289741,90106,350
1465.0710391252283,46478,350
1465.2282304683772,81184,350
1465.3281252476736,71141,350
1465.4386440405733,249249,350
1465.4606621839523,4063051,350
1466.888895396736,377008,350
1467.1779883943518,5747480,350
1467.211233768045,74248,350
1467.2526570805853,143673,350
1467.6396084521766,54519,350
1470.101738904827,46931,350
1470.298453102847,891285,350
1470.3637508689915,377008,350
1471.6945302114414,539276,350
1471.991656294535,67839,350
1472.0777096850034,292752,350
1472.3009404495137,27333,350
1472.5097161149802,155587,350
1472.8739909464914,147224,350
1473.1523355174675,118330,350
1473.9556918987757,206590,350
1474.4367961124462,18082,350
1474.5672639162785,695002,350
1475.3169680665887,323956,350
1475.411931210574,21214,350
1475.5649589391976,34502,350
1475.579600002329,40112,350
1475.9710453919897,24037,350
1476.2275883738068,14074,350
1476.6255300527039,206590,350
1477.6067261791325,17592,350
1477.753309018695,1247478,350
1478.1705525091868,126119,350
1478.488067995287,126119,350
1479.1468308211352,155609,350
1480.0046516054074,1915777,350
1480.6381198505048,34327,350
1480.8321090806598,143781,350
1480.8971040859817,1563064,350
1480.9317710629375,94274,350
1481.026822512632,2253483,350
1481.1788111908827,129471,350
1481.9857539891364,233736,350
1482.1201924684806,166964,350
1482.127974080883,129471,350
1482.2538070172245,112518,350
1482.3936385225284,121039,350
1482.476786752443,383104,350
1482.7102672181245,59256,350
1482.866115625213,243929,350
1482.8878181289554,132844,350
1483.0801601011585,41583,350
1483.5131948312583,170037,350
1483.8315112069035,157201,350
1483.853804524766,1545634,350
1484.609877145614,36901,350
1484.8518049958882,121039,350
1485.0469138549706,52080,350
1485.1224941176465,94846,350
1485.6491879975583,20578,350
1486.0098259159738,62570,350
1486.0198925072095,14372,350
1486.0512099472328,97294,350
1486.0665550354443,110690,350
1486.2980164560697,102411,350
1488.053334066856,142307,350
1488.8106919233176,22586,350
1489.0700336340049,212646,350
1490.1824796426743,43146,350
1490.352214464762,103881,350
1490.451108258268,34605,350
1490.6529568127353,61434,350
1490.7347442522089,1729658,350
1490.8389686591765,21061,350
1491.059379636612,110659,350
1491.3532741801562,22760,350
1491.876027986422,41547,350
1492.0432192700725,2173451,350
1492.430200724361,142277,350
1492.441363022597,166964,350
1492.51559682674,27990,350
1492.5711895936809,34327,350
1492.841111289287,121043,350
1492.8800519724011,1915777,350
1494.1873305336408,29063,350
1494.4247620699882,21431,350
1494.9921401127385,212646,350
1495.0161871470984,3364519,350
1495.30289971588,206590,350
1495.7378800796448,155254,350
1496.003677466979,196032,350
1496.2265787822632,197941,350
1496.6071918956054,104524,350
1497.5133964374847,135830,350
1497.7888102869488,255501,350
1498.3476052739034,14372,350
1498.4791377067213,99128,350
1498.6448954464934,34317,350
1498.9227627558355,116036,350
1498.9759644888509,52080,350
1499.0282980213246,2875027,350
1501.066191132965,116080,350
1501.7438917770808,116080,350
1502.5830112925285,144180,350
1503.1674672766242,1545718,350
1503.6474222916615,47102,350
1504.3649853461238,184026,350
1504.6701613899522,147224,350
1504.7888897388473,80562,350
1505.4036709176958,46490,350
1505.7243899065115,802866,350
1505.801117762041,165563,350
1506.814635416073,80562,350
1507.2268645224094,165144,350
1507.3238292463534,143012,350
1507.5415493788842,28856,350
1507.8440132222465,148948,350
1508.0275144765726,174815,350
1508.5530570729259,155525,350
1508.823814145631,899024,350
1508.968583987225,97294,350
1509.2936799609454,120792,350
1509.9407314139742,143781,350
1509.9655691071343,35160,350
1510.03028450591,33598,350
1510.39938501399,16495,350
1510.88793186596,319223,350
1511.0289494877152,180936,350
1511.1061091886354,92894,350
1512.5272716695297,18714,350
1512.6539088793447,243929,350
1512.7032293906652,40626,350
1513.0211203858357,1562167,350
1513.3116363879064,71150,350
1513.3554027622383,587293,350
1513.6402532627455,24037,350
1513.6542365077385,268311,350
1513.9458178005461,2154194,350
1514.0439264661973,27307,350
1514.1730488575845,899024,350
1514.2871109132645,116071,350
1514.510475977336,417340,350
1514.9473007081897,168539,350
1515.2047289236632,31286,350
1515.2911915183422,219434,350
1515.3385319211695,32075,350
1515.7974698030632,132995,350
1515.9554566921336,40436,350
1516.2256740032,160489,350
1516.3673125808136,46242,350
1516.4486687282417,29063,350
1516.5029298749805,899024,350
1516.5765765931912,62570,350
1516.5946405184147,450571,350
1517.245844805158,97501,350
1517.2969101633541,547387,350
1517.5132446968641,15990,350
1517.6340545065746,1214326,350
1518.0812191200564,35368,350
1518.458479992882,66471,350
1518.4596304394768,4063156,350
1518.548634654613,62334,350
1518.9355325773338,118330,350
1519.1373525636016,46242,350
1520.1964219959411,274862,350
1521.129922307795,20386,350
1521.4573674735698,28714,350
1521.5039571879545,92198,350
1521.7770645403036,80562,350
1522.1027711922293,77348,350
1522.5717092410773,35160,350
1523.2341701295088,531817,350
1523.261562601525,152652,350
1524.3552437586554,151102,350
1524.4025750377823,86649,350
1524.4484196920723,89353,350
1524.5304236047884,92198,350
1525.0096553896633,65594,350
1525.0916932813514,221685,350
1525.4941940782876,287670,350
1525.9590448979643,635271,350
1526.0482521217145,71877,350
1526.2999845163538,98145,350
1526.4590423767988,151102,350
1527.3546662108877,199475,350
1527.5467491392228,2067699,350
1527.5483835584369,48364,350
1527.7635423307486,672356,350
1528.029054200105,736462,350
1528.1587006414386,36901,350
1528.9521831070797,71150,350
1529.4858193874186,102411,350
1529.6326335097845,46537,350
1529.7341646663256,1047235,350
1529.8291607658066,157201,350
1529.895848830103,94846,350
1530.5853461800161,617656,350
1530.7164938490691,22355,350
1530.747838165971,891285,350
1531.1279610269798,587293,350
1531.1554893176171,123868,350
1531.9702000790821,652448,350
1531.9851517911286,70995,350
1532.136495522365,155587,350
1532.3206062584384,148948,350
1532.5868337714558,202606,350
1532.6133188538042,88343,350
1533.053388884094,155587,350
1533.1760075568031,41583,350
1533.5294258133638,92227,350
1533.679398717373,22760,350
1533.9123757106888,31195,350
1534.5511925295514,173549,350
1534.5514225015686,174815,350
1534.575514411075,116036,350
1535.148774259625,113221,350
1536.1195729936953,4453551,350
1536.7479341622166,49203,350
1537.438776961145,67839,350
1537.5511122286146,56146,350
1538.6052663937849,53860,350
1538.867815194923,150914,350
1538.9247229552057,53860,350
1538.9617781983832,140114,350
1539.0475331167406,174772,350
1539.4114301419893,44227,350
1540.2513733336418,383104,350
1540.3848928291575,61434,350
1540.7398256727347,36774,350
1540.911628502177,635169,350
1540.91946110626,35287,350
1540.979367030318,22760,350
1541.0196030205218,3364519,350
1541.293726641088,36774,350
1541.3007770811168,97501,350
1541.4438779726977,377008,350
1542.382900844762,56146,350
1542.4241232909526,142318,350
1542.4910930480971,22357,350
1542.5746995724044,287670,350
1542.8716290509653,629129,350
1543.203436670869,70889,350
1543.2681221885402,353012,350
1543.4080482979414,58480,350
1543.540296558741,1915777,350
1543.5929058424997,194356,350
1543.65162063954,62334,350
1544.3271679024938,3364519,350
1544.3592148518192,54519,350
1544.4970089178632,434292,350
1544.5307552371883,292752,350
1544.744315042458,40119,350
1545.0869374394476,1915777,350
1545.2626762749574,1729658,350
1545.3580512063286,89004,350
1545.6718709935835,1435200,350
1545.7576548894763,71150,350
1546.2862477352505,81184,350
1546.377611502126,146374,350
1546.4531268717535,34317,350
1547.2393663284586,206590,350
1548.0633566932436,18714,350
1548.1538208926936,30889,350
1548.92258992184,130160,350
1549.7348532171109,51013,350
1549.8371784033973,83658,350
1550.446613945309,51013,350
1552.3706339286764,539476,350
1552.3762280325732,30316,350
1552.8808250607176,66743,350
1552.8812224841906,28856,350
1553.5534666631793,3442901,350
1553.6032295874331,132844,350
1554.1002323165903,31286,350
1554.171022094745,152652,350
1554.289727870424,241740,350
1554.3983622399178,4270809,350
1554.5250465840893,5747480,350
1555.1436634793597,22205,350
1555.292187839912,323935,350
1555.47628782147,22355,350
1555.4932526738685,113235,350
1555.6771993349575,342342,350
1555.7624220711584,533994,350
1555.8806547215509,93169,350
1556.2446721773122,32738,350
1556.3464202694256,126119,350
1556.4787290639747,206100,350
1556.7839625063805,77348,350
1556.902968546891,21050,350
1557.242061724181,635271,350
1557.3005790013399,104033,350
1557.325333660859,148948,350
1557.4130966880375,891285,350
1557.6590042217706,283988,350
1557.7334807329403,163193,350
1559.2327633152615,323924,350
1559.5515715706492,148617,350
1559.6784708329076,35287,350
1561.1438015338456,46537,350
1561.2815618300706,12115,350
1561.2847788115039,139122,350
1561.4774087130882,282826,350
1561.8463568337322,35287,350
1561.9466531022808,90106,350
1561.9792253399949,121039,350
1562.837616437212,196032,350
1562.998831049013,42493,350
1563.3891680644313,30522,350
1563.943527322614,48364,350
1564.196023680269,105748,350
1564.4230229993605,298003,350
1564.6244788251201,227407,350
1565.4739078669263,736462,350
1565.5891764248197,91088,350
1566.012040872269,139122,350
1566.2513702700082,282826,350
1566.2861368324654,353012,350
1566.6497277812887,116063,350
1567.1907675842701,150914,350
1567.3301272587396,158311,350
1567.6264378488386,59256,350
1567.797118496991,48364,350
1567.8041811020078,1562167,350
1567.9453858092754,27327,350
1568.1064152060571,498014,350
1570.178436785173,140114,350
1570.4868774481527,361723,350
1570.5507068848312,1002204,350
1570.7226537352599,35478,350
1570.760685379113,180936,350
1571.3973336907702,417340,350
1572.0432971692533,202091,350
1572.514068491936,195266,350
1572.6192011676064,27753,350
1572.635462486489,92201,350
1572.7643670178911,137654,350
1573.4362534350184,323992,350
1574.0202643887103,3364519,350
1574.0676768831308,30889,350
1574.3716904717896,155609,350
1574.5422729270583,45233,350
1574.852938272124,121039,350
1575.175104626168,201924,350
1575.2037629747313,173767,350
1575.348996895181,24739,350
1575.4159736838035,142307,350
1575.6349659876644,23771,350
1575.6812519719758,113234,350
1575.7881796221168,113235,350
1575.921509770222,635169,350
1576.0805077486566,1729658,350
1576.5551027688705,25735,350
1576.5578769153244,62570,350
1577.2176199526473,285739,350
1577.4321628548873,143290,350
1577.7126240260034,21003,350
1577.7523362607321,1545634,350
1578.0200364260033,213438,350
1578.1683231514473,283988,350
1578.2111488818284,103881,350
1578.4965656890863,323988,350
1578.5407460543695,26259,350
1578.5872524914628,116036,350
1579.6655996231893,22205,350
1579.8783527591568,196032,350
1580.3609551821326,27293,350
1580.3812024102203,323935,350
1580.531327957442,31286,350
1580.566769368829,464480,350
1580.6262277391052,65610,350
1581.0564833148196,361723,350
1581.19714522871,35368,350
1582.7900325613034,12115,350
1582.816884310226,891285,350
1582.9717331126656,66471,350
1583.0631685471901,21431,350
1583.1452647801023,13084,350
1583.2172890767176,167856,350
1583.486297725565,56146,350
1583.5594578161003,345995,350
1583.8674648651315,18159,350
1584.01429488274,34502,350
1584.3018499942148,20427,350
1584.362368171049,342342,350
1585.0721448633371,112202,350
1585.5440511170902,34513,350
1585.7848682979532,155609,350
1586.299027720588,34513,350
1586.522101582833,113234,350
1586.5241091611238,30017,350
1586.7358657918999,58480,350
1586.8821882866996,238835,350
1587.0194385555249,34502,350
1587.3796604154245,120792,350
1587.427355323535,143673,350
1588.1934679523908,46580,350
1588.5489063278392,22586,350
1588.7471752799595,765830,350
1588.8675508900126,104785,350
1589.5280717688602,14372,350
1589.6313951066318,22586,350
1590.874571438368,162715,350
1591.1415600350913,28929,350
1591.9673028498612,22355,350
1592.0625484193372,166584,350
1592.9218677904796,90106,350
1593.4694747904512,2612782,350
1593.5162255646333,1546006,350
1594.013659238956,18685,350
1594.3234507789516,132844,350
1594.331867856449,121029,350
1595.0886034542311,18714,350
1595.1483985140528,72425,350
1595.1669051585757,48364,350
1595.1877336072691,88158,350
1595.2272520301567,459249,350
1595.7339379227772,20657,350
1596.0083878995918,113218,350
1596.2804884957195,47102,350
1596.2824710201917,49203,350
1596.4808018428512,4063051,350
1596.8981842047458,26594,350
1597.052202254312,28873,350
1597.1269448179246,20657,350
1597.261838322009,14494,350
1597.6358683531566,48364,350
1597.6599502295908,152652,350
1597.699953585553,181744,350
1597.7548857223692,288767,350
1597.785052779303,31286,350
1598.1251516135665,22411,350
1598.1416886739178,61250,350
1598.2969532760633,443165,350
1598.5006333350598,539476,350
1598.7192545036783,1915777,350
1598.7696128038638,41583,350
1599.0955803543327,34605,350
1599.9151897511485,104524,350
1600.372376274346,1480148,350
1601.4274289976393,1545718,350
1602.3829000687329,94274,350
1602.4152689117097,496383,350
1602.5746429273931,28573,350
1603.2441203973947,118927,350
1603.2623843597353,30316,350
1603.3424052312298,30522,350
1603.417635501385,28929,350
1603.4398090243428,27307,350
1603.8321148898433,17575,350
1604.2136861391973,32242,350
1604.680115205214,14074,350
1604.8700357317907,1545718,350
1605.0496555207676,286160,350
1605.8702368719278,28856,350
1605.8941798423302,35478,350
1606.1436289944672,178082,350
1606.368906254447,48364,350
1607.2819568448701,155587,350
1608.115472805845,160489,350
1608.2212328866844,142277,350
1609.2100295091311,12115,350
1609.410136339205,20427,350
1609.7931587032497,213438,350
1610.578316924517,196623,350
1610.8568062979025,539277,350
1611.1744123464882,34024,350
1612.0846263569663,21268,350
1612.304714081665,12115,350
1612.7827780706598,47558,350
1613.352301227721,28460,350
1613.4152468628859,42493,350
1613.4941924005482,42493,350
1613.6840631181253,142553,350
1614.0219297118872,27333,350
1614.522594819928,143781,350
1614.5380824243946,3150519,350
1615.0817144684431,632241,350
1615.5970600885446,113258,350
1616.0012962412336,213438,350
1616.0703420527711,43146,350
1616.7031915534594,132844,350
1616.7168284214458,46931,350
1616.7320364597915,144764,350
1616.8403305097702,97294,350
1616.8753428155044,13256,350
1616.886409955696,323956,350
1617.1781341290377,24739,350
1617.767052652603,56146,350
1618.3170869055523,62334,350
1618.674384838776,279386,350
1618.7378234202872,165144,350
1618.792837363916,33622,350
1619.786703364099,18685,350
1619.8339453810734,121029,350
1621.3574476204185,23771,350
1622.1636549519744,98145,350
1622.3495942064096,173549,350
1622.5356277749047,3442901,350
1622.6125711410793,155188,350
1622.8112986760539,13302,350
1622.8435583141452,56146,350
1623.0502113270602,35160,350
1623.6836489297225,118927,350
1623.8745038435045,93169,350
1623.9195173734965,346818,350
1624.0465064714035,79212,350
1624.425778496112,76626,350
1624.5217839494828,112596,350
1624.6998481714309,117521,350
1624.7794524929984,155587,350
1624.9204541027268,587293,350
1624.9768381750785,79212,350
1625.7738023370275,89004,350
1626.0441992807855,18159,350
1626.228334751037,116080,350
1627.3758398001005,99555,350
1627.9804597778023,30169,350
1628.0161730699574,27307,350
1628.5104795843909,241122,350
1628.8443374519197,279862,350
1629.3663437168295,142307,350
1629.4884932315235,40436,350
1629.6747061714302,52080,350
1630.1791340140808,14372,350
1630.629062380151,276196,350
1630.8734280752583,116080,350
1631.3349236256702,18082,350
1631.3634049008415,142553,350
1631.6906960186325,59256,350
1631.6932220985802,135456,350
1631.7165009382306,292752,350
1631.7298392889777,15990,350
1632.5343081117348,1435200,350
1633.074812109449,287670,350
1633.381658397487,39977,350
1633.608424875457,53926,350
1633.6533925032866,104524,350
1633.6915325369791,25735,350
1634.0444068279373,41952,350
1634.551339459073,116063,350
1635.0377499980566,140210,350
1636.067876995529,213483,350
1636.255661228122,27990,350
1636.3042710584464,21050,350
1636.3426591999832,83658,350
1636.3999443102355,152652,350
1637.376090391167,319223,350
1637.4094393515925,27048,350
1637.6431550783839,111061,350
1638.5128937338466,231235,350
1638.70034532226,345995,350
1638.7380408339104,110690,350
1639.0874359132322,65594,350
1639.1361804178305,76626,350
1639.7621563265386,48812,350
1639.7800354667152,36774,350
1639.9938248211631,170037,350
1640.3928293987183,164605,350
1640.44244873743,81184,350
1640.4548612061035,19987,350
1640.6557961715935,121029,350
1640.7992655834314,242114,350
1640.8851183521788,22357,350
1641.2104447097063,533994,350
1641.5789918502376,32242,350
1642.369827927176,34605,350
1643.5895017617088,46473,350
1643.7748512047322,150914,350
1643.7923781514883,32242,350
1643.8673384168249,71141,350
1643.8772318353576,71150,350
1644.0367543261302,144764,350
1644.0661567944842,28714,350
1644.844467975992,121029,350
1644.8623955758987,22205,350
1645.3152812218236,31109,350
1645.3897873556589,4270809,350
1645.5175679364472,27307,350
1645.993385972275,1546006,350
1646.0020503201195,28890,350
1646.0538287650477,174741,350
1646.2381537297229,13084,350
1646.5236875038183,93169,350
1646.7113578044157,22752,350
1646.9265821524382,36632,350
1647.275486214851,5747480,350
1647.2864491439464,357795,350
1647.4041786425823,22355,350
1647.5821783342174,40112,350
1647.9161187990667,144180,350
1648.0936624876774,61089,350
1648.2420246653435,56146,350
1648.3390765756335,276283,350
1648.5616977726945,113234,350
1648.6196725564857,79212,350
1648.6433772265127,1545718,350
1649.2943453669204,56878,350
1649.577072842061,323924,350
1649.6068109854587,361723,350
1649.6137025330693,128341,350
1649.9103446331494,97501,350
1650.371358014202,165144,350
1650.5870378653506,86649,350
1650.5979859754902,40626,350
1650.6575463434654,188910,350
1650.6741137216604,112567,350
1651.0881454697476,242114,350
1651.135746122886,151176,350
1651.6700630228138,36901,350
1652.063425427822,21431,350
1652.237424404589,123868,350
1652.4060729897546,127041,350
1652.4366935562418,247868,350
1652.521652842323,59374,350
1652.5538637606155,2612782,350
1653.072299953182,155254,350
1653.2670705938847,14074,350
1653.2923858056874,282826,350
1653.8024483929566,173745,350
1653.821683067303,91088,350
1653.8948940555342,2067699,350
1654.432121370295,539276,350
1654.710543362036,12574,350
1654.9345469026423,285739,350
1655.5314313914391,20892,350
1655.584711548556,44227,350
1655.6838519186635,142318,350
1655.8306853827148,276196,350
1656.3659600688586,27307,350
1656.405551464249,143164,350
1656.867864370511,66504,350
1656.8762689835323,61166,350
1656.9625309622536,92223,350
1657.0376488762074,23168,350
1657.2200389223224,323935,350
1657.3850318613484,174815,350
1658.5501810559042,450571,350
1658.6930023996108,17977,350
1658.9865458333181,71141,350
1658.9967988431426,126119,350
1659.421910374953,105748,350
1659.583057056271,81184,350
1659.7204054489532,243929,350
1659.7634328469794,574826,350
1660.5964085558408,46478,350
1660.886701218769,147224,350
1660.978678868315,28573,350
1660.988127871924,118330,350
1661.5093835138443,62570,350
1661.791663855683,276283,350
1661.9482866284225,23771,350
1662.0392535318376,308717,350
1662.4195386524138,28890,350
1662.860145658486,546874,350
1663.0135150116137,112369,350
1663.2545581676272,157201,350
1664.2291536980974,34502,350
1665.5380487412817,55541,350
1666.1382306851867,49203,350
1666.3323222116312,32274,350
1666.367514532306,1131859,350
1666.881877742773,427772,350
1666.8921746271192,635169,350
1667.0033638296359,151085,350
1667.0152893287313,539276,350
1667.340732183247,46537,350
1667.470397433339,1915777,350
1667.7040941397079,140625,350
1667.878446036019,255501,350
1668.1231403558575,187384,350
1668.1598463598884,30316,350
1668.1898660853703,635271,350
1668.5328624241095,23168,350
1668.6957879147412,108256,350
1668.8637894702567,124431,350
1668.8850594085013,21431,350
1669.1572447844578,20578,350
1669.3976553737577,155188,350
1669.4053490187257,88343,350
1669.4347408345943,498014,350
1669.661291981228,46580,350
1669.6826357911714,174741,350
1669.7703616781575,574826,350
1669.8107962267459,21214,350
1670.0096491516179,164605,350
1670.2175897975826,47102,350
1670.4705476713045,187384,350
1670.8661362879543,86649,350
1671.0080455640568,28339,350
1671.020089230884,279386,350
1671.5947790527612,31876,350
1671.846576485577,48812,350
1671.9867436709083,27990,350
1672.2371283835278,21050,350
1672.3112359855616,27048,350
1672.4370264813251,46931,350
1672.7897395812067,217079,350
1673.0856850960638,179901,350
1673.9181268872826,199475,350
1674.0195540118173,98145,350
1674.2694073374073,202606,350
1674.4718564832529,132995,350
1674.4862148819584,49203,350
1674.5713983753124,201924,350
1675.4473689503766,1430037,350
1675.5975724733423,13084,350
1675.6288309213173,46537,350
1675.8166729457398,71138,350
1676.212401759704,142961,350
1676.8059956669147,46537,350
1677.1130903782787,80562,350
1677.208721532365,35368,350
1677.53924339557,353012,350
1677.8395581300126,52080,350
1678.5922106071362,71150,350
1678.888318571575,24140,350
1679.0877847800778,1545718,350
1679.1461772616594,165144,350
1679.3705237611493,46242,350
1679.4608679741868,165144,350
1679.5016125035077,13256,350
1680.1828062405314,139122,350
1680.3176131823177,240169,350
1680.7932858459185,213483,350
1681.235644275174,202606,350
1681.3703868218029,1430037,350
1681.4870540364127,121040,350
1681.8325410640814,166964,350
1681.838568699711,179901,350
1682.2190512255047,282826,350
1682.3007834895957,23659,350
1682.35980863564,71150,350
1682.4315779138421,110690,350
1682.973803676074,102411,350
1683.6238684851678,24291,350
1683.7587620133784,137654,350
1684.069204366099,53187,350
1685.6834643383283,53860,350
1685.735421080583,2875027,350
1685.9642215619656,346818,350
1686.0267884216964,227407,350
1686.8226506532926,128341,350
1686.8418140761314,144180,350
1686.8593057814708,137219,350
1687.004511659146,128070,350
1687.035552815471,652448,350
1687.1431737085038,202606,350
1687.6116093121273,1545766,350
1687.7319046891953,23168,350
1687.7407994248445,173745,350
1688.7312767070457,254710,350
1688.7728219146288,22752,350
1688.992019481175,276196,350
1689.2124180671162,72968,350
1689.3419189100161,546874,350
1689.344838245286,308717,350
1689.515373598307,128070,350
1689.602865424227,34605,350
1689.9263594913673,92223,350
1689.941106908744,166584,350
1690.327728641002,34513,350
1690.63735113406,539277,350
1690.9532123018691,202091,350
1691.2702899042672,174735,350
1692.0604337327247,30316,350
1692.0933183169616,59256,350
1692.1161041992195,22205,350
1692.1380210141356,27333,350
1692.3480776887525,539277,350
1692.3799506888247,173745,350
1692.595411995775,51013,350
1692.829943274576,323956,350
1692.8622373507947,195266,350
1693.331496105861,2242798,350
1693.4549211537621,48364,350
1693.780780196376,298003,350
1694.110960151573,219434,350
1694.1626635187251,149956,350
1694.8164681471899,500128,350
1694.9063483166567,36632,350
1695.8500159183145,1545718,350
1695.8774460162426,179901,350
1695.881763308751,206823,350
1695.937487391129,34317,350
1696.1149428092353,66743,350
1696.333484739788,20386,350
1696.638650133222,21214,350
1696.8983111481273,21268,350
1697.0090622902699,19987,350
1697.369389872715,3150519,350
1697.3895048940622,175299,350
1697.3992605234266,22411,350
1697.4386407518355,66504,350
1697.4789487522798,142277,350
1697.6213040539371,635169,350
1697.8902901121514,14074,350
1699.0032244528643,97501,350
1699.0790482495233,40119,350
1699.34408265125,286160,350
1699.3896969984808,32274,350
1699.4052913188516,283699,350
1699.4139814019115,150256,350
1699.7939776737535,217079,350
1700.9505049181464,103881,350
1701.7449224754191,213438,350
1701.9128419208457,180936,350
1701.926228053436,22411,350
1701.980091910052,342342,350
1702.4469899132855,292752,350
1702.5197735164597,181656,350
1702.7773732166665,15990,350
1702.883557474623,113218,350
1703.0928791858732,450571,350
1703.5717246196607,46537,350
1703.7424866344222,292752,350
1705.1796039816506,206100,350
1705.315112262964,213438,350
1705.4457231134033,107487,350
1705.6417736463768,323988,350
1705.659224346671,1521576,350
1706.139484294079,323956,350
1706.279711667101,434292,350
1706.6301269442386,20386,350
1706.8560172920988,20137,350
1707.1147523639643,288767,350
1707.4041998075627,121039,350
1707.4891193061892,14074,350
1707.9593930778892,79322,350
1707.9596104425661,174735,350
1707.9816602057226,206823,350
1708.37275136455,41547,350
1709.1757366508948,227407,350
1709.2604100056126,55541,350
1709.3057308742452,43146,350
1709.5002934607533,2875027,350
1709.5431859044963,165144,350
1709.5507341601235,459989,350
1709.7493049982677,35160,350
1709.780793054585,71138,350
1710.0560324725473,286160,350
1710.1900432311022,65610,350
1710.9683046781788,323988,350
1711.2112215258294,30316,350
1711.5728048423964,110659,350
1711.7576154359908,165563,350
1712.064070257043,194356,350
1712.551415094098,346818,350
1712.7502846364048,2067699,350
1712.9482563427973,196032,350
1712.9999549509782,24291,350
1713.0075658023966,46470,350
1713.1020959492753,276283,350
1713.3172409794765,150256,350
1713.7450450953886,262109,350
1713.943033737914,116080,350
1714.7637390408827,21061,350
1715.0514507888188,15990,350
1715.5704262979657,46931,350
1717.230297480624,166964,350
1717.9215247117809,1480148,350
1718.7998985452564,19987,350
1718.9568765838442,212646,350
1719.0083998555474,323956,350
1719.1357375371163,21003,350
1719.1607050146745,276283,350
1719.196875569682,181744,350
1719.203497520914,279386,350
1719.2039288980752,158311,350
1719.8852434857595,23659,350
1720.9099809446386,417340,350
1721.2392240782647,188910,350
1721.4925730422665,20892,350
1721.6915774725862,383104,350
1722.7625307719047,32738,350
1722.8767526678917,346818,350
1723.3242380897595,357795,350
1723.4048129388943,19621,350
1723.4871658742354,116036,350
1723.848684742449,21431,350
1724.274911919318,1562167,350
1724.3112072088113,170037,350
1724.6264262960085,891285,350
1724.923415544382,66504,350
1724.9871485113194,51522,350
1725.7402458859108,168539,350
1725.9399320949437,4063051,350
1726.0640705375263,151176,350
1726.185394264935,13256,350
1726.3111675057735,283699,350
1726.325880847895,450571,350
1726.7367191578974,822685,350
1727.6075684902123,217079,350
1728.2399742012149,891285,350
1728.3755830541133,155254,350
1728.7468286629744,46580,350
1728.867711953385,121029,350
1728.91459498815,361723,350
1729.0488725980904,67532,350
1729.186546389144,22760,350
1729.2442917874525,104524,350
1729.3920183362145,71877,350
1729.5684262766433,323956,350
1729.6552084553875,30316,350
1729.6713142397793,105748,350
1729.7455291229392,346818,350
1730.3494609159138,93928,350
1730.5892799620765,46478,350
1730.700321409318,27048,350
1730.7875703751356,61250,350
1731.0875953820284,34327,350
1731.1465790742602,174815,350
1731.218337172597,20578,350
1731.7373248826673,77479,350
1731.9052303523154,46242,350
1731.9549687553588,27753,350
1731.9629468857486,89004,350
1732.9519814265716,308717,350
1732.9525885642297,21229,350
1733.165317111122,459249,350
1733.4638711929201,212646,350
1733.6922404248778,32242,350
1733.8304500316167,77479,350
1734.372675459171,113218,350
1734.975349299574,123868,350
1735.1205493219115,97294,350
1735.3207714035887,488058,350
1735.5232337453292,632241,350
1735.8369610607722,15936,350
1735.898732955153,210699,350
1735.9171699521883,573499,350
1736.0691959899978,155254,350
1736.100173561413,40436,350
1736.2773174049917,617656,350
1736.7202407742782,26259,350
1736.8910943676156,21229,350
1737.1025934706593,2154194,350
1737.353402604182,212646,350
1737.7287902433504,98145,350
1737.962612809114,180936,350
1738.1156905381702,143673,350
1738.2626814373425,92227,350
1738.3197662356786,89353,350
1738.4705638778698,19987,350
1738.862422990793,353012,350
1739.000252308301,346818,350
1739.1203943946518,323978,350
1739.3395730900756,142553,350
1739.3885416771025,212646,350
1739.413045824458,342342,350
1739.757027026305,18159,350
1739.8473717025925,30017,350
1739.927745235334,103881,350
1740.4731783753928,23168,350
1741.1124560328542,45233,350
1741.2981829073701,223520,350
1741.5608497148414,20137,350
1742.4551597137945,2253483,350
1742.5899896577603,323956,350
1743.1131335946175,20602,350
1743.4616504661883,98145,350
1744.254647928393,97294,350
1744.3224363937686,26259,350
1744.755117913784,55163,350
1744.8006216128838,47554,350
1745.2321124380762,28573,350
1745.3341214380378,27307,350
1745.3492950131404,1729658,350
1745.8132367188236,241740,350
1745.8272137292943,112424,350
1746.3184967809473,77479,350
1746.3747917583019,19621,350
1746.5935615940205,241740,350
1746.6022158541746,144180,350
1746.6227467509723,108256,350
1746.7002569308445,181744,350
1746.8182035798814,104524,350
1746.8689364863765,635271,350
1746.9003902481854,45851,350
1746.9407074478138,323992,350
1747.1162566229505,66472,350
1747.1319360791736,128341,350
1747.7664775561263,31286,350
1748.4162000579452,116036,350
1748.4335220780604,92198,350
1748.7574850952233,116036,350
1749.0595007616546,60529,350
1749.2717384054654,166964,350
1749.3468014395555,15990,350
1749.5599379190726,443165,350
1750.0630914061992,27319,350
1750.153212189517,323978,350
1750.564124995579,121039,350
1750.7272322524548,128341,350
1751.3096034462405,48812,350
1751.5606315514551,147224,350
1752.0167982952037,86355,350
1752.8101446010526,40119,350
1752.958569380958,13084,350
1753.2541286118778,1545718,350
1754.1823879164265,113218,350
1755.6411581343773,459249,350
1755.858216119634,147224,350
1756.609461975767,112369,350
1756.7292536478817,40112,350
1756.8641118440128,20427,350
1757.5903966083642,94274,350
1757.8513650195584,31109,350
1758.3202796403073,91088,350
1758.4416745882236,79212,350
1758.8721752612691,32738,350
1759.376748392202,31286,350
1759.5064785582003,206823,350
1759.6957474568235,79212,350
1759.8028931713802,46473,350
1760.3767667756829,137654,350
1760.6937020256962,86649,350
1760.7416416131489,24140,350
1761.5613340380758,34024,350
1761.8409830268668,151176,350
1761.9726870530576,113258,350
1762.2327203843736,95541,350
1762.296504911177,48812,350
1762.3962937240578,67532,350
1762.9107517257714,112369,350
1763.0093695127093,14372,350
1764.0432000786977,539276,350
1764.114627216912,632241,350
1764.7063011649375,61434,350
1765.307538832818,143781,350
1765.645075706648,1214326,350
1765.7133015600825,92894,350
1765.8380960441325,28929,350
1766.0350719653654,213438,350
1766.4377905692636,27319,350
1767.5006482388196,24140,350
1767.8047018254142,66471,350
1768.124814213075,194356,350
1768.5379939042596,48364,350
1768.7010604962056,137654,350
1768.7692485919872,166964,350
1769.398530817828,22752,350
1770.5115023847118,417340,350
1770.9732901349853,164605,350
1771.0615508589563,112596,350
1771.3381057790903,112541,350
1771.6538596379487,92201,350
1771.8037822593606,323956,350
1772.106527945364,99555,350
1773.081574941303,383104,350
1773.270135112795,60529,350
1773.4777274048904,23168,350
1773.7976546432483,180936,350
1773.9928128281122,47102,350
1774.5067357996986,22752,350
1774.6564516379992,91088,350
1774.9405450025604,180936,350
1775.3736357718362,89353,350
1775.4486499730865,62334,350
1775.6549689342025,144764,350
1775.8370258634336,629129,350
1776.0016797511666,56878,350
1776.142384814344,188910,350
1776.1970217571723,287670,350
1776.5420656509123,36901,350
1776.574043607804,213438,350
1777.195450073175,32274,350
1777.3149669147742,262109,350
1777.4166299932003,67839,350
1777.5311655023852,124431,350
1778.2366576681818,46537,350
1778.3595768929488,4823251,350
1778.5946661202709,46478,350
1778.6304671931634,46931,350
1779.1685742533234,13302,350
1779.8058150216118,31876,350
1779.817296087919,72425,350
1779.924689593192,140114,350
1779.9796082141606,39977,350
1781.0960152582788,155525,350
1781.1691470792462,1563064,350
1781.5701291022835,45851,350
1782.0315245561167,113221,350
1782.81397901783,539476,350
1782.9494437125597,21214,350
1782.9860199276054,27990,350
1783.0106629958034,632241,350
1783.2833714134472,202606,350
1783.63486825844,94846,350
1783.7849425612894,155609,350
1784.0822300322177,33622,350
1784.3148906293,891285,350
1784.4838291880758,94274,350
1784.8150525692085,143673,350
1784.8513108710022,282826,350
1784.908793151332,36774,350
1785.2662101034255,143290,350
1786.4901609824747,279862,350
1786.7975937952758,49756,350
1786.9664256430412,134643,350
1787.3998762220917,110690,350
1788.6737831661246,459989,350
1788.7907088390493,181744,350
1788.9080642583497,4270809,350
1788.9097881935652,26594,350
1789.0497572045633,42799,350
1789.079639989096,434292,350
1789.779746578502,72968,350
1790.6835930802547,45233,350
1790.7279112621272,765830,350
1791.9647042390154,128517,350
1792.1823228812393,80562,350
1792.1883745216878,132844,350
1792.9934300542536,196623,350
1793.1351655283552,17575,350
1793.670168246083,276283,350
1793.805956155214,42799,350
1793.8856675916547,400918,350
1794.1343256292664,27753,350
1794.1839555185775,1521576,350
1794.618554200415,471679,350
1795.1356925138473,241122,350
1795.2092558393151,635169,350
1795.6168633801092,56146,350
1795.9763177545574,629129,350
1796.9166798379483,46580,350
1796.948800869045,186618,350
1797.006403520258,16634,350
1797.1438831343332,279862,350
1797.2088368603015,1545966,350
1797.3627278122246,157201,350
1797.3885052520407,105748,350
1797.834872578767,66504,350
1798.1898090512507,173549,350
1798.378539318826,323935,350
1799.2160400465427,148948,350
1800.748640785949,97501,350
1800.9069414249605,255501,350
1801.7243874971032,206590,350
1801.8955727778532,1430037,350
1802.392585559669,3442901,350
1802.9179445113775,92227,350
1803.0468546040877,112202,350
1803.3674828759,301853,350
1803.5112525172824,28856,350
1803.9413004447965,32122,350
1804.096644269372,129471,350
1804.1442366889007,135456,350
1804.6729872090839,42493,350
1805.1050945090676,20427,350
1805.612912954819,71141,350
1805.9979115877607,4063051,350
1806.5088164902918,20386,350
1806.5802568010101,89004,350
1807.0287020389146,93928,350
1807.105987983723,319223,350
1807.4005188073588,802866,350
1807.7072544186067,52184,350
1807.833191366528,1545718,350
1808.1476756931959,2461162,350
1808.5937572575156,26594,350
1808.8220628052213,24739,350
1808.8630160549176,102411,350
1808.95635886467,48812,350
1809.4204678384335,379225,350
1809.612517959972,46931,350
1809.7608474364479,166490,350
1810.4893082757728,201924,350
1810.654861691805,194356,350
1811.7239323073868,899024,350
1812.0843302684152,43146,350
1812.7179147325342,31876,350
1812.8937519269984,4453551,350
1813.433791323607,41583,350
1813.5343162378008,35160,350
1813.650527005762,32400,350
1814.053531115577,323980,350
1814.0959807272664,174772,350
1814.2364666816914,90106,350
1814.5898991083277,162715,350
1815.4637876646125,264209,350
1815.5500821078253,166584,350
1816.1137303631895,18082,350
1816.3375310775905,143164,350
1817.6940586318515,279862,350
1818.3695210996523,1562167,350
1818.6338246485645,97294,350
1819.1122055162173,361723,350
1819.1238138092235,46931,350
1819.7305098429013,574826,350
1819.8412426082132,134643,350
1820.292225298476,13084,350
1820.5588248766983,573499,350
1820.6899106375845,60529,350
1821.4939195972856,143673,350
1821.5007890645597,20427,350
1821.669202780233,102411,350
1821.793649948194,23659,350
1821.8803648212595,4063156,350
1822.1620144549834,35478,350
1822.4434800816484,1545939,350
1822.690136061268,142307,350
1823.0271243682018,18082,350
1823.12690165862,323992,350
1824.082531701233,30169,350
1824.1020965162886,539476,350
1824.8983010665759,48812,350
1824.920035656994,20657,350
1825.048882282889,71138,350
1825.2514046159242,150316,350
1825.3186011882608,231235,350
1825.4969097295623,164212,350
1825.656438459248,66504,350
1826.0287092840792,1545634,350
1826.1732316662462,174897,350
1826.3629330553426,195266,350
1826.480603614244,238835,350
1827.810101299109,28856,350
1827.8862593775889,24739,350
1828.0750568314795,1915777,350
1828.3670853116546,1546006,350
1828.506537287126,488058,350
1828.514164721845,351856,350
1828.77085986113,379225,350
1828.9574299308692,60529,350
1828.9629467490583,56878,350
1829.2149345529788,144180,350
1829.3067659429444,148617,350
1829.6963401163162,139122,350
1829.709697777281,144180,350
1829.8777486683762,128070,350
1829.9740323899941,34024,350
1829.9924455935875,1131859,350
1830.6297916211738,91088,350
1830.819179716075,766247,350
1830.9544112477092,33622,350
1831.4162062094254,2067699,350
1831.5952612550402,383104,350
1831.9113193983296,4823251,350
1832.0986340894294,213110,350
1832.262963498656,139400,350
1832.5880090985077,16495,350
1832.5978239491074,377008,350
1832.7805462356328,40112,350
1833.7155316672836,44227,350
1833.757463429965,22357,350
1834.2746285692947,323935,350
1834.3546202841483,164212,350
1834.97842564099,14494,350
1835.028658587708,202083,350
1835.1721649093,142277,350
1835.434492869585,40112,350
1836.6011557810232,450571,350
1836.6883833837649,29063,350
1837.1120536353988,207682,350
1837.2496451224208,323942,350
1837.7298934587948,1545966,350
1838.0408581908646,36774,350
1838.0663235187703,56146,350
1838.2973135787302,181656,350
1838.3432449427814,292752,350
1838.4440308797182,112369,350
1838.6959571436682,61434,350
1838.7593421530207,46478,350
1839.5582250404107,632241,350
1839.7340058305704,21050,350
1839.9579688382623,323942,350
1840.192994923428,118927,350
1840.3404701279405,617656,350
1840.4711949435548,56878,350
1840.7672075403752,187384,350
1841.3540737153742,71877,350
1841.763063186788,98145,350
1841.8237866889874,27753,350
1842.4810760743023,13429,350
1842.8468291358802,61250,350
1843.4856681377794,223520,350
1843.6114377031422,51522,350
1844.2662938612455,42493,350
1844.3341384902765,93169,350
1844.811189512058,148948,350
1844.9923842162277,144180,350
1844.9938433344341,498014,350
1845.7835843802125,166584,350
1846.4559812248162,262109,350
1846.5250112656938,135456,350
1846.6337003751748,41999,350
1847.0578981947456,346818,350
1847.4782091714494,293350,350
1847.8640703372935,319223,350
1847.8861983699421,144764,350
1847.9524549919133,18050,350
1847.991112002929,132995,350
1848.201135761704,30796,350
1848.2085876460703,71877,350
1848.2470330397439,427772,350
1848.5096743002198,113235,350
1848.5558448822662,210699,350
1848.9347589508075,90106,350
1848.9679145448022,170037,350
1849.6753568828863,382492,350
1849.7517767005688,56878,350
1849.8390520217772,150914,350
1849.8405275563289,97501,350
1850.2446698576202,22355,350
1850.4281280629673,89004,350
1851.7314131276,98145,350
1851.7703449554726,110690,350
1852.3352709681694,496383,350
1852.3954951913547,247752,350
1852.6834035655265,2154194,350
1852.7944506115596,93928,350
1852.994502083497,46470,350
1853.036465170519,35160,350
1853.349828496014,71150,350
1853.5054134921013,17592,350
1853.5065547343313,1545718,350
1853.6043663224475,107487,350
1853.6055012491042,26259,350
1853.656331528535,121029,350
1854.1658393149037,34024,350
1854.2848329641106,94274,350
1854.6746313793287,21061,350
1855.1014763902174,86649,350
1855.1083517739498,23771,350
1855.9205282496696,5747480,350
1856.0641052368007,143290,350
1856.52512813595,471679,350
1856.6673284570725,201924,350
1856.7927087955022,308717,350
1857.213421976483,43146,350
1857.9884026594425,206823,350
1858.224709212451,54519,350
1858.2316262865484,72968,350
1858.4317815304341,30169,350
1858.5307716109178,71150,350
1858.7573804437718,158311,350
1858.9110536635662,292752,350
1858.9882433728822,323978,350
1859.0020878406556,61250,350
1859.007374974027,30889,350
1859.362652014075,342342,350
1859.4937023227362,116036,350
1860.2764292298398,70995,350
1861.223490269504,121040,350
1861.6073243629828,2461162,350
1861.8614451383608,66504,350
1861.9526503412292,126119,350
1862.1229478782514,144180,350
1862.3613385818087,110659,350
1862.9928050482297,20892,350
1863.2905192743558,130160,350
1863.374953293591,140114,350
1863.5216878095207,137654,350
1864.4808914993455,24140,350
1864.5537970309338,5747480,350
1864.9587909517813,187384,350
1865.0087024324614,104033,350
1865.0660607861857,155587,350
1865.7356329783297,66472,350
1865.9142870067508,400918,350
1866.1077443877844,76626,350
1866.2245805558134,137219,350
1866.3634211000772,2173451,350
1866.5355993429275,17592,350
1866.610059912322,16495,350
1866.6735809737495,148948,350
1867.1267728151768,210699,350
1867.2426389473794,323978,350
1867.4260057674567,264209,350
1868.361984577258,2242798,350
1868.3713781649224,21229,350
1868.4624024242876,27048,350
1868.6760298444515,67532,350
1869.2782339492205,79322,350
1869.7367834465767,31286,350
1870.3685015828776,41547,350
1870.463736171239,134643,350
1870.6943949389877,25507,350
1871.4577712461935,33598,350
1871.9922754481656,158311,350
1872.1958373494274,19788,350
1872.2224029793033,148617,350
1872.4791506428348,103881,350
1872.4844734061362,765830,350
1872.9742360832095,112424,350
1873.7651200786524,116036,350
1874.1673434321538,268311,350
1874.2603701430837,31109,350
1874.454144965972,149956,350
1874.6672180071846,66743,350
1874.7935924757899,11840,350
1875.397939646795,33598,350
1875.5236334326446,126119,350
1876.0928386370208,166584,350
1876.3261136592755,150256,350
1876.3656983551919,221685,350
1877.004238924489,2154194,350
1877.2072253017357,46537,350
1877.2375890886847,22586,350
1877.8761187525995,4823251,350
1878.3159698498816,31285,350
1878.4108949960996,199475,350
1878.57154918407,142277,350
1879.3071341647847,4063051,350
1879.4298712394973,92201,350
1879.6804059452504,254710,350
1880.149543127168,279862,350
1880.2814454569695,184026,350
1880.8619524177893,2067699,350
1881.2157221853279,74248,350
1881.4519213433748,157573,350
1881.6549936836655,140625,350
1882.203121070061,197941,350
1882.6053863439006,18714,350
1882.7958910093837,117521,350
1882.9185096321694,45851,350
1883.0596471095384,81184,350
1883.3489020900786,41583,350
1883.356915861311,48812,350
1883.4088877341064,157573,350
1884.2159040754275,255501,350
1884.66576160339,67532,350
1885.0799049388647,141846,350
1885.3083037086485,587293,350
1885.4016731872018,53860,350
1885.6666871837137,323992,350
1885.6774317727518,129471,350
1885.8816292791992,242114,350
1885.8857031413438,574826,350
1886.0240512287608,130651,350
1887.264819020215,148617,350
1887.3805841445844,30889,350
1887.7262833198126,308717,350
1887.8774657042718,286160,350
1887.8891216961874,70995,350
1887.890834061602,144764,350
1887.9384937138445,196623,350
1888.0127265056412,128517,350
1888.1602083433752,140114,350
1888.2428647500067,279862,350
1888.4649517164971,116080,350
1888.9074658246084,23168,350
1888.9163031885844,539277,350
1888.9598853124742,67532,350
1889.8038596940246,88158,350
1890.1837656569164,196032,350
1890.237334794208,196032,350
1890.2601003440545,108256,350
1890.826821127795,113218,350
1891.5268763080117,30889,350
1891.7457411310188,142961,350
1891.9743345914587,71141,350
1892.000479438453,16634,350
1892.1991271158424,89353,350
1892.4361292422925,2154194,350
1893.2504026184504,139122,350
1893.3059480504237,5747480,350
1893.4317435482512,46931,350
1893.6219359362417,766247,350
1893.6760431290033,140210,350
1894.129241514495,255501,350
1894.2313258548425,104033,350
1894.3319791178408,268311,350
1894.7930476219533,23771,350
1894.8221139638417,92227,350
1895.0517514097276,90106,350
1895.1562536131703,162715,350
1895.3055410097568,51013,350
1895.499563723135,99128,350
1895.8854245028892,48812,350
1896.1638815964345,174897,350
1896.4705772805512,18714,350
1896.7288108217806,459249,350
1896.9232491187818,31876,350
1897.5027971162135,94274,350
1897.521517612896,32738,350
1897.8434799826437,28714,350
1898.0408582327289,16634,350
1898.099928556412,62570,350
1898.8899494610953,66471,350
1899.4575009315524,112202,350
1900.0358699225792,18082,350
1900.1559050272738,181744,350
1900.4145494893821,86649,350
1900.768127832779,41999,350
1901.003233457694,22760,350
1901.2976141471265,128341,350
1901.5872427429833,293350,350
1901.7563424557277,498014,350
1901.8796772603744,174735,350
1902.0031009224708,346818,350
1902.0527384311574,90454,350
1902.5638686592508,22205,350
1903.4103521391553,174897,350
1903.619539513872,71150,350
1903.8436036626633,1545634,350
1905.3184869020495,25507,350
1905.8751939359688,17592,350
1906.308678661254,459249,350
1906.3898601321146,34502,350
1906.8384314247505,346818,350
1906.8690025601397,35287,350
1906.940729496023,19788,350
1907.1752649385346,240169,350
1907.290148961403,55541,350
1907.449275871808,174772,350
1907.5816571044368,30169,350
1907.9196735741994,174735,350
1908.0576528989407,279862,350
1908.226365784238,2067699,350
1908.8958451028216,175299,350
1909.4762480997704,21050,350
1909.4947146691102,167856,350
1909.5849953232118,160489,350
1910.2056059603424,32400,350
1910.216393677425,52080,350
1910.2854230341861,112567,350
1910.567710929733,199475,350
1910.832223019485,262109,350
1911.0156148990006,135456,350
1911.1844974736302,19788,350
1911.5297901249326,46470,350
1911.9168235913867,5747480,350
1912.4050350216673,285739,350
1912.608766508212,427772,350
1912.6612901286078,52184,350
1912.9247448101085,276196,350
1913.322125703044,31286,350
1914.355730937869,186618,350
1914.560713754106,62570,350
1914.6877766940825,14074,350
1915.3481491910043,127041,350
1915.362115123851,2875027,350
1915.4988078211684,174897,350
1915.7758376348052,34605,350
1915.87798996494,22586,350
1916.4616660409317,345995,350
1916.7429524185557,67839,350
1917.8533318544949,178082,350
1918.029107866197,46242,350
1918.095108787034,292752,350
1918.703971737799,150256,350
1918.8961906965767,58480,350
1919.3531113129065,165563,350
1919.5630134279302,400918,350
1919.6029180802714,155579,350
1919.6409865102419,18714,350
1919.7590886667426,93169,350
1919.7972955719738,144764,350
1919.8196264580386,28890,350
1920.7003364154502,143673,350
1920.775598419089,279862,350
1921.0149322121629,129471,350
1921.0242925896441,127041,350
1921.1787967026244,27972,350
1921.25451612897,427772,350
1921.4167378603968,1915777,350
1922.0121625737088,41583,350
1922.1303727373067,45233,350
1922.4688455214273,46537,350
1922.562617987306,29063,350
1922.9255942133088,21017,350
1922.9706660617396,71150,350
1923.3229645787953,112596,350
1923.7144642765934,173767,350
1923.7281992017688,102422,350
1923.7380845560244,51522,350
1924.0327498707622,21061,350
1924.1513809896758,40119,350
1924.7378498207402,2242798,350
1926.1662811737247,151102,350
1926.3942700877647,104524,350
1926.6725129950164,587293,350
1926.7672488978023,74248,350
1927.7815592146442,26003,350
1928.0631930521529,147224,350
1928.268403890329,242114,350
1928.4556007472959,102422,350
1928.4815750529176,5747480,350
1928.810361748128,155254,350
1928.8647168120829,150256,350
1928.9233332807933,110690,350
1929.2702629559153,323992,350
1929.2908482493447,179901,350
1929.5084903094787,1729658,350
1929.770222231988,28929,350
1929.7949801715774,107487,350
1929.8872670760734,12574,350
1930.32260001996,143164,350
1930.5675332930223,283988,350
1930.7039852940925,459249,350
1930.7738062413082,97294,350
1931.031410075943,206823,350
1931.1524901134524,40436,350
1931.3322256479216,21050,350
1931.6491817600402,1545634,350
1932.2154017527214,149956,350
1933.3686562946016,188910,350
1933.7806903646044,21017,350
1934.106441711314,45851,350
1935.235621848,695002,350
1935.335413417657,40436,350
1935.546760548963,97501,350
1935.7354983872006,4453551,350
1936.0364449336773,379225,350
1936.367998656117,86649,350
1937.2926803372357,86649,350
1937.3507859377444,27327,350
1937.586010573967,162715,350
1937.7231465896855,56878,350
1937.7804919448668,139400,350
1937.8288129189089,17575,350
1937.9402852277774,72968,350
1938.0630894373926,92201,350
1938.7392957716977,174735,350
1938.8777488481971,13084,350
1939.132267179909,178082,350
1939.4472421072066,20892,350
1939.7173393823007,15936,350
1939.8789571086138,531817,350
1940.5757590437893,346818,350
1941.1992759003647,22205,350
1941.4326226874518,155602,350
1941.4582551991289,4823251,350
1941.6264717702472,143673,350
1941.7429322545463,194356,350
1941.9542249866688,67532,350
1942.1281758527591,279862,350
1942.3496849351422,22205,350
1942.6547345582858,91879,350
1942.9830624734777,23168,350
1943.2949536089982,319223,350
1943.68698203599,137654,350
1944.1546355235644,2253483,350
1944.3197798288147,195266,350
1945.1182605707854,53860,350
1946.0717223755955,112567,350
1946.1741063073375,27327,350
1946.852383326023,151102,350
1947.1638813021,79212,350
1947.4374988190104,36632,350
1947.4967817990773,2242798,350
1947.7629736278157,4453551,350
1947.9290522155522,224234,350
1949.5018754470182,2173451,350
1949.99878685075,53860,350
1950.2303175956474,18714,350
1950.7254233706808,21431,350
1950.9113450417894,13084,350
1950.9381377192205,351856,350
1951.6470551529965,166490,350
1951.9112880141722,195266,350
1952.0279129147582,464480,350
1952.3884649300996,249249,350
1953.0044167132935,18714,350
1953.4577548431043,496383,350
1953.6185974024736,293350,350
1953.6468841389537,104524,350
1954.2507957099529,52184,350
1954.4519382476767,202091,350
1954.462368458042,286160,350
1954.51880215836,283988,350
1954.5345725012862,22205,350
1954.8760980361653,67532,350
1955.5323249613407,141846,350
1955.9206016813193,217079,350
1955.9869967552465,140210,350
1956.7743743898886,55163,350
1956.8342279391336,168539,350
1957.3988202067953,66504,350
1957.6524160986503,137219,350
1957.6534404285017,274862,350
1957.7218773394322,53926,350
1957.75560775565,210699,350
1958.0122020108095,1545939,350
1958.4445439669385,1915777,350
1958.7762322926528,89353,350
1959.3916293660743,170037,350
1959.708334174256,18694,350
1959.76724055218,241122,350
1960.1493069661165,112518,350
1960.420523556721,139122,350
1960.6114649328144,695002,350
1961.189914336651,22586,350
1962.4995245214282,30017,350
1962.6421398460247,417340,350
1962.8557352117525,276283,350
1963.1548958674432,174735,350
1963.5590857749921,283699,350
1963.9430347301736,18714,350
1963.9704925387932,539276,350
1963.9706217974806,1373836,350
1964.262688579277,55163,350
1964.3097666115207,25507,350
1964.4331395920497,155188,350
1964.6951471624575,21229,350
1964.7411222423236,573499,350
1965.2381718211284,32738,350
1965.4894577218379,459989,350
1965.5083846764473,1546006,350
1965.5129104183368,27753,350
1965.6136465803932,629129,350
1965.730212154424,142307,350
1965.9932052185445,142961,350
1966.0425570863576,379225,350
1966.274844826651,62334,350
1966.4936381685266,142961,350
1966.6801108527438,81184,350
1967.4604566022683,382492,350
1967.6919620657516,89353,350
1967.6924863806996,293350,350
1967.9674796986287,28339,350
1968.0012409462438,46490,350
1968.1246183210392,293350,350
1968.2723456865342,170037,350
1968.4133914175475,30169,350
1968.485167853534,40626,350
1968.9024913653136,59256,350
1969.1586757650991,164212,350
1969.3273519174254,167856,350
1969.9417141239505,59374,350
1970.1665961077804,18485,350
1970.384782677566,83658,350
1970.501354382779,184026,350
1970.745834275093,20386,350
1970.8552636739114,93928,350
1971.167165697148,3364519,350
1971.303233232834,48812,350
1971.4844081312806,361723,350
1971.903364184167,11840,350
1971.9172016804025,1563064,350
1971.9881861874276,353012,350
1972.2709727378897,157573,350
1972.3153951071326,323980,350
1972.5364925106007,11840,350
1972.9296010035625,308717,350
1972.9930184759169,539276,350
1973.0398283824488,443165,350
1973.3219191499409,2253483,350
1973.4286193484634,254710,350
1973.439993795902,121029,350
1973.5459379120082,1373836,350
1973.6427382513236,24291,350
1973.9336964872953,65594,350
1974.7246155968583,4270809,350
1974.8821148458824,4823251,350
1975.0545767025383,13429,350
1975.1725362351642,736462,350
1975.24346136628,121039,350
1975.949590260577,165563,350
1976.0387467036223,113234,350
1976.8153033830004,46242,350
1976.936410666107,28460,350
1978.7399297742916,92198,350
1978.8439965727698,1546006,350
1978.8989782429933,112202,350
1980.0603414075877,25735,350
1980.4497982603552,88158,350
1980.8654204850075,165144,350
1981.8593140269268,539277,350
1982.1442155730358,92227,350
1982.234663928257,287670,350
1982.4153752692725,206100,350
1982.4627103062678,238835,350
1982.7371702956068,21061,350
1982.9046215136098,155254,350
1982.9436667344019,652448,350
1983.11473762614,695002,350
1983.1936438996497,1915777,350
1983.6402596386317,187384,350
1983.815184984669,174772,350
1984.1493232681821,217079,350
1984.4203077740192,736462,350
1984.4930945460783,155525,350
1985.1241198509347,21061,350
1985.1730923091568,79322,350
1985.2759741170032,13084,350
1985.283824090851,142318,350
1985.5857353278118,126119,350
1985.6314713823415,89004,350
1986.0403308048062,196623,350
1986.1675186526618,323956,350
1986.282287548885,32274,350
1986.3031473796411,42799,350
1986.8838909640422,635169,350
1987.9665224395278,274862,350
1988.0703534726192,464480,350
1988.1887677052366,102411,350
1988.4563978782448,35160,350
1988.6658463988674,130160,350
1989.4395198442453,178082,350
1989.6966672359974,134643,350
1990.6654681674495,113235,350
1991.2558301050203,65610,350
1991.4194975993423,20892,350
1991.5794466577963,450571,350
1991.9948779988708,116063,350
1992.4982709552366,2253483,350
1992.7271295074445,92227,350
1992.7312208112774,2173451,350
1993.0614626736153,80562,350
1993.5703706908562,282826,350
1993.6160848829215,1047235,350
1994.0874578982564,31285,350
1994.2212602644777,151102,350
1994.3304287786461,144180,350
1994.567059948121,4823251,350
1994.9865514410917,202606,350
1995.1333477554872,151085,350
1995.2998221942487,62570,350
1995.5678908137809,135456,350
1996.5104469291123,65610,350
1996.6122194827774,206823,350
1996.6757772713283,102422,350
1996.9376091412205,188910,350
1997.111260384987,279862,350
1997.2424288126992,148948,350
1997.6601779596315,137219,350
1997.9419192062198,142883,350
1997.9967170687808,377008,350
1999.1006246490952,49756,350
1999.547036661723,65610,350
1999.5841287598319,46473,350
2000.0252569615645,587293,350
2000.7030147470139,20892,350
2001.1167600177246,97294,350
2001.3313910032975,1373836,350
2001.4211791533248,533994,350
2002.1041566218107,3150519,350
2002.5403021099087,488058,350
2003.1614941751022,207682,350
2003.3184575306568,121040,350
2003.3562385842038,20137,350
2003.469320409318,170037,350
2003.891700489466,195266,350
2004.0946995913096,31876,350
2004.257739326324,92227,350
2004.4756807563747,283988,350
2005.326935953448,24140,350
2005.5184660365092,443165,350
2006.02403612701,174897,350
2006.0618797414338,128517,350
2006.2280246191704,181744,350
2006.233079004298,46490,350
2006.2706615173608,224234,350
2006.3460846412477,67839,350
2006.574669487945,500128,350
2007.4305016603794,21061,350
2007.8551183625866,165144,350
2007.8558187362487,150256,350
2007.9129808491857,20578,350
2008.6192809456566,71141,350
2010.2149564587312,79212,350
2010.6001161814754,213438,350
2011.1285594053209,31109,350
2011.4335848903704,27048,350
2011.8040244733743,52080,350
2012.3223457478857,241122,350
2012.459724824401,76626,350
2012.5504923424562,20137,350
2012.670984803017,4270809,350
2013.2581681835268,120792,350
2013.3329406596451,3150519,350
2014.186581850791,128070,350
2014.3154024122616,186618,350
2014.330535589564,112567,350
2015.060365352714,2067699,350
2015.506465967014,142318,350
2016.2020842574593,112541,350
2016.401888076956,86649,350
2016.5294473776491,19987,350
2017.0289221091589,173745,350
2017.274756233414,128070,350
2017.4149089324976,283699,350
2017.60296152394,279386,350
2017.760762836843,323942,350
2017.7610779160038,15936,350
2017.879803380414,117521,350
2018.225031952679,22586,350
2018.229640329142,27753,350
2018.4139365381131,121029,350
2018.6254105615085,71150,350
2018.641267747461,293350,350
2018.9725205236107,5747480,350
2019.88996367405,92894,350
2020.6692275510525,112567,350
2020.7252867754146,242114,350
2020.7547126648617,20657,350
2021.1595733391534,1435200,350
2022.1767518087308,4270809,350
2022.1852364369322,26594,350
2022.2998874103803,66471,350
2022.3589624157114,18050,350
2022.4811389982829,174741,350
2022.8762408648422,144180,350
2022.8928157631196,217079,350
2023.1269921413543,151085,350
2023.1576702460727,201924,350
2023.1601048100217,3150519,350
2023.201737239975,195266,350
2023.2137381509385,262109,350
2023.5585848115493,13084,350
2023.6527595374698,34605,350
2023.7877079360708,30169,350
2023.8964922368793,36632,350
2023.9879413676917,53926,350
2024.6238733808755,116080,350
2024.8275539030556,635271,350
2025.0305855739966,143673,350
2025.26707041232,28856,350
2025.3082621407527,166584,350
2025.46816410593,113221,350
2025.7648409284232,202091,350
2026.083255288651,323988,350
2026.196412839249,195266,350
2026.2295301742188,26594,350
2026.3878245327733,4063156,350
2027.0253048622126,17977,350
2027.3409343423623,66472,350
2027.4544732221177,32242,350
2028.7691156515048,163775,350
2029.0451235209944,443165,350
2030.2090838557297,93928,350
2030.3983543612674,233736,350
2030.4526646048857,160489,350
2030.5551367004239,51013,350
2031.0391162532749,531817,350
2031.2828347171833,587293,350
2031.335180003423,242114,350
2031.9768294544676,137654,350
2032.0634835719713,79322,350
2032.6135039009894,155188,350
2032.6275223921225,35287,350
2033.011909600334,166490,350
2033.0240338280687,32274,350
2033.3115164661544,30889,350
2033.4470950766586,99555,350
2034.163348955856,113258,350
2034.3275224825559,822685,350
2035.03588976522,187384,350
2035.2458067288276,121040,350
2035.2661493044627,66472,350
2035.3420740683189,34605,350
2035.5179759316893,31109,350
2036.3592450371361,144764,350
2036.4412614342912,323978,350
2037.0305808729602,16581,350
2037.3616744171816,97501,350
2037.8710484573571,238835,350
2038.0786069569065,70889,350
2038.155660592291,49203,350
2038.2553990006386,174735,350
2038.476600899676,174772,350
2038.952099319399,323978,350
2039.2302927861379,1521576,350
2039.9522745961756,112596,350
2039.9544665763688,1214326,350
2039.9810864481144,30017,350
2040.1759958725975,1131859,350
2040.2606929667077,13429,350
2040.6528549629663,323988,350
2040.8115190586395,20578,350
2041.357229532187,231235,350
2041.7679953052477,219434,350
2042.5138943131178,19987,350
2042.5510950663759,19987,350
2042.6937924214703,41999,350
2042.7417696386967,346818,350
2043.094154319993,547387,350
2043.1538822861244,4453551,350
2043.363290740611,74248,350
2043.7467624735739,112369,350
2043.9776167605025,65610,350
2044.2822791193212,71877,350
2044.297928179885,173549,350
2044.4879437163047,264209,350
2044.6045005066755,18082,350
2044.720936437226,112424,350
2045.0060420270206,36774,350
2045.4041068132512,58480,350
2045.4974086598165,150211,350
2045.8729729451527,3364519,350
2046.2832909139388,49203,350
2046.321605814499,155609,350
2047.2341413252732,121040,350
2047.7146749510164,15936,350
2048.4326405977718,113234,350
2048.608222591388,201924,350
2048.6940277986064,323935,350
2048.707949898673,227407,350
2049.208810158419,142961,350
2050.2685795323705,27990,350
2050.523451659497,33622,350
2050.697625592591,144764,350
2051.0015526585657,196032,350
2051.028371655913,142883,350
2051.0987180925736,143673,350
2051.332713233853,56146,350
2051.529576192002,46470,350
2052.3314388002514,54519,350
2052.543086888979,2461162,350
2052.6559726334253,94274,350
2052.7916728219793,155602,350
2053.0691046647453,97294,350
2053.109285866177,212646,350
2053.2161371666466,22355,350
2053.308496168483,28714,350
2054.0575446689527,149956,350
2054.168204502424,174815,350
2054.2559055295806,345995,350
2054.3049554830964,140210,350
2054.472356197297,65594,350
2054.4824378605363,40112,350
2054.7658963843446,891285,350
2055.083390836314,531817,350
2055.116038516957,48364,350
2055.123619223375,14074,350
2055.2380476339818,134643,350
2056.2067830202195,173745,350
2056.7856975270192,32738,350
2057.175518987319,27327,350
2057.6654689980464,92227,350
2058.248966412632,202606,350
2058.3615849521243,247868,350
2058.5394807232956,342342,350
2058.891644820567,255501,350
2058.9771939116004,186618,350
2059.6744402750846,28339,350
2059.9504502179725,139400,350
2060.196010346873,18714,350
2060.3200494215507,16581,350
2060.3473292254475,174772,350
2060.670182267375,210699,350
2061.0352594130654,1563064,350
2061.6885675635353,165144,350
2061.938388452067,130651,350
2062.244747080997,83658,350
2062.5984179217758,213438,350
2062.8540392735426,27753,350
2062.9772673524353,123868,350
2063.211777483468,113218,350
2063.2712186107474,27048,350
2063.32700523064,4453551,350
2064.15632706208,158311,350
2064.218492738187,632241,350
2064.39723330125,1131859,350
2064.574914788075,5747480,350
2064.801867309253,18485,350
2065.865135887347,13256,350
2065.949228955324,128517,350
2065.960593324284,89004,350
2066.0875925420874,67839,350
2066.218474442435,21050,350
2066.25963984993,20427,350
2066.2664984668454,242114,350
2066.3616306826266,187384,350
2066.6162316295085,287670,350
2066.62316199826,383104,350
2066.768669858935,76626,350
2066.939813462961,13429,350
2067.5607335416125,186618,350
2068.2227731779185,28339,350
2068.646082325681,89353,350
2068.7848646454518,178082,350
2068.865342915566,283699,350
2068.9786767022165,736462,350
2069.1437373285744,262109,350
2069.5012539228355,22760,350
2069.757709918221,41583,350
2069.764789022691,60529,350
2069.99947037135,174741,350
2070.469690927217,86649,350
2071.187483360205,52184,350
2071.2076682250026,163193,350
2072.7693746173854,116036,350
2072.996205634183,77348,350
2073.0173402196333,42799,350
2073.397865197186,121029,350
2073.9832506159955,53926,350
2074.088813335417,1545766,350
2074.165334561544,22355,350
2074.290113964457,2875027,350
2074.570556122963,32400,350
2074.6729968903305,71150,350
2074.7061576428764,163775,350
2074.8454520685664,61434,350
2074.9395809361545,121040,350
2075.1762156134064,58480,350
2075.669348194929,292752,350
2075.8231468717204,206590,350
2076.501565361393,249249,350
2076.8140583242543,155188,350
2077.0051365854392,23659,350
2077.361161278738,30522,350
2077.861491623717,4063051,350
2078.1626180663357,33893,350
2078.1919882460097,33893,350
2078.2004329812694,113235,350
2078.671765471315,1562167,350
2078.7044252892742,47102,350
2078.933223731643,40436,350
2078.962397677297,143012,350
2079.681345522588,20386,350
2079.796096507313,20427,350
2080.089608801775,30796,350
2080.1738573113153,1521576,350
2080.3928632963575,128341,350
2080.39793333727,46470,350
2080.4858017954166,80562,350
2080.8847246729115,5747480,350
2081.0254923984207,142961,350
2081.210251210667,164605,350
2081.603385269281,323935,350
2081.688607028841,13256,350
2081.7061595811706,137654,350
2081.845443176782,66504,350
2082.1484864784265,21229,350
2082.3974575524953,144764,350
2082.880650881696,120792,350
2083.746909913449,34327,350
2084.290316417387,55541,350
2084.3582990379277,27327,350
2084.7884513426416,21003,350
2085.096782277447,12115,350
2085.2982758386797,166584,350
2085.385246329108,173745,350
2085.791524408597,48812,350
2085.9269883142233,17575,350
2085.927384247839,66504,350
2086.282020848043,44227,350
2086.3773603542268,79212,350
2086.9234393911474,112424,350
2087.501587934757,241122,350
2087.5409737405503,18159,350
2088.0179619121677,24140,350
2088.144648677727,30316,350
2088.2409692627807,247752,350
2088.4186838145756,139400,350
2088.498713383969,116036,350
2088.592664010559,128341,350
2088.834732659909,17977,350
2088.9978946161173,66471,350
2089.583087877283,20657,350
2089.879934713254,67839,350
2090.3301364774406,41583,350
2090.4558833222745,135456,350
2090.853769094307,39977,350
2091.262659151051,16581,350
2091.8277346679874,765830,350
2091.934546250983,139400,350
2091.9552946865633,24291,350
2092.1670887157493,148948,350
2092.1745722083942,2253483,350
2092.9176191677097,223520,350
2092.938044449374,102411,350
2093.137700231932,95541,350
2093.616875624387,56878,350
2093.739162822455,287670,350
2094.1598000342156,42493,350
2094.4873514568762,44227,350
2094.530813245943,179901,350
2094.8685334706333,142553,350
2095.0288142725294,118330,350
2095.145725842237,88158,350
2095.4629967275127,27048,350
2096.077452309865,134643,350
2096.649996916578,32274,350
2097.0690431642515,120792,350
2097.3622173415897,12115,350
2097.676804740035,42493,350
2098.0163415994443,286160,350
2098.21905707547,65610,350
2098.5316388994097,67839,350
2098.569883242379,46473,350
2099.0729028848873,129471,350
2099.154358380532,155602,350
2099.3007598877803,27972,350
2100.1949135943682,66743,350
2100.462182883874,98145,350
2100.517850314367,21431,350
2100.521703955694,264209,350
2100.5579191637958,31109,350
2100.6092804730642,174735,350
2100.8069014217244,142307,350
2101.019634795072,98145,350
2101.1591781521415,56146,350
2101.317690802613,92227,350
2102.128119815667,128070,350
2102.444942905776,46931,350
2102.638771077659,35160,350
2102.732680947481,81184,350
2102.7839633289177,382492,350
2102.8339195031826,139400,350
2103.1360836418703,112541,350
2103.1608966800704,146374,350
2103.4356985510817,51522,350
2103.9950769348493,135456,350
2104.1159761358517,22205,350
2105.9783268887445,188910,350
2106.0975153701606,61089,350
2106.242509088588,99555,350
2107.5879802440477,27333,350
2107.7254467321136,22411,350
2107.8861199307594,1521576,350
2108.3169628193173,46470,350
2108.824811625164,98145,350
2109.1968254497683,104033,350
2109.4297809808336,32738,350
2109.492823671365,2154194,350
2109.5288114442837,46478,350
2109.5365967356915,19621,350
2109.803078884744,43146,350
2110.248460374033,32075,350
2110.5025450068833,27293,350
2110.530485756128,42799,350
2110.5989333426905,41547,350
2110.726109840208,249249,350
2110.7601252962395,55163,350
2110.9134112477404,46580,350
2111.258607401346,672356,350
2111.869176661464,539276,350
2112.564049793315,71877,350
2113.227709315636,160489,350
2113.2575224284747,110690,350
2114.095896195467,53926,350
2114.41699254625,249249,350
2115.4239292419875,27048,350
2115.452444910542,1435200,350
2115.4997358171627,20657,350
2116.761791395342,56878,350
2117.0715025286045,500128,350
2117.4842581878947,635271,350
2117.9831733526876,61434,350
2118.0203432879507,3364519,350
2118.1036246287167,500128,350
2118.1054747335593,2253483,350
2119.356323498442,71138,350
2119.5175282037376,184026,350
2119.531206818715,766247,350
2119.534188576212,111061,350
2119.6156924991456,127041,350
2119.6879245987584,46470,350
2120.3524112182436,353012,350
2120.3752283946933,899024,350
2120.67135783478,2067699,350
2120.8034428102756,20657,350
2120.8245277650904,173549,350
2120.9005005277604,65610,350
2121.5250616610774,132844,350
2121.587418438525,1546006,350
2121.7707114950995,118927,350
2122.41500264238,61250,350
2122.581859379318,202083,350
2123.9768452708786,47102,350
2124.3008047008298,12574,350
2124.4761822650908,547387,350
2124.9607210177796,179901,350
2125.1463007323423,342342,350
2125.330899795655,102422,350
2125.5715785009093,102411,350
2125.693408039213,26003,350
2125.904293481185,1521576,350
2126.3258040198416,264209,350
2126.722838542837,173745,350
2126.7342513556887,77479,350
2126.8987746401876,166964,350
2126.9706349517264,765830,350
2127.0476275973033,151176,350
2127.21728561936,77348,350
2127.581192495294,24140,350
2127.6624481671124,283988,350
2127.737241685644,27333,350
2128.2182199375866,93928,350
2128.292883732562,13256,350
2128.4079490461486,181656,350
2128.502639774094,142961,350
2128.5554671264676,19621,350
2129.0009777156174,400918,350
2130.284477637347,32738,350
2130.317911118723,116036,350
2130.4335321710364,144764,350
2130.5422395515907,323956,350
2130.5989732784046,139122,350
2130.812531551874,61434,350
2131.4772687562768,77479,350
2131.4927860800444,139122,350
2132.078709298976,323956,350
2132.1950266516,110690,350
2132.8544088641015,202083,350
2132.9905488991158,24739,350
2133.074785145573,323942,350
2133.084725226342,241740,350
2133.08599204455,574826,350
2133.4667322905343,27048,350
2134.155736356282,28714,350
2134.3355162519824,174772,350
2134.596175496685,88343,350
2134.6028415803066,14372,350
2135.0763705904205,49756,350
2135.272312227689,243929,350
2136.065296545995,90106,350
2136.350469426939,14494,350
2136.5306067590805,196032,350
2136.5325733292552,23168,350
2137.1048977358905,28573,350
2137.411460094876,143290,350
2137.706173976436,19788,350
2138.354515765955,92223,350
2138.411049915804,55163,350
2138.921677245754,459249,350
2138.948819851121,27972,350
2138.965992656066,52080,350
2139.6556961427027,4823251,350
2140.445835799516,319223,350
2140.489213674367,112202,350
2140.576375013509,92227,350
2140.7023293337843,155609,350
2141.279760451661,635271,350
2141.8082154416506,383104,350
2141.9181121295687,15990,350
2142.3538588256847,43146,350
2142.364702743475,21431,350
2142.4436438353687,227407,350
2142.6567941530943,173549,350
2142.845769554707,22205,350
2143.0065205853275,30889,350
2143.050245228257,41547,350
2143.533916675292,79212,350
2143.6036005142596,104524,350
2144.070040896034,166964,350
2144.4699625084577,12574,350
2144.6168931984203,400918,350
2144.82699331386,196623,350
2145.007012272359,137654,350
2146.4068032418368,254710,350
2146.5727304936895,143290,350
2147.257852869188,471679,350
2147.7170221056535,99555,350
2148.0411910389626,33622,350
2148.0536937524307,40436,350
2148.2084596735617,157573,350
2148.930808150477,247868,350
2149.3369583097874,59374,350
2149.9603401936365,323992,350
2150.102006474591,163775,350
2150.1075596684127,104785,350
2150.6659909579016,129471,350
2150.8726832775496,17592,350
2150.9620296039807,92894,350
2151.1415502241284,139400,350
2151.2617047259782,546874,350
2151.331247297269,30017,350
2151.502025836984,143164,350
2151.5596709363112,30169,350
2152.4399826844838,28929,350
2152.488216770083,165563,350
2152.7516401980724,31109,350
2153.3075579730994,42493,350
2153.721356173335,56878,350
2153.8704425723954,26594,350
2154.254751933338,547387,350
2154.4050344276243,174815,350
2154.524175748857,27307,350
2154.6248736766465,112424,350
2154.674570654825,45233,350
2154.896298763629,201924,350
2155.1731186014476,15990,350
2155.3509658651137,323935,350
2155.430202469819,4063156,350
2155.5032208557686,32274,350
2155.5068505089876,130160,350
2155.816416573009,46473,350
2156.6699848194557,30017,350
2157.025610590164,52080,350
2157.5589850598612,3442901,350
2157.6531846899516,2253483,350
2157.9461206360247,3150519,350
2157.9492930039137,121029,350
2158.188396662099,1131859,350
2159.0875465924155,152652,350
2159.229726012343,173767,350
2159.3776681347535,196032,350
2159.5635488557864,137219,350
2159.964608327382,121029,350
2160.001798225955,18694,350
2160.290873614582,1435200,350
2160.8099935072864,695002,350
2160.964610220167,21229,350
2161.188816418897,130160,350
2161.845212883154,127041,350
2162.112319337352,53860,350
2162.1481850213054,112518,350
2162.5108880272264,112596,350
2162.583543074949,276283,350
2162.81832955808,41952,350
2163.118005971352,357795,350
2163.254551429907,107487,350
2163.3363428060516,90454,350
2164.0625153191945,102411,350
2164.3700431253606,174772,350
2164.5826635355306,93169,350
2164.7029195692508,546874,350
2165.358215905117,110690,350
2165.609756537457,47554,350
2166.5849401185937,35287,350
2166.749708237856,143164,350
2167.2588652740737,1545718,350
2167.6827456031974,695002,350
2167.8903563209524,197941,350
2168.1915417694536,276283,350
2168.9464732019774,31285,350
2169.010666310319,286160,350
2169.015167373204,143164,350
2169.184789575497,26259,350
2169.2331057159504,262109,350
2169.2970823761584,35478,350
2170.066670293992,151176,350
2170.2248773008337,24140,350
2170.277036983148,223520,350
2170.5420708984925,36632,350
2170.542774280147,241122,350
2170.6286291534234,32075,350
2170.779909641217,217079,350
2171.08996245988,121029,350
2171.7394390487502,88158,350
2171.745600638879,67532,350
2171.912989024038,323956,350
2171.9617328085005,224234,350
2172.3340838176464,292752,350
2172.5574785751696,166490,350
2172.6702118702933,59374,350
2172.7205281318975,70995,350
2173.0280460711842,104524,350
2173.168920038292,104785,350
2173.5682446558426,168539,350
2173.800693409896,56146,350
2173.9217297437185,2612782,350
2174.5119759723984,635169,350
2174.816585358358,81184,350
2175.218744386038,121043,350
2175.4362317774307,117521,350
2175.7048825747374,3364519,350
2175.9653567410537,41583,350
2176.121489378728,61250,350
2176.226171758112,111061,350
2176.8385200994417,134643,350
2176.9529388358847,14372,350
2176.9904833351375,105748,350
2177.1422838713775,104785,350
2177.438080395512,79212,350
2177.936913708428,86355,350
2178.1720289689642,142307,350
2178.580189889411,19621,350
2179.2127464341747,155587,350
2179.7027195640776,28573,350
2179.8178944426345,221685,350
2180.355402284768,139400,350
2180.8698551928505,139400,350
2180.959516426277,129471,350
2181.03440041679,48812,350
2181.672879463156,323992,350
2181.9858984492453,323935,350
2182.1819307751744,34502,350
2182.689358665131,173767,350
2182.70172832203,110690,350
2182.7376157333642,635271,350
2183.2032700254586,1131859,350
2183.498468097479,143164,350
2183.5106430051483,573499,350
2183.5277277071727,41999,350
2183.777527374363,61166,350
2183.874540022186,279386,350
2184.0079687718426,155525,350
2184.5264683939477,104524,350
2184.8811707622854,155254,350
2185.1808961817055,143012,350
2185.5478824012876,18082,350
2185.728634720327,41999,350
2185.910930132483,247868,350
2186.485630520626,26259,350
2186.4985692277555,25735,350
2186.8285009195943,292752,350
2186.875447254485,94846,350
2187.1898436521597,2242798,350
2187.214060885777,32122,350
2188.5888284683247,62570,350
2189.0755562436966,45233,350
2189.120496476355,1562167,350
2189.371161187435,150914,350
2190.521303472151,71877,350
2190.6401184947285,1002204,350
2190.989791315991,157201,350
2192.288669139038,126119,350
2192.6501619274345,137219,350
2192.737458338681,268311,350
2193.139512695963,207682,350
2193.4248197201955,14494,350
2193.461244384843,104524,350
2193.570444406956,118927,350
2193.593175177499,123868,350
2193.6617317475334,22752,350
2193.8050272253226,142883,350
2193.8165915201726,149956,350
2194.067922628083,70889,350
2194.1416329555213,113229,350
2194.3830675532804,76626,350
2194.730833653431,28890,350
2194.9599361770206,174772,350
2195.2157247937535,323992,350
2195.273749828231,174741,350
2196.5138199281223,1521576,350
2196.6234569384214,149956,350
2196.7118308290665,108256,350
2197.377418420588,1430037,350
2197.775376269636,672356,350
2197.821099942041,97294,350
2197.838821416738,14494,350
2197.952002003313,105748,350
2199.08383473894,539277,350
2199.5440383412247,32274,350
2199.7521058026346,292752,350
2199.7560026845363,121043,350
2199.881007487566,201924,350
2199.9861467124947,58480,350
2200.8443855616993,11840,350
2200.851038814195,443165,350
2200.855966118578,151085,350
2201.1790156455886,736462,350
2201.219426473775,2253483,350
2201.36059222423,31285,350
2201.388867754387,498014,350
2201.4475569523693,1545939,350
2201.5697225724834,635271,350
2201.8408721340043,166490,350
2202.2400240695138,165563,350
2202.4789233223046,91879,350
2202.486304414708,92198,350
2202.63398775006,121043,350
2202.6868441934143,27327,350
2202.742495433712,1047235,350
2202.928657412327,2612782,350
2203.321380318442,279386,350
2203.3937069321373,1131859,350
2203.8420160342293,149956,350
2204.2396458474,160489,350
2205.0008254615595,488058,350
2205.5790591076493,345995,350
2205.789615062148,383104,350
2205.854140965787,160489,350
2206.1892452823745,116036,350
2207.0851978905125,92198,350
2207.685225580315,43146,350
2207.7980641813115,111061,350
2208.8634015516664,224234,350
2208.940933290687,149956,350
2209.167178574746,40112,350
2209.3551273666053,383104,350
2209.9295046793754,308717,350
2210.1042146403215,32738,350
2210.493216974294,24291,350
2210.635828367506,81184,350
2210.697836121991,822685,350
2211.1696341789366,174897,350
2211.387320262222,47554,350
2211.864559896556,377008,350
2212.0864694712536,30017,350
2212.2096811178176,30889,350
2212.353013892186,143733,350
2213.720380812842,47102,350
2214.349755976996,36774,350
2214.9159677843395,104033,350
2215.3441917126893,255501,350
2215.397678983179,135456,350
2215.7013183279096,118330,350
2215.9069736308365,113235,350
2216.183425377075,52080,350
2216.338833916767,323956,350
2216.929438252612,143012,350
2217.335002148416,573499,350
2217.6326307156987,129471,350
2217.7722145043135,86355,350
2217.956437832283,377008,350
2218.2380780970493,32274,350
2218.238943068925,241122,350
2218.447754251471,118330,350
2218.8447916499836,342342,350
2219.323499705888,120792,350
2219.4819778318274,88343,350
2219.627314015035,21017,350
2220.7528873398,116080,350
2220.807471153261,40119,350
2220.990347796235,206590,350
2221.1757739848263,141846,350
2221.481129586274,148948,350
2221.7369790266494,155602,350
2221.992534878108,1002204,350
2222.1307427635033,27972,350
2222.5487717775236,202091,350
2223.026796081618,736462,350
2223.488044306403,181656,350
2223.670166174305,74248,350
2223.936617092854,142277,350
2224.016204243914,323992,350
2224.2857611087647,22357,350
2224.55262391642,139122,350
2224.723313266782,21050,350
2225.7133715076084,283988,350
2225.8022266180883,58480,350
2225.8171045389513,1521576,350
2226.74822744503,1521576,350
2227.320696662881,206100,350
2227.36317736687,175299,350
2227.525930000737,173745,350
2227.578194684696,3364519,350
2227.8351972756404,143164,350
2227.8837919292637,116063,350
2228.1687568433563,36774,350
2228.277386265301,66743,350
2229.057411206024,143290,350
2229.236113706551,353012,350
2229.5252906748324,147224,350
2229.6285579796763,52080,350
2229.814238160857,345995,350
2229.8292134510966,46580,350
2229.9261744905875,139122,350
2230.173063227476,292752,350
2230.25783747017,652448,350
2230.307943720256,533994,350
2230.3179542867056,1546006,350
2230.4626161818514,41547,350
2231.059436928602,383104,350
2231.423923756435,139400,350
2232.4298630896637,104785,350
2232.7918016632657,18685,350
2232.925619274659,24037,350
2233.491852476822,736462,350
2233.906234425235,143290,350
2234.093819883337,27048,350
2235.576389616573,16581,350
2236.474553835025,99128,350
2236.511323908444,201924,350
2237.4337790953973,113258,350
2237.674493596245,1214326,350
2237.970818773216,323956,350
2238.3919829065153,71141,350
2238.4427913170507,891285,350
2238.6616415726908,27990,350
2238.7158937839513,14074,350
2238.88203018606,49756,350
2238.911613216932,118927,350
2239.093685092205,21431,350
2239.1543547980705,1729658,350
2239.365835470103,22760,350
2239.6773005918785,21431,350
2240.5166316261493,32122,350
2240.785282285552,212646,350
2241.1070324646935,137654,350
2241.1122544161394,110659,350
2241.395242073114,377008,350
2241.5535187704445,16495,350
2241.8155268175037,471679,350
2241.893351069311,112369,350
2242.052042009191,168539,350
2242.6759853138933,4823251,350
2242.957992593471,88343,350
2243.446229696097,28856,350
2243.6523528670123,179901,350
2243.6934505619015,21268,350
2243.693576749146,160489,350
2243.8953563857935,32274,350
2244.140010906849,137654,350
2244.2515896985396,16581,350
2244.4846963788923,170037,350
2244.9353367182243,20602,350
2245.1016612132007,18485,350
2245.46882042243,46490,350
2246.384655353471,28890,350
2246.903226439605,66472,350
2247.047836978771,1002204,350
2247.1244014955973,23771,350
2247.3613093819527,113234,350
2247.947638871932,95541,350
2248.2740354782345,46580,350
2249.067614026793,72425,350
2249.9079018893053,173767,350
2250.1037868890016,55163,350
2250.553936590489,24739,350
2250.752279877826,323988,350
2250.752861945497,140625,350
2252.4031263043107,29063,350
2252.6698649572036,30796,350
2252.8622073490556,49756,350
2252.8889494986497,21050,350
2252.976698318146,1562167,350
2253.0715586395086,184026,350
2253.433555363053,319223,350
2254.057651326229,46242,350
2254.079884446396,72968,350
2254.378096926139,1546006,350
2254.4062242646246,80562,350
2254.5263975409375,417340,350
2256.0575665572355,110690,350
2256.3512280257464,116036,350
2256.5577571365816,25735,350
2257.2031396220837,54519,350
2257.561383179283,124431,350
2257.647303635202,120792,350
2257.8910936480597,61250,350
2258.1428330009185,4063156,350
2258.397569954403,90454,350
2258.5176424752913,247868,350
2258.8357853662555,1002204,350
2259.002385149758,126119,350
2259.7386947647447,12115,350
2259.8313194198217,18159,350
2260.159577633684,143012,350
2260.472630192371,42799,350
2260.6097739335187,14494,350
2260.6709825568337,61166,350
2260.6976298632453,24739,350
2260.9973666311294,113221,350
2261.157500319263,130651,350
2261.3436243892224,247868,350
2261.4910022896606,39977,350
2261.531665766611,104785,350
2261.710919581244,16581,350
2261.715385894345,142961,350
2261.8504489161983,22205,350
2262.06457849392,197941,350
2262.7610824840513,24037,350
2262.8015593753207,34605,350
2263.0667786747263,196623,350
2263.1949534235314,48812,350
2263.6745230048427,61089,350
2263.7533081683237,65594,350
2263.9079523574796,179901,350
2264.2752035855183,55163,350
2264.3961096694466,21050,350
2264.8616455196234,155525,350
2264.8812679374355,67839,350
2264.9642258561034,40626,350
2264.971342422022,383104,350
2265.3556178134127,166964,350
2265.5076127927027,379225,350
2265.763788885948,539277,350
2265.790064569681,188910,350
2266.038432836122,61166,350
2266.1314315478244,323980,350
2266.441549907878,1435200,350
2266.5438055485783,175299,350
2266.684780568884,150211,350
2266.8362985288554,13302,350
2268.479224421448,35160,350
2269.059900085081,31286,350
2269.0653607372815,110690,350
2269.1855622153307,173767,350
2269.824071235475,635271,350
2270.076951793977,158311,350
2270.4537288029783,14372,350
2270.526113733012,2154194,350
2270.553385976067,97501,350
2270.6394492212057,345995,350
2271.5733047920116,43146,350
2271.8144788125605,71141,350
2271.9733913301097,1545939,350
2272.2661007121487,112541,350
2272.598950541344,471679,350
2272.93360052147,1373836,350
2273.0545600655614,41583,350
2274.5050309184708,47102,350
2274.5788414082913,86649,350
2275.191645527284,213483,350
2275.3538197481676,52080,350
2275.6086738891236,30017,350
2275.8979461294402,496383,350
2275.94996644925,164212,350
2276.0462843086902,21214,350
2276.360728390749,276196,350
2276.85985749725,13429,350
2277.1186830092975,1545634,350
2277.832809959517,635169,350
2278.0081086649375,59374,350
2278.145075697208,41583,350
2278.660461966293,61089,350
2278.6729472076804,20386,350
2279.16888332185,112202,350
2279.2551812783545,635169,350
2279.539501887097,891285,350
2279.5443714035255,27972,350
2279.6601170890794,16495,350
2280.5024674575507,152652,350
2280.854529397069,1435200,350
2280.9528024782608,32400,350
2281.0111235723284,19621,350
2281.161553926959,120792,350
2281.231497434825,140210,350
2281.865484282218,95541,350
2282.1705337166877,22357,350
2282.469866894599,213438,350
2283.1431599466473,319223,350
2283.4360925037086,142553,350
2284.91987808502,206590,350
2285.050379094132,76626,350
2285.328612218371,142307,350
2285.4081395453827,104033,350
2285.6385864587346,15990,350
2285.8046878348296,31195,350
2285.862654696095,103881,350
2285.9550700516206,238835,350
2286.085364653307,151085,350
2286.294682626282,45851,350
2286.6502454640745,66743,350
2286.773127742677,97294,350
2286.8486728220482,1915777,350
2287.4306577656166,98145,350
2288.24815750476,262109,350
2288.42665768765,150211,350
2288.6045995525337,118927,350
2288.6228293708127,308717,350
2288.716475903543,16581,350
2288.800530345266,238835,350
2289.0469566074507,62334,350
2289.0872062469016,23659,350
2289.20532087499,168539,350
2289.5838940568574,102422,350
2289.9146712820757,223520,350
2290.019486694873,34513,350
2290.0614450776698,695002,350
2290.1754553707524,48812,350
2290.3847107690417,434292,350
2290.6119265842085,135830,350
2290.6403412737786,255501,350
2290.776891810025,44227,350
2291.3247888799015,143290,350
2292.17696742907,25507,350
2293.0502330683303,150914,350
2293.0755459351817,71150,350
2293.8498543897217,1214326,350
2294.3176608231693,55163,350
2294.624102286984,173745,350
2294.8182793409437,4453551,350
2294.8993709482684,174735,350
2295.1618688028016,345995,350
2295.198768949535,16634,350
2295.217328668657,635271,350
2295.9572481234636,112424,350
2296.0394258609986,61089,350
2296.7237790860445,150914,350
2296.7763483877357,51522,350
2296.864638930086,142883,350
2296.925693580534,166964,350
2297.0854090278935,150256,350
2297.6573609580005,148617,350
2298.3495739251593,143012,350
2298.5462517345823,213438,350
2298.872232644889,1430037,350
2298.90218750452,41583,350
2298.929525971274,539476,350
2299.417988474273,531817,350
2299.571122922102,4270809,350
2299.988065727723,899024,350
2300.146945317914,13256,350
2300.374109232258,24037,350
2300.660001813595,94274,350
2300.839997966902,45233,350
2300.9881027803167,83658,350
2301.135170845173,346818,350
2301.178357223718,166584,350
2301.5343368230356,1729658,350
2301.582903890816,213110,350
2301.6517550699023,80562,350
2301.811751703668,61089,350
2301.973508251933,105748,350
2302.114410765378,151176,350
2302.6268402870537,135456,350
2302.731362296031,49203,350
2303.3453419928906,323956,350
2303.6066200756977,546874,350
2303.846185084029,13302,350
2304.125280907883,400918,350
2304.194416049833,283988,350
2304.4650722042024,180936,350
2304.9500450345145,20427,350
2305.2822830329574,61250,350
2305.3104643706483,2067699,350
2305.450516591071,143164,350
2305.4585092665598,233736,350
2305.590004813666,92201,350
2305.6357127924516,163775,350
2305.816800139275,46473,350
2305.8263161290292,4453551,350
2306.628721176225,118927,350
2306.7439799550793,23168,350
2307.1680971056385,71141,350
2307.241244793935,157573,350
2307.6151651270484,181656,350
2307.741452000199,130160,350
2308.023448536756,25735,350
2308.8299774451907,188910,350
2309.150454821534,166584,350
2309.192402244507,118330,350
2309.852130817141,164605,350
2310.241264553,174772,350
2310.81820678546,22752,350
2311.48732488944,1214326,350
2311.5764855817984,80562,350
2311.6938918231604,112596,350
2312.1161976412623,16495,350
2312.1331623101987,113235,350
2312.244597968809,25735,350
2312.371781480621,108256,350
2312.964155173999,21431,350
2313.802002920321,150914,350
2313.8487345290782,20602,350
2314.051124708219,117521,350
2314.437123632609,126119,350
2314.5600490863912,3442901,350
2314.7835321747334,144764,350
2314.860106562537,33622,350
2315.2879109517926,53926,350
2315.705649312272,361723,350
2315.871194296902,143781,350
2315.997731502571,121043,350
2316.0885320641114,1214326,350
2316.1103952195535,61434,350
2316.3488835786056,573499,350
2316.9604284980296,25735,350
2316.9986207455327,143164,350
2317.153773417361,36632,350
2317.7811345487826,33598,350
2318.275975056293,573499,350
2318.657280637015,98145,350
2318.6619689041017,40119,350
2318.992497636952,42493,350
2319.0966677669926,546874,350
2319.5181494860753,249249,350
2319.592242462266,79212,350
2319.593191660894,144764,350
2319.79951835758,14372,350
2319.899723554558,134643,350
2320.1586306102863,187384,350
2320.254613270876,113229,350
2320.6946118146425,292752,350
2320.8977050196104,24140,350
2320.983738957473,288767,350
2321.355151433758,59374,350
2322.0556320846495,143164,350
2322.7255951965976,202091,350
2323.845209762752,102422,350
2324.1919852678357,56878,350
2324.470707924262,93928,350
2324.493800416803,174772,350
2324.56823178096,61166,350
2324.6749660452015,173549,350
2324.9015967266537,223520,350
2325.4095250649666,97294,350
2325.5885490062656,4453551,350
2325.6730318207046,17592,350
2325.8197955441524,126119,350
2325.8304642154953,165563,350
2325.9199471965953,20657,350
2325.9325593548892,635271,350
2326.147103912211,36774,350
2326.918138929781,32400,350
2327.078457525726,142307,350
2327.4912787633084,14494,350
2327.8339625212716,1546006,350
2328.1186023987043,268311,350
2328.6473136368,1545939,350
2328.8957873727786,163193,350
2329.1826443951095,206823,350
2329.304988951953,632241,350
2329.704520090915,67532,350
2329.767288373631,16495,350
2330.1350414496405,113235,350
2331.26617078653,206590,350
2331.3549147832073,47558,350
2331.75353934323,672356,350
2332.168031832431,13256,350
2332.1900300014395,323942,350
2332.5196089290207,113221,350
2332.7305389477237,35478,350
2332.916882387173,104785,350
2333.530090215196,30316,350
2333.643507395719,20892,350
2334.776554319597,400918,350
2334.985969541637,102422,350
2335.0095134449843,32075,350
2335.0375698191583,28573,350
2335.544643095746,113258,350
2335.9717998088513,5747480,350
2336.325467331501,1545966,350
2336.352290901435,32075,350
2336.6492128574464,66743,350
2338.274470377396,18159,350
2338.696592563132,42799,350
2338.78108678111,28573,350
2339.221047722774,144180,350
2339.241999188158,104524,350
2339.3494870883296,18714,350
2340.050808345283,22205,350
2340.5060286921253,223520,350
2340.9478187037566,110690,350
2341.2584042560106,39977,350
2341.8547996517154,18050,350
2341.9558298234565,178082,350
2342.7682575718895,139400,350
2343.224955734913,80562,350
2343.2509523774233,219434,350
2343.7441932226934,74248,350
2343.9902121961945,42799,350
2344.2309817181995,128517,350
2344.732003681487,31109,350
2344.862758964532,28573,350
2344.886038136403,117521,350
2345.8389536034942,241122,350
2346.7918195145185,546874,350
2347.230946886286,21431,350
2347.6849146171476,113234,350
2348.1604312040436,22586,350
2349.6091493985696,45851,350
2349.6356464894816,30169,350
2349.650830234413,1480148,350
2349.7444826234914,142961,350
2350.010162581141,184026,350
2350.4330759539707,288767,350
2350.6494427462894,173549,350
2350.9784339750954,129471,350
2351.1543336540267,157201,350
2351.3433679932787,49203,350
2351.4785565190464,1546006,350
2351.7526175820817,175299,350
2351.7918050054454,148251,350
2351.8166021862903,46478,350
2352.0206385872502,30522,350
2352.1492696664827,20137,350
2352.279103362248,155609,350
2352.9607799392597,1521576,350
2354.585297802738,32242,350
2354.8679087645946,443165,350
2354.9189783581787,121039,350
2355.3697026929194,427772,350
2355.6106597573835,132844,350
2356.0286831703397,47102,350
2356.3244776126053,4823251,350
2356.3588774827954,143733,350
2356.670934951985,197941,350
2356.9751270311585,3364519,350
2358.0413373103675,181656,350
2358.745813942836,206823,350
2360.0252169303812,107487,350
2360.8645664458595,43146,350
2360.90054272824,30889,350
2360.919978338131,298003,350
2361.5347524800877,323992,350
2361.9825636584937,92198,350
2362.0110456095927,32075,350
2362.0530014400997,498014,350
2362.4250121621126,150914,350
2362.599979245198,121029,350
2363.000311468208,111061,350
2363.126439965845,148617,350
2363.2110885117127,573499,350
2364.1736201619856,53860,350
2364.2903074376986,19987,350
2364.995459677535,1545766,350
2365.109375132925,21017,350
2365.1103402945323,110690,350
2365.1142012117525,160489,350
2365.321536552243,112567,350
2365.675685943908,167856,350
2365.70650172558,142883,350
2365.846507664648,32738,350
2366.0108525771952,107487,350
2366.1724682709205,151085,350
2366.633058646156,56878,350
2366.7772449084127,1729658,350
2367.0364771631066,79212,350
2367.274168547616,346818,350
2367.417183088269,46478,350
2367.456580431608,546874,350
2367.5585030639127,264209,350
2367.5595742597825,46473,350
2367.730611453301,49203,350
2368.067215051021,323992,350
2368.349655113139,298003,350
2368.9663243330524,173767,350
2369.2086910711096,308717,350
2369.2941098368424,377008,350
2369.371525976431,241740,350
2369.755478023932,2154194,350
2369.790119554608,46537,350
2369.8212345699667,49756,350
2370.7600261252933,34327,350
2370.958277624989,30017,350
2371.1456003101443,4453551,350
2371.4438485336127,52080,350
2372.1265962875655,32242,350
2372.657740913523,94274,350
2372.854099123917,175299,350
2373.2442067329225,164212,350
2373.4431341501872,217079,350
2374.106833887176,213483,350
2374.4359610294628,197941,350
2374.7080872056817,346818,350
2374.9927510177163,21003,350
2375.032197598892,450571,350
2375.715115197906,74248,350
2376.6064361789354,142553,350
2376.6656547623797,140210,350
2376.6809630935923,342342,350
2376.840889379511,103881,350
2376.9837848353145,108256,350
2377.255529401718,40626,350
2377.317669178811,1131859,350
2377.43469591058,48812,350
2377.6407352703654,148948,350
2377.670821385038,19987,350
2377.730489723026,242114,350
2378.142876166279,137654,350
2378.1773196765007,48364,350
2379.08171764342,112424,350
2379.403838697268,357795,350
2379.9889161974393,103881,350
2380.0453248702493,20602,350
2380.165024843212,143290,350
2380.6567073975343,22355,350
2380.8330291390644,464480,350
2382.0207970803217,4270809,350
2382.411528596718,20578,350
2383.731010853336,459249,350
2383.812325114786,41583,350
2384.615071522272,247752,350
2384.6606431111254,80562,350
2385.188705685736,1247478,350
2385.4421675401,19621,350
2385.4500613044997,79212,350
2385.4545339336187,15936,350
2385.822426992933,695002,350
2385.892232214853,179901,350
2385.9522287084105,33622,350
2386.7942290468736,27972,350
2386.8391592611392,427772,350
2387.0000076105953,500128,350
2387.103574936474,70995,350
2387.5861284031116,30796,350
2388.191862529413,24291,350
2388.3606560269773,238835,350
2388.7595538819764,118330,350
2388.8207362484222,573499,350
2389.5229140206548,400918,350
2389.5388264071703,39977,350
2390.071963574787,174741,350
2390.2991369089805,30889,350
2390.5472555533706,151176,350
2391.0121510093663,546874,350
2391.0963983129805,2242798,350
2391.3929925696843,13256,350
2391.6088469494016,102411,350
2391.8852738918013,30316,350
2392.034158154138,143290,350
2392.0657266835988,34327,350
2392.7148901676774,18050,350
2392.967442706415,276283,350
2393.1034075520315,66743,350
2393.4740473839447,31286,350
2393.5404844421855,308717,350
2394.4015418367376,40436,350
2394.4323479875134,285739,350
2394.6757571174876,287670,350
2395.568290560603,112567,350
2396.468927201911,27753,350
2396.554575436654,30796,350
2396.5724891175223,46490,350
2396.7319263718973,116063,350
2396.7926044558453,629129,350
2396.9709381110024,32122,350
2397.038749732782,202606,350
2397.048759455886,199475,350
2397.1355366298,45233,350
2398.06818319276,112369,350
2398.1070614176847,49756,350
2398.2040370181426,116036,350
2398.3623970109534,111061,350
2398.7418446979214,1480148,350
2399.2857205090563,23168,350
2399.5356791434124,28890,350
2400.4196665296813,635271,350
2400.4877649752057,353012,350
2401.085936356946,213483,350
2401.266430372989,162715,350
2401.6612732782464,1545939,350
2401.6982766869787,116071,350
2401.9368153187684,71877,350
2402.249499473257,61166,350
2402.6954162047714,29063,350
2404.27587123866,21431,350
2405.055316123494,170037,350
2405.240683311838,30169,350
2405.360607717114,21431,350
2405.506417843039,22411,350
2406.5692630562444,28460,350
2406.6387632417054,142961,350
2407.84315317583,113218,350
2408.2409927600897,181656,350
2408.3745053007196,18050,350
2409.0126819902666,264209,350
2409.1248100978046,59256,350
2409.506154256884,21050,350
2409.673880938863,28460,350
2409.891926871332,224234,350
2410.3083147288603,99555,350
2410.6224946432517,30522,350
2410.6285892931837,163193,350
2410.7733900885223,116063,350
2410.9725062962766,255501,350
2411.0332856020323,5747480,350
2411.346880862069,202091,350
2411.5127991025056,26003,350
2411.8948373080657,105748,350
2411.8966151488644,167856,350
2412.759093553068,32075,350
2412.853367634251,150316,350
2413.0073163761786,34327,350
2413.171333154356,765830,350
2413.263171467464,173745,350
2413.427185470734,20427,350
2413.603477365138,1545718,350
2413.6042947401065,123868,350
2413.734706753145,59374,350
2413.746237075579,130651,350
2414.100847148793,23771,350
2414.4179294934897,28856,350
2414.6847000440903,179901,350
2414.891306009331,285739,350
2415.1232663934984,25735,350
2415.786325083361,46931,350
2415.8554384187014,167856,350
2416.11445141562,323978,350
2417.3180380056488,150256,350
2417.494353015704,1214326,350
2417.56697144936,323992,350
2417.697446339374,21431,350
2417.8456036438547,379225,350
2418.0056885809886,1545718,350
2418.05031462253,400918,350
2418.2632265556863,127041,350
2418.586180988998,120792,350
2418.6202189122423,219434,350
2418.680197877377,128517,350
2418.812673932826,16634,350
2419.121569125947,377008,350
2419.190309557089,142961,350
2419.3195398344596,21050,350
2419.798075522917,128070,350
2420.6161488815474,2173451,350
2420.721383702379,2067699,350
2420.787297938803,104785,350
2420.9062757916195,135830,350
2421.208730847076,167856,350
2421.2342387189647,155609,350
2421.243561288847,88343,350
2422.4169033197336,41952,350
2422.4335066951808,155587,350
2422.704976319366,46473,350
2423.2636830886627,24140,350
2423.4081199234515,1430037,350
2423.412525204799,113234,350
2423.7520970453384,16581,350
2423.790047117534,46478,350
2423.840231182304,99128,350
2424.054643791983,531817,350
2424.2715729218053,264209,350
2425.2007395437986,27327,350
2425.2194803044026,11840,350
2425.3678514022863,213483,350
2426.1829552758513,27319,350
2426.2149207165457,574826,350
2426.7016658037865,573499,350
2426.7422730528538,26003,350
2426.9244979595296,533994,350
2427.2411304327175,118330,350
2427.319692264075,2875027,350
2427.3886259891297,353012,350
2427.605347986527,77479,350
2427.7055293796307,90106,350
2428.2112182692836,77479,350
2428.54046095123,282826,350
2428.545293826798,3364519,350
2428.628299289121,298003,350
2428.756537938732,108256,350
2428.8234840545347,79322,350
2429.350449179356,59256,350
2430.2097029998426,5747480,350
2430.246074710756,11840,350
2430.364497290895,71138,350
2430.393703368032,1247478,350
2430.448794855412,1545634,350
2431.037931275876,40626,350
2431.1226732953023,27753,350
2431.461073470413,49756,350
2431.6032831570046,79212,350
2432.2740682451895,498014,350
2432.3100353179007,27048,350
2432.4110040330384,1545634,350
2432.5971627025215,1214326,350
2432.7011831174855,1562167,350
2432.9841199775046,116080,350
2433.0618985620563,12574,350
2433.486553259569,24739,350
2433.567869439136,1002204,350
2434.472025008483,118927,350
2434.8681767835433,26003,350
2435.181162402902,70995,350
2435.2847943643737,35368,350
2435.298725250525,241122,350
2435.448925492209,142307,350
2435.5375916693497,148251,350
2435.546813344565,150211,350
2435.8346489504306,121043,350
2436.3099469453023,4270809,350
2436.425966063017,287670,350
2436.4398905482108,201924,350
2436.4472740989786,573499,350
2437.655205685823,27333,350
2438.401501219507,264209,350
2438.449451465554,163775,350
2438.8101448583416,22411,350
2438.8995521877887,22752,350
2438.9041107758794,157573,350
2439.107761891817,56146,350
2439.2058905781187,113258,350
2439.2738103339025,652448,350
2439.4014146916556,241740,350
2439.463732361925,89353,350
2439.5282050801907,140114,350
2439.596261169893,22205,350
2439.6274978542397,65610,350
2439.637069783043,12115,350
2439.794063369872,20578,350
2440.103914354917,60529,350
2440.1121244321694,3364519,350
2440.427526712936,186618,350
2440.6094142030015,464480,350
2440.6102253587574,163193,350
2440.6448818516023,34502,350
2440.694449233849,21003,350
2440.756830448908,47102,350
2440.9786606604466,149956,350
2441.03756878147,14494,350
2441.160771388697,36901,350
2441.9120292388166,28890,350
2443.2275208558767,118330,350
2443.4396170047253,148251,350
2443.505694232954,148948,350
2443.577188897576,14074,350
2443.7224162177886,112567,350
2443.8620129884466,672356,350
2443.9406327289307,574826,350
2444.5875758096863,140114,350
2444.761197901428,227407,350
2444.941145176111,201924,350
2446.049737326984,47558,350
2446.3342610329782,323978,350
2446.8641714380765,66472,350
2447.037627334052,61089,350
2447.6949999587723,539476,350
2447.7731577625204,202091,350
2447.7759083389205,822685,350
2448.266152618139,21017,350
2448.3529231224634,132995,350
2448.621918734088,178082,350
2448.827078106804,167856,350
2448.869162909771,97501,350
2448.948086015482,165563,350
2449.9239517713145,34502,350
2450.834304562344,22760,350
2451.036802753518,102422,350
2451.1367554750664,33622,350
2451.4538959470074,147224,350
2452.005371863297,18714,350
2452.8755899036964,164605,350
2452.946120318,573499,350
2453.0299064706865,107487,350
2453.0543510091416,66471,350
2453.0610580230414,17592,350
2453.16206361471,434292,350
2453.1864507459572,79212,350
2453.5254318594634,178082,350
2453.649233565845,22586,350
2453.719541905558,92201,350
2453.9688056634523,46470,350
2454.2199918295587,488058,350
2454.310849611348,165563,350
2454.607117598338,165144,350
2455.452791677974,28573,350
2456.080892937385,17977,350
2456.1029832627487,195266,350
2456.2341677175455,186618,350
2456.6320002454736,1214326,350
2457.1691870982872,128070,350
2457.2579817029023,19987,350
2457.7717139711017,155254,350
2458.0125989815087,143733,350
2458.649924659574,24140,350
2458.89546664921,174897,350
2459.543935919391,264209,350
2459.591965726192,241740,350
2460.6689326018954,241122,350
2460.687471304678,40626,350
2461.1512314941647,27319,350
2461.1841165498276,12115,350
2461.8865359582956,113218,350
2461.9193948824072,212646,350
2462.1998993909524,195266,350
2462.398587667573,19788,350
2462.473659049589,36901,350
2463.0865529772213,39977,350
2463.277418806837,123868,350
2463.553963156779,213110,350
2463.651580303302,152652,350
2464.4691568339726,150211,350
2464.776221738134,55163,350
2464.9399304880753,127041,350
2465.2475100499696,201924,350
2465.637074064373,27990,350
2465.7062480230034,155188,350
2466.155322083393,18050,350
2466.223023235847,143164,350
2466.5271190715243,3442901,350
2466.592779791464,255501,350
2466.6541514630094,319223,350
2466.875070099316,21431,350
2466.9751624018886,206100,350
2466.9836361873004,102411,350
2467.462822706162,20892,350
2468.8488223903546,1562167,350
2469.219364851263,155602,350
2470.014954011861,574826,350
2470.4225282828065,202091,350
2471.853468156748,32274,350
2472.022908356487,11840,350
2472.250273983463,383104,350
2472.3891395583328,148251,350
2473.415924876274,891285,350
2473.6229029890837,28339,350
2474.293765621142,30522,350
2474.3285498405276,323942,350
2474.4212832721705,285739,350
2474.6820591384826,71150,350
2474.8112375557766,2253483,350
2474.9074114884274,1546006,350
2475.051436674192,52184,350
2475.120288354007,61250,350
2475.67696711644,166490,350
2475.7879178986077,61166,350
2476.0892793825415,95541,350
2476.1373264543654,4063051,350
2476.6543903599472,62570,350
2476.75346187233,946816,350
2476.899617689162,27307,350
2477.413668899803,167856,350
2477.4941297753094,88343,350
2478.0323956051006,49756,350
2478.127736913586,233736,350
2478.255139166269,822685,350
2478.919969864551,135456,350
2478.9603171824674,139400,350
2479.0971493139527,102411,350
2479.2237311649974,18685,350
2479.5269603708884,635271,350
2479.7616713993275,27333,350
2479.998915040439,28460,350
2480.2786365849,27048,350
2480.6328859476134,46537,350
2481.683523600004,319223,350
2482.142008680881,24140,350
2482.2512376972004,20602,350
2482.3174191830512,498014,350
2482.495832826064,55163,350
2482.793783397522,459989,350
2483.1594668977564,285739,350
2483.357205402821,23771,350
2483.570164378045,459249,350
2483.717021046172,110659,350
2483.8500140677356,30169,350
2484.1575570137434,86355,350
2484.3093406592347,71877,350
2484.5188823756057,127041,350
2485.0976933364755,70995,350
2486.030738120176,155609,350
2486.0361525910207,17592,350
2486.2755554068995,13429,350
2486.372507751793,155587,350
2486.718476461856,66504,350
2486.738074203549,21214,350
2486.983014592505,27319,350
2487.0430815700756,141846,350
2487.279217811199,12115,350
2487.29688692061,21050,350
2487.458655190131,113221,350
2487.472525266127,531817,350
2487.6685630006778,195266,350
2488.3991297832986,30889,350
2488.471501384847,151176,350
2488.555999809479,34502,350
2488.8914218688724,121040,350
2489.58254900456,18159,350
2489.9215083934814,120792,350
2490.368199079698,43146,350
2490.3842131968327,276196,350
2490.5206792445706,13429,350
2490.6143131767217,72968,350
2490.623338677039,148617,350
2491.051220678731,155254,350
2491.4503400049307,92201,350
2491.468188919964,186618,350
2492.2731742468777,94846,350
2492.3789687094227,34024,350
2492.7108807212353,113234,350
2492.957102538571,188910,350
2493.3134662041602,14074,350
2493.3392817590056,143673,350
2493.5956816955795,243929,350
2493.7150298585234,143290,350
2493.736994930954,157201,350
2493.7831421389606,377008,350
2493.9856851528702,195266,350
2494.1528905945024,150914,350
2494.3371185460637,121029,350
2494.4409368182073,121039,350
2494.7295147427917,351856,350
2494.751146591209,95541,350
2494.837513387751,135456,350
2495.1343175347997,155254,350
2495.9346607073753,21431,350
2496.098647946073,151176,350
2496.2525076648326,351856,350
2496.311594913147,30169,350
2496.8447149828694,13084,350
2497.038065991777,108256,350
2497.320042932656,30522,350
2497.385447410915,102411,350
2497.5756011799813,219434,350
2497.660659406811,141846,350
2498.2034470033777,51013,350
2498.3670042675194,221685,350
2498.6717334823966,155587,350
2499.0641898407616,2173451,350
2499.0650153920988,202091,350
2499.203078202406,255501,350
2499.3637163594285,93928,350
2499.6619825738244,174741,350
2499.740467197105,71141,350
2499.877356181416,1729658,350
2500.082882319812,112518,350
2500.337366669425,21431,350
2500.9645521318407,1435200,350
2501.120043340938,194356,350
2501.1577546988187,224234,350
2501.677815947155,92198,350
2501.7626736773104,47554,350
2502.320287191946,112567,350
2502.406148621013,13429,350
2502.4125887379755,427772,350
2502.6194544195077,173767,350
2503.442508415739,1002204,350
2503.5893134564367,41547,350
2503.649513853366,4270809,350
2503.704486178627,165144,350
2504.2158239448563,88158,350
2504.5256062685535,471679,350
2504.6845538158873,28873,350
2504.702972115094,13084,350
2504.95525606379,21017,350
2505.4600333298977,196032,350
2505.4836808980185,635169,350
2505.5744810534816,891285,350
2505.8281412435617,49756,350
2506.4238568106025,213110,350
2507.774444526599,293350,350
2508.3152895416592,48364,350
2508.596011879675,19621,350
2508.711504835552,21214,350
2508.7963297625643,899024,350
2508.797389607417,86355,350
2508.9604429246483,323935,350
2509.322819019763,51522,350
2509.478212639619,113229,350
2509.9137577971314,174741,350
2510.6359479912285,40119,350
2510.7447365550897,32242,350
2510.9548484859715,137219,350
2511.1119581481844,59374,350
2511.227446368675,167856,350
2511.828706771677,14372,350
2511.9712670107688,274862,350
2512.0659352504076,14074,350
2513.0640088502128,202091,350
2513.5349862751973,147224,350
2513.5477265354066,417340,350
2513.598873914616,1545766,350
2513.6207152397146,113235,350
2513.624713811283,142307,350
2516.259702681367,112541,350
2516.7169190965255,4063156,350
2516.9537958366595,103881,350
2517.4838250604444,274862,350
2517.6400567748046,110690,350
2519.1337751184174,121043,350
2519.2873641759,2154194,350
2519.465693226242,213438,350
2519.7513266564056,40626,350
2520.418885236979,55163,350
2520.4460517870248,140625,350
2520.656671622777,276196,350
2521.016044181263,450571,350
2521.027335972786,102422,350
2521.1487423303447,19788,350
2521.433183962172,28714,350
2521.9035091037467,89004,350
2522.6723085573954,130160,350
2522.80373127216,323924,350
2523.27065299738,946816,350
2524.6257334480615,30169,350
2525.121730872776,77479,350
2525.5013275390415,155587,350
2525.529306966175,22752,350
2525.942246332679,22355,350
2525.945361393772,383104,350
2525.9467571979103,194356,350
2526.3631700000706,1480148,350
2526.373880198695,142307,350
2526.467866000454,132995,350
2527.031816133848,71141,350
2527.0453825647205,52080,350
2527.0860112090686,24037,350
2527.3181088414863,65610,350
2528.5113263003896,137654,350
2528.8439356060544,26259,350
2529.7103858804403,88158,350
2530.551458659992,92198,350
2532.0244041246983,1430037,350
2532.607023118876,28460,350
2532.959001853243,112596,350
2533.004602736735,52184,350
2533.368923987169,21229,350
2533.609232929669,142883,350
2533.8706205994454,46242,350
2534.1185258880164,155602,350
2534.612362881463,92227,350
2535.2265928196794,206590,350
2535.231058414446,206100,350
2535.3679601846525,30889,350
2535.6497378864688,150256,350
2536.1352409901588,142277,350
2536.4115298241713,52184,350
2537.4226196762475,1002204,350
2537.809889168016,323980,350
2537.8896824356457,695002,350
2538.352360727308,1047235,350
2538.6578328813484,20386,350
2538.823240091141,46478,350
2538.8657538845646,77479,350
2538.89324279999,151085,350
2538.949074954016,121039,350
2539.101390304824,13256,350
2539.4420866732617,102422,350
2539.9979350004887,46242,350
2540.049346709563,81184,350
2540.069102871598,112369,350
2540.16251843505,1435200,350
2540.5970619807786,88158,350
2540.640228298844,383104,350
2541.0494509065197,70889,350
2541.452187748991,450571,350
2541.9337556250293,71150,350
2542.0461253725625,47558,350
2542.1987650610013,19788,350
2542.4797226656337,283699,350
2544.3754538483663,113234,350
2544.500486309105,34513,350
2544.777658327569,45233,350
2545.585806010241,3442901,350
2545.790296840979,61434,350
2545.977958310099,279386,350
2546.098247765179,323978,350
2546.36654720339,13084,350
2546.44386294155,539276,350
2546.629160550919,30796,350
2546.763617670217,308717,350
2547.2133051191604,766247,350
2547.42439487811,21268,350
2547.5173027980736,2875027,350
2547.7922640710294,181744,350
2547.9771149970215,27333,350
2548.0909038874343,113258,350
2548.1226614875704,76626,350
2548.4265752923134,546874,350
2549.072980433416,141846,350
2549.1221733743214,196623,350
2549.2533483459397,132995,350
2549.5248607351787,39977,350
2549.5689318166674,49203,350
2549.5984005895943,140210,350
2549.6084707657733,174815,350
2549.612856825694,35478,350
2549.633226261906,802866,350
2549.7269629122457,28890,350
2550.117839484239,546874,350
2550.515095188595,121029,350
2550.709874857585,279862,350
2551.1796983209633,22760,350
2551.386038870467,56146,350
2551.408602316964,19621,350
2551.5585091553457,65594,350
2551.773615773544,21050,350
2551.943120482511,197941,350
2552.223649721108,13084,350
2552.313492607635,1546006,350
2552.685550038512,135830,350
2553.0394841869524,899024,350
2553.1030678061534,124431,350
2553.711177196264,241740,350
2553.8514235401885,361723,350
2554.3599021771356,2067699,350
2554.5731139446325,346818,350
2554.5955947347334,67532,350
2554.6446901439413,155609,350
2555.4780141161255,23168,350
2555.655783726364,293350,350
2556.0502489770024,241740,350
2556.2687281339086,194356,350
2556.3824837355737,113221,350
2557.056999501825,67839,350
2557.190422986316,1563064,350
2557.4935005498237,285739,350
2557.538346187304,162715,350
2557.614628109193,4063156,350
2558.612194224091,18050,350
2559.144780281214,21431,350
2560.127185530375,46537,350
2560.9379407884458,130160,350
2561.3168896203856,112424,350
2561.784584463739,72425,350
2562.470141360702,21431,350
2562.583245880823,213110,350
2562.6534851286647,427772,350
2562.6723008288395,174735,350
2562.9369533697254,4063051,350
2563.0014313747424,20892,350
2563.2111686464887,240169,350
2563.3535919635783,113258,350
2563.666622421217,1214326,350
2563.689829287589,89004,350
2564.011391033821,1047235,350
2564.0266848553897,899024,350
2564.1405056318395,71877,350
2564.4956812538426,21431,350
2564.561055907602,41952,350
2565.1161565622674,27990,350
2565.9786172732797,20427,350
2566.079950296941,21017,350
2566.402120072255,147224,350
2566.4217665000415,231235,350
2567.12975988218,323988,350
2567.2031188300894,113235,350
2568.063441892615,496383,350
2568.263806060004,899024,350
2568.325736143575,164605,350
2568.404728515123,12115,350
2569.1973617307726,40626,350
2569.3963081084603,74248,350
2569.9260776875385,323935,350
2570.20150864392,104033,350
2570.644047182731,62334,350
2570.7199463465986,116036,350
2570.9248599370526,104524,350
2571.1691218013875,41999,350
2571.3475855145207,22205,350
2571.5354996356614,18685,350
2572.2988002073207,16581,350
2572.974658460823,104785,350
2573.24411465599,150211,350
2573.2715597506535,242114,350
2573.3383090800794,174897,350
2573.6149079695547,31285,350
2573.6465766829233,573499,350
2573.7211545814125,70995,350
2573.904023109188,202091,350
2574.087754325293,241740,350
2574.2747973340347,113234,350
2574.290990298021,178082,350
2574.341279492641,22586,350
2574.90191236508,86355,350
2575.051206396396,140114,350
2576.1505562827715,157573,350
2576.1917849149595,40119,350
2576.540624559266,140114,350
2576.6659156704413,500128,350
2576.7981163750064,241122,350
2577.4806095175745,17575,350
2578.8425056866517,142277,350
2579.5107396181443,361723,350
2580.394633573629,110690,350
2580.745842660651,34024,350
2581.447723530979,27333,350
2581.4743401690953,18050,350
2581.698925939657,20657,350
2581.9080706126642,61434,350
2581.9954708256273,32075,350
2582.0922868374046,165563,350
2582.324283520626,488058,350
2582.336770703187,417340,350
2582.618722350881,23659,350
2582.6421346154684,48812,350
2582.713954856959,92223,350
2582.948252538456,573499,350
2583.0275014318245,155602,350
2584.295638390439,112518,350
2584.533856462116,471679,350
2584.8102479053277,249249,350
2584.8174827412186,51013,350
2585.624786519186,24037,350
2585.8133995849294,279862,350
2585.88336389534,40112,350
2585.992587922548,206590,350
2586.5212841383795,18050,350
2587.492575079492,13429,350
2587.7173582853993,18485,350
2587.789246249555,160489,350
2587.834833919078,32400,350
2587.8370733096617,14494,350
2587.990101110511,323980,350
2588.855282815345,66471,350
2589.227132262035,102422,350
2589.3026999347403,46537,350
2589.5727842122183,21431,350
2589.731430245225,547387,350
2589.931242690851,149956,350
2590.249057036208,46537,350
2590.3042450091807,12574,350
2590.731605357841,31876,350
2591.7799110246715,18685,350
2591.7872411342105,17592,350
2592.1371087275616,21431,350
2592.432684428157,110659,350
2592.460723754933,25735,350
2592.714130729527,27293,350
2592.827362041348,31109,350
2593.346808120681,1545766,350
2593.791940832454,144764,350
2594.9008064579784,23771,350
2595.1481978731495,574826,350
2595.1634190803125,224234,350
2595.1776469886127,279862,350
2595.205303931894,79212,350
2595.3429611059187,18714,350
2595.9114514866137,195266,350
2596.066707186133,488058,350
2596.0844086273405,323992,350
2596.670630373759,533994,350
2597.3005644393693,323924,350
2597.3258982916796,4063051,350
2597.5584979121313,33622,350
2597.69165715203,20602,350
2597.9779889699394,149956,350
2598.7837334992564,21017,350
2598.876853436022,28929,350
2599.6000638917103,279862,350
2599.854344215762,162715,350
2600.122219050869,93169,350
2600.370494576374,12115,350
2600.6456411239683,323956,350
2600.735051126288,206590,350
2600.87784445104,14494,350
2601.476546388775,635169,350
2601.5819408623975,173767,350
2602.4523846377265,427772,350
2602.5850998759142,35160,350
2602.8260673160835,292752,350
2603.232899783942,197941,350
2604.0846111990227,20657,350
2604.1121457269196,25507,350
2604.6786489247506,40119,350
2604.991275925858,72968,350
2605.1746332059333,206823,350
2605.372764937812,33893,350
2605.4110955996157,88158,350
2605.484243106608,221685,350
2605.5502035810955,23771,350
2605.657557995359,86355,350
2605.9923659271917,54519,350
2606.345004323516,86649,350
2606.7896969396074,21214,350
2607.3466120615412,202606,350
2607.5181286206885,31285,350
2608.5142577654974,47558,350
2608.51617920716,23659,350
2608.8880847432165,152652,350
2609.1816970217233,33893,350
2609.216800287321,207682,350
2609.8702974369708,274862,350
2610.4122500044787,323924,350
2611.223869250383,51013,350
2611.278175009537,163775,350
2611.3422618834693,93169,350
2611.5236594725666,74248,350
2611.5606448552285,243929,350
2611.737084126652,112369,350
2612.097704127912,110690,350
2612.2018568450267,48364,350
2612.5606787854517,345995,350
2612.6496198438695,59256,350
2612.7568557431487,28573,350
2613.6760219478524,116080,350
2613.67771133572,140114,350
2614.095322240122,126119,350
2614.317781503303,40626,350
2614.5148054260003,242114,350
2614.5985986226615,22752,350
2614.891115798337,150256,350
2615.012900846774,238835,350
2615.1206273454754,167856,350
2615.229263185599,157573,350
2615.323217820455,46490,350
2615.3378913721167,174741,350
2616.5378088742814,128517,350
2616.6461991033148,48364,350
2616.8697377992876,283699,350
2617.143120245653,46580,350
2617.1704031421637,42493,350
2618.129668671531,173549,350
2618.270525599979,254710,350
2618.3280721003507,99555,350
2618.3894749257747,99128,350
2618.5325412484935,1545966,350
2618.7191484152618,130160,350
2618.8464765587905,105748,350
2618.8810608193003,79212,350
2618.8942817865222,450571,350
2619.3176255517956,95541,350
2619.807097636346,66472,350
2619.8469374374813,18050,350
2620.139185990152,206590,350
2620.5340134382564,166490,350
2621.128576008377,116071,350
2621.7784250861273,1545718,350
2621.9670493808344,2253483,350
2622.1374541883124,142318,350
2622.5448779533026,137654,350
2622.7997919804598,21431,350
2622.8653693816786,2067699,350
2622.868111969272,104524,350
2623.5511541699966,32738,350
2623.661852438793,65610,350
2623.75859375877,450571,350
2624.471979517729,162715,350
2624.661043394753,113235,350
2624.707610834968,43146,350
2625.206906011083,471679,350
2625.232814007064,158311,350
2626.336848022871,30169,350
2626.565918656385,95541,350
2626.988704592368,43146,350
2627.329982719746,264209,350
2627.536748346447,139400,350
2627.717435127548,150316,350
2627.967272896833,175299,350
2628.0569929581657,1546006,350
2628.379869142048,184026,350
2628.438391088884,346818,350
2628.5058246072754,112424,350
2628.820584896016,202083,350
2629.4129571981066,118330,350
2629.9342165411585,45233,350
2629.9768473459176,1214326,350
2630.0945626996186,132995,350
2631.0724697568025,22357,350
2631.482736448666,28460,350
2632.087791902847,112202,350
2632.324954969578,173549,350
2633.0628666928123,72425,350
2633.1136511719774,132844,350
2633.2524135319622,249249,350
2633.7997864321014,121043,350
2633.9196812824434,42799,350
2634.114683684408,233736,350
2634.2381903450146,139122,350
2634.3292272733397,89004,350
2634.887196211669,105748,350
2635.0564627697845,92223,350
2635.3163749718638,13429,350
2635.6489678230764,197941,350
2635.7505146960575,108256,350
2635.8563706796876,4453551,350
2636.379758722142,231235,350
2636.704787925112,1563064,350
2636.951055612566,276196,350
2636.963928478017,2253483,350
2637.2439581961294,32075,350
2637.340027058058,4453551,350
2637.954547762099,22752,350
2638.022846017015,155188,350
2638.5568831043797,1729658,350
2639.0077275948433,27293,350
2639.553929952902,174735,350
2640.3573539883478,617656,350
2640.5715266040734,99128,350
2641.0873504509177,20137,350
2641.711785231189,41952,350
2642.2036273545677,61089,350
2642.316840929717,174897,350
2642.461033098545,42493,350
2643.2404517512573,573499,350
2643.5270837657654,55541,350
2644.1420443157535,206823,350
2644.2056802728684,43146,350
2644.3995823861983,16581,350
2644.689198917916,95541,350
2645.1979701767727,31285,350
2645.403761759075,213438,350
2645.6494707994075,27990,350
2645.918217241097,173767,350
2646.098002121821,20427,350
2646.359416486882,255501,350
2646.4829913899875,155579,350
2646.78074030245,31109,350
2647.141411138073,53926,350
2647.4942955749743,126119,350
2647.516570460427,164212,350
2647.5233943658877,102422,350
2647.929900794439,33893,350
2648.1226620850034,243929,350
2648.228466605592,143781,350
2649.3392226083033,48812,350
2649.3918488100853,206590,350
2649.5743156768763,113229,350
2649.658477715497,118330,350
2650.1331130527665,94274,350
2650.7658705540375,26594,350
2650.892987900236,20386,350
2651.041867851485,276283,350
2651.1082257454264,175299,350
2651.333593098496,21003,350
2651.559950893572,113235,350
2651.6842507366227,79322,350
2652.170265927087,41547,350
2652.452351785785,162715,350
2652.748249311969,43146,350
2652.8468347608214,323956,350
2653.4854005407265,13302,350
2654.534189575183,233736,350
2654.7561217635503,199475,350
2655.0698870026354,173745,350
2655.1353956333433,4270809,350
2655.605573962959,120792,350
2655.866223387668,137654,350
2656.0101446832427,32075,350
2656.280926196839,46537,350
2656.55600061873,127041,350
2656.5799201839504,1047235,350
2657.354252334992,241122,350
2657.5934405403073,112541,350
2657.79988028819,323980,350
2657.8775860864876,117521,350
2658.119954808263,41583,350
2658.1772744958334,157573,350
2658.337525036838,163775,350
2658.6278238708787,30522,350
2659.2185263116644,26594,350
2659.22526335125,112424,350
2659.338620380876,67839,350
2659.3990563006664,1545966,350
2660.29047835256,4063051,350
2660.3794892652263,196032,350
2660.4966045547408,113229,350
2660.735214345948,41547,350
2660.7909469376655,24291,350
2660.9754480801316,104524,350
2662.2527649393783,104785,350
2662.2952471877456,249249,350
2662.307277807691,113234,350
2662.332893270028,134643,350
2662.593741679125,242114,350
2663.221892784351,217079,350
2663.4006104733526,116036,350
2663.6304408719825,574826,350
2663.7487718388115,102411,350
2663.924731237422,382492,350
2664.520492832919,1563064,350
2664.7782068301954,89353,350
2665.65331152709,65594,350
2666.0735712347687,629129,350
2666.475935665595,891285,350
2666.861400324918,4823251,350
2667.260688466719,24291,350
2667.77938996084,28339,350
2667.8764210763475,22355,350
2668.007378530924,32242,350
2668.4259777445504,31109,350
2669.1558508429694,110659,350
2669.312318753046,243929,350
2669.412920840288,173767,350
2669.448466343324,196623,350
2669.473151174737,165563,350
2669.7296640443997,323935,350
2669.8100807667142,16634,350
2670.511630025464,1480148,350
2670.5588779764,35478,350
2670.737123061442,59374,350
2671.1313734754217,102422,350
2671.2505900405704,150914,350
2671.3978204435293,539277,350
2672.5638387290687,32274,350
2672.5992849175364,157573,350
2672.8561558734,70995,350
2672.9807831343005,144180,350
2673.035557009218,94846,350
2673.8478730556512,66504,350
2674.141014063937,24739,350
2674.2207367942938,116071,350
2674.4200683494323,323956,350
2674.8361293742228,635271,350
2674.990585402431,139400,350
2675.1398474599982,379225,350
2675.3669108925205,1545939,350
2675.4585283374918,48364,350
2675.464204102093,3442901,350
2676.1758824547605,167856,350
2676.1912040326965,165144,350
2676.4605845425044,128341,350
2676.495581720735,16634,350
2676.529890336687,72425,350
2676.7320582764914,150914,350
2676.8020428083946,345995,350
2677.3413031756318,53187,350
2677.4194001486217,213110,350
2678.030349152749,147224,350
2678.560353686657,547387,350
2679.4302063444065,766247,350
2679.706417901783,67839,350
2680.4126547206665,36632,350
2680.473336614423,29063,350
2681.0028824339447,142961,350
2681.0990838127555,116063,350
2681.693962891428,157573,350
2682.048157492809,112596,350
2682.2838541480946,46931,350
2682.584255912306,129471,350
2682.8670594129053,4063156,350
2682.9464940664275,143781,350
2683.232640959643,459249,350
2684.1093860224832,15936,350
2684.373189812004,46537,350
2684.4130717680546,21431,350
2684.9676118924253,150211,350
2685.0537226840656,1247478,350
2685.427818340402,210699,350
2685.4483361113284,32274,350
2685.560278171238,488058,350
2685.567376458267,99128,350
2685.8102488864015,58480,350
2686.0150827199986,946816,350
2686.2310672033627,224234,350
2686.7096719382175,2067699,350
2686.8485198397852,223520,350
2686.9429079688,94846,350
2686.9563832059757,45851,350
2687.1865549356435,155579,350
2687.6231698354486,116063,350
2688.3114052602746,22760,350
2688.3414399035432,32274,350
2688.380816295525,32075,350
2688.4629846199123,117521,350
2689.105772852448,92201,350
2689.2447087292103,206590,350
2689.5403992667066,47558,350
2689.620726090321,27990,350
2689.9376824542805,92223,350
2689.940598443219,113221,350
2690.1667553449515,124431,350
2690.2044930320226,23659,350
2691.0241640898985,155587,350
2691.098130503691,92201,350
2691.128110482691,121029,350
2691.683186384289,1047235,350
2691.7141649826044,121040,350
2691.828659707541,103881,350
2692.6500075334566,66472,350
2692.829839302854,173549,350
2693.3020431789896,46580,350
2693.3299082184626,496383,350
2693.4296558637143,54519,350
2693.958192804719,32242,350
2694.0059735374225,102411,350
2694.060017009444,24739,350
2694.1082698869527,283988,350
2695.6302853381753,34024,350
2695.916006658769,40119,350
2695.9880274999487,695002,350
2696.371385566347,32400,350
2696.511441822465,11840,350
2696.537249126748,179901,350
2697.121645396137,13084,350
2697.5635495819606,1545766,350
2697.982162242498,93169,350
2698.047160400118,30889,350
2698.4205513778466,1545634,350
2698.557293332175,76626,350
2698.7940818712236,61250,350
2699.552610735359,533994,350
2700.1613731136677,17575,350
2700.385394529999,21431,350
2700.5537655393346,98145,350
2700.87668206619,323978,350
2701.362387912691,65594,350
2701.7333828804453,166964,350
2701.8768796911363,40112,350
2701.901364971883,42493,350
2702.0885847521204,26594,350
2702.094902195515,274862,350
2702.138365669835,20578,350
2702.5304518805406,142307,350
2702.7510692005535,53187,350
2702.9723762856997,323978,350
2703.183932542058,47554,350
2703.431316417198,92201,350
2703.769702760953,262109,350
2704.271562535155,149956,350
2704.812685563779,946816,350
2704.942480867197,71138,350
2705.0284531013685,127041,350
2705.7070947572283,1545939,350
2705.776405137177,459249,350
2706.92252786546,28573,350
2707.642012798864,1545966,350
2707.7816374956274,110690,350
2708.229656477556,276283,350
2709.00418678203,24291,350
2709.020111143205,142318,350
2709.3007393077305,83658,350
2709.781572416935,24037,350
2710.2761929934336,71141,350
2710.3029376367786,186618,350
2710.595545957836,345995,350
2710.631732180037,124431,350
2711.014385164525,113234,350
2711.0441647606403,129471,350
2711.227481411594,55163,350
2711.404301840577,28460,350
2711.5077863809192,70995,350
2711.6254501669646,135456,350
2711.675060720745,488058,350
2711.7899286296265,71138,350
2712.3495598230684,194356,350
2713.7352463893108,97294,350
2713.8038679207384,471679,350
2715.5264624365145,91088,350
2716.601854311734,276283,350
2716.966523788255,77479,350
2717.3626190122254,1435200,350
2717.3748417312845,92198,350
2717.608542527658,143673,350
2717.7958332681264,18714,350
2717.905758450395,635271,350
2718.694384237608,1546006,350
2718.987802630788,30522,350
2720.3339295614587,279386,350
2720.368290941797,2461162,350
2720.6825402899412,22355,350
2720.8084701116686,285739,350
2721.365360832353,65594,350
2721.439764278504,66743,350
2722.076405400313,46242,350
2722.765588147919,41952,350
2723.258301423497,79322,350
2723.7553774584085,34317,350
2723.865311510794,71877,350
2724.0656833341823,92198,350
2724.1706028610174,323924,350
2724.4179053145212,121043,350
2724.5985255163723,90454,350
2724.7695081559204,97501,350
2724.8061195185232,891285,350
2725.7798557937954,141846,350
2725.806103596852,27327,350
2725.8266731672948,148948,350
2725.828728788339,617656,350
2726.1330941167107,170037,350
2727.270550535754,130160,350
2727.3056294522853,238835,350
2727.3343876535214,22205,350
2727.5479008698894,155254,350
2727.7926049926987,247752,350
2728.8614451603253,20602,350
2728.8800330710583,293350,350
2729.3045443288547,174741,350
2729.4479148833097,142307,350
2729.601225454497,2242798,350
2730.181455156383,247868,350
2730.2830732907405,148617,350
2730.589863396796,377008,350
2730.6018839799676,231235,350
2730.6212542391545,197941,350
2731.1199109480253,212646,350
2731.176531662901,43146,350
2731.556097739364,173549,350
2731.6542551928155,52080,350
2732.4469166906747,496383,350
2732.820360070334,219434,350
2733.0857748381027,157201,350
2733.48628910391,112518,350
2734.6952049171587,217079,350
2734.828495027044,268311,350
2735.411559542992,35287,350
2735.687537210134,88343,350
2735.688234133783,4823251,350
2736.050536683884,46478,350
2736.1854722903677,629129,350
2736.208478676575,143290,350
2736.2557558211174,39977,350
2736.260693572394,18050,350
2736.9878581302614,155254,350
2737.082208321854,292752,350
2737.7556221192344,323924,350
2738.145057393628,279386,350
2738.1792156795586,39977,350
2738.2924868217387,46470,350
2738.475477394618,323992,350
2738.6433167713258,342342,350
2738.828685436973,143290,350
2739.115103620094,187384,350
2739.9611161763232,150256,350
2740.0683111705175,72968,350
2740.1588360067735,132995,350
2740.164304430672,417340,350
2740.3698612737153,308717,350
2740.670980768123,351856,350
2740.774644068072,150256,350
2740.8182595987223,33622,350
2741.0273383465164,20386,350
2741.132229431282,23168,350
2741.3773891373903,382492,350
2742.2704998404706,382492,350
2742.9633005882824,166490,350
2743.3500528723307,18685,350
2743.7355259462765,97501,350
2744.4678929167244,283699,350
2744.5562990477943,166584,350
2744.930235885515,30889,350
2745.419650164866,629129,350
2745.6655439032907,41547,350
2745.6720718920847,21003,350
2745.819812018356,71138,350
2746.5062050892307,163193,350
2747.0629356726586,102411,350
2747.408440610637,20578,350
2747.4375870014887,28856,350
2747.6631987961478,61089,350
2747.8818856785756,99128,350
2747.8953938117584,323988,350
2748.016532765726,88158,350
2748.2651782838752,174741,350
2748.5677225718755,51522,350
2748.9777898028956,35368,350
2749.052373303706,155602,350
2749.3678909866044,32242,350
2749.503578485886,81184,350
2749.5310881873497,31109,350
2749.724606549336,104524,350
2750.055739036804,221685,350
2750.1993668931477,197941,350
2750.566083863256,112202,350
2750.8573537723573,173745,350
2750.9514267896816,1247478,350
2750.971288623142,241122,350
2751.266056722432,238835,350
2751.537059801255,28714,350
2751.597827903918,52080,350
2751.638623505404,21061,350
2751.741476807108,1435200,350
2752.024083608465,139122,350
2752.0858787945544,21214,350
2752.511651656622,34502,350
2752.964646580715,221685,350
2753.0380800616194,56878,350
2753.070171729189,21061,350
2753.1217085792723,166490,350
2754.1914857330808,357795,350
2754.253914973518,25507,350
2754.3039556091508,34024,350
2754.3389665299806,13429,350
2754.356389879445,22205,350
2754.3805942048157,287670,350
2755.394229173169,67532,350
2755.3984337767542,30169,350
2755.600359616023,168539,350
2755.6344454995055,66471,350
2755.881541164244,66743,350
2755.926330900427,93169,350
2756.4970195329606,66504,350
2757.244405532793,113229,350
2757.648725883232,142307,350
2757.9220514209246,66472,350
2758.2759035653057,30316,350
2758.499154653612,22760,350
2758.627402710277,28856,350
2758.657710669613,4063051,350
2759.0405760476974,346818,350
2759.3501930637917,1545966,350
2759.427409464437,41547,350
2759.633022910003,345995,350
2759.6371620833115,44227,350
2759.8230994199803,71877,350
2759.9487872743953,46931,350
2759.96464601658,142961,350
2759.9667091314254,181656,350
2760.0682552418107,134643,350
2760.6506304635805,496383,350
2761.501812549924,173767,350
2762.6835255296046,62334,350
2763.065132528758,151102,350
2763.4144247137665,30889,350
2763.4833299762145,164605,350
2763.49922481719,139122,350
2764.060049055799,90454,350
2765.3292554559375,24739,350
2765.496749330164,323924,350
2765.647154963758,77479,350
2765.7805886462506,323992,350
2765.846829108264,30169,350
2766.0831579505953,71150,350
2766.715303493422,118330,350
2766.836090282299,652448,350
2766.8427436374077,92201,350
2767.228494964663,210699,350
2767.6132995313733,40119,350
2768.319679652794,71877,350
2769.2712136387977,4063156,350
2769.819706796331,1521576,350
2769.94956248021,199475,350
2770.047944781508,323942,350
2770.1388589465623,31286,350
2770.1922476869454,35287,350
2770.3502495119205,56146,350
2770.880255865366,287670,350
2771.102141299422,206590,350
2771.155951305619,62570,350
2771.1602160214015,81184,350
2771.2304048176406,2067699,350
2771.6192260301054,166584,350
2771.794955223546,41952,350
2771.8738958451386,617656,350
2771.9077692050178,13084,350
2771.9230565874113,179901,350
2772.6001877858566,148948,350
2772.6825109306014,173549,350
2772.721195398149,202606,350
2773.1437305032973,155602,350
2773.2978018671993,143673,350
2773.8412815319675,151085,350
2773.88348987467,70995,350
2774.506930792703,323988,350
2774.534592297443,113218,350
2774.575018144554,99128,350
2774.5753626599276,27327,350
2774.9009271853174,147224,350
2774.9642457067384,94274,350
2776.125081272014,695002,350
2776.1560505197617,36774,350
2776.395683342509,16634,350
2777.084926170967,308717,350
2777.135465418505,123868,350
2777.231958043026,148251,350
2777.6953916307125,30522,350
2778.4387345971877,71150,350
2778.635758751457,42493,350
2778.788944137954,25735,350
2779.1306132276886,197941,350
2779.3536985171836,342342,350
2779.4139504215586,123868,350
2779.988890624413,89353,350
2780.0082145086344,140210,350
2780.0740164680187,165563,350
2780.39275894937,35160,350
2780.5900441715435,140210,350
2780.79647865815,28460,350
2780.837176857395,60529,350
2781.4354682863486,1563064,350
2781.519378068739,255501,350
2781.858621373309,34327,350
2781.864473487449,70995,350
2782.0667564159685,35160,350
2782.3012089907015,21268,350
2783.2296351215778,116063,350
2783.7832264692674,695002,350
2785.030541825172,379225,350
2785.118084364461,105748,350
2785.6422972306564,35368,350
2785.7633632137513,118927,350
2785.8127994456954,140625,350
2786.358747310622,186618,350
2786.6701763841247,32242,350
2787.2990885967383,27307,350
2787.3970840370553,34605,350
2787.631193608435,450571,350
2787.883461693214,4063156,350
2787.984577457062,147224,350
2788.584953704467,80562,350
2788.6449184168987,51013,350
2789.126903870287,112541,350
2790.1046172728998,104033,350
2790.1815680924287,92227,350
2790.2945260660163,301853,350
2790.5128898376997,22752,350
2791.790302800542,30522,350
2791.818692653837,1545634,350
2791.900765963811,77348,350
2792.135743358182,40119,350
2792.1632474930375,135830,350
2792.6898109610547,41999,350
2792.749413294868,323956,350
2792.763627592988,21050,350
2792.8640924674487,417340,350
2793.4809999434033,21003,350
2793.5377821232805,736462,350
2793.561418810792,274862,350
2793.6948600041965,48812,350
2794.267049850511,147224,350
2794.3451316870296,27972,350
2794.796797444308,97294,350
2795.2370176174613,546874,350
2795.3415121206144,30889,350
2795.5392971937777,79322,350
2795.6362987414986,46470,350
2795.720270193407,3442901,350
2795.9839533686704,142961,350
2796.9783249834045,323956,350
2797.1188641080216,13256,350
2798.289045453203,46537,350
2798.4580786274455,155609,350
2798.7526032156065,539277,350
2798.9000570897665,1214326,350
2798.954102221481,4063156,350
2798.967037201353,377008,350
2799.701895702521,459249,350
2799.811661425754,178082,350
2800.6915016574862,264209,350
2800.860369504278,99128,350
2800.8618085617504,41952,350
2801.0919550382073,40626,350
2801.737094658565,32400,350
2802.037471885958,496383,350
2802.577932907924,22586,350
2802.794553121124,46473,350
2802.861402319697,16581,350
2803.0130036863875,140114,350
2803.296433897796,219434,350
2803.861809203822,242114,350
2803.9022375674044,70889,350
2804.5796435015322,27293,350
2804.5918957801937,353012,350
2804.5942630886584,76626,350
2804.6784159054587,247752,350
2805.0581730610293,3442901,350
2805.094529650073,18050,350
2805.8690373938443,47102,350
2806.2514511039585,152652,350
2806.3081973827525,1521576,350
2806.381247191069,142318,350
2806.432835840029,41547,350
2806.657820482702,231235,350
2807.052421422066,264209,350
2807.1202510333537,1373836,350
2807.1984278423433,126119,350
2807.3584000956084,1430037,350
2807.367690618219,28460,350
2808.2853138267583,54519,350
2808.3187456663964,144180,350
2808.494225908063,25735,350
2808.7288001370443,18082,350
2808.8656201497656,48364,350
2809.434720911029,41952,350
2809.5596794630237,81184,350
2809.686187109526,62570,350
2809.950328392916,4063051,350
2810.136474764933,113235,350
2810.4263841641896,46537,350
2810.4876958069863,14074,350
2810.677413430749,351856,350
2810.8261373477394,233736,350
2810.974721643632,35368,350
2811.0812458913033,155609,350
2811.2606006622777,147224,350
2811.3964716361056,142307,350
2812.698905132276,254710,350
2813.348723133149,139400,350
2813.4194234338324,132995,350
2813.4354758858176,155579,350
2813.4614353722736,174815,350
2813.5619309259578,17575,350
2813.7775697036373,35287,350
2813.991894335092,822685,350
2814.151523817385,28714,350
2814.8734091705296,323992,350
2815.424658950042,53187,350
2816.1202163921594,104524,350
2816.1673641523194,150914,350
2816.215078188446,130651,350
2816.6086926230423,3442901,350
2816.646331031147,59256,350
2817.0158005004632,179901,350
2817.04023174709,139122,350
2817.2655943078785,137219,350
2817.285642672496,179901,350
2817.3804372047402,70995,350
2817.482270769585,163775,350
2817.93247693662,165563,350
2817.966132800663,35478,350
2818.321887076768,351856,350
2818.4160913390688,323988,350
2818.6645144788076,83658,350
2819.3399019399167,59374,350
2819.7683580791877,107487,350
2820.25597005547,34327,350
2821.2477042511455,42799,350
2821.278583811401,247868,350
2822.145296101241,464480,350
2822.951579237576,22411,350
2823.1951678666883,146374,350
2823.758075090095,151085,350
2823.7632851164217,400918,350
2823.9837409911693,22357,350
2824.161934755467,36901,350
2825.35228752402,61089,350
2825.4398521879807,113235,350
2825.6611229997025,118330,350
2825.7187339920965,285739,350
2825.9470177161143,142277,350
2826.426816011416,30796,350
2826.7865412423234,128517,350
2826.787386348151,276196,350
2826.803415497759,46537,350
2827.1226000059423,539277,350
2827.406727898079,262109,350
2827.612073069031,18714,350
2827.6933051798314,28714,350
2827.6972985839625,148617,350
2828.150967543707,1562167,350
2828.42904433361,802866,350
2828.8613125139714,345995,350
2829.257475575985,71138,350
2829.4694657736018,79322,350
2829.6202277651596,61434,350
2829.647256600162,28573,350
2829.832339338723,274862,350
2830.019390460217,249249,350
2830.0996072877456,323988,350
2830.7047181829575,81184,350
2831.025281270877,118330,350
2831.066570307713,1521576,350
2831.8466586121936,197941,350
2832.10013142798,22411,350
2832.1949226729676,58480,350
2833.0537289816266,27307,350
2833.237417549945,112567,350
2833.774491143576,30522,350
2834.0670508571843,92894,350
2834.1449062758243,130651,350
2834.513801139287,1521576,350
2834.6097146027787,33622,350
2834.7258649167848,4063156,350
2834.8776869903345,25735,350
2835.0180908410925,111061,350
2835.288544310301,40626,350
2835.7301456880396,94846,350
2835.8966024914994,165563,350
2836.1044648550846,55541,350
2836.1379621685523,206100,350
2836.3573060845106,247752,350
2836.420982970602,157573,350
2836.537312706963,264209,350
2836.6628955199167,79322,350
2836.8901173415875,587293,350
2837.2887205683946,181656,350
2837.4732321425176,56146,350
2837.49383993071,35478,350
2838.2865997518643,629129,350
2838.358267058591,22760,350
2838.5350666018953,241740,350
2839.425839455027,184026,350
2840.209647294,629129,350
2840.4595199149085,459989,350
2840.818340616302,264209,350
2841.364141588091,121039,350
2841.468875262598,31286,350
2841.827918847584,287670,350
2841.927215077976,92223,350
2842.325155514097,188910,350
2842.472823957307,283988,350
2842.567689279187,1563064,350
2843.0827132102477,202606,350
2843.1351645412506,157201,350
2843.4491678914032,98145,350
2843.4531031240263,1545766,350
2843.6351505510524,157201,350
2844.220772275098,635169,350
2844.699151380631,41583,350
2844.9155074379923,47554,350
2845.0427759522354,241122,350
2845.1179132017905,97294,350
2845.165571026784,35287,350
2845.183575005832,137654,350
2845.288799825095,34605,350
2845.337052861259,213110,350
2845.72838419662,17575,350
2845.7289192431426,46470,350
2846.217025944968,188910,350
2846.2890585288424,61434,350
2846.8586305687,26259,350
2847.216975594617,113234,350
2847.2776341078948,98145,350
2847.58242945191,155602,350
2848.7589752207045,148617,350
2848.916333987453,11840,350
2849.0326225552362,323935,350
2849.3939632351635,35368,350
2849.8171615126507,42493,350
2850.040490691453,24037,350
2850.058131287556,20386,350
2850.0631980885,130651,350
2850.8689387241766,142307,350
2851.1096231445536,61089,350
2851.215182154739,3364519,350
2851.464250302977,1563064,350
2851.692430180606,49203,350
2851.7013321581303,21431,350
2851.730174146048,574826,350
2851.8611092328815,736462,350
2853.0826521268673,1521576,350
2853.203652302977,121029,350
2853.493934934461,196623,350
2853.51278784788,18714,350
2853.639081445393,123868,350
2853.7672661609286,88158,350
2854.120429852171,184026,350
2854.2174942041747,165144,350
2854.9532083084764,293350,350
2854.9907198296137,32738,350
2855.5939481201444,151085,350
2855.6311720872554,140625,350
2856.2072076430572,143164,350
2856.394256818155,20137,350
2857.7735449618986,1002204,350
2857.7995580526203,139122,350
2858.083915902282,1047235,350
2859.129543731317,1430037,350
2859.3682184206123,28856,350
2860.191400645574,546874,350
2860.235609257836,91088,350
2860.350748885823,150256,350
2860.4535661859504,139400,350
2860.67627839713,19788,350
2860.8237316726077,155587,350
2860.8326139057826,539277,350
2861.1333459204743,107487,350
2861.2624799202526,1563064,350
2862.130164543745,4270809,350
2862.224544351332,351856,350
2862.6350681306185,150211,350
2862.859714841386,255501,350
2863.506696971972,308717,350
2863.57817448421,113235,350
2863.6105552304502,18694,350
2863.657904154254,207682,350
2863.686627447297,95541,350
2863.9934051433424,2253483,350
2864.1027313367413,219434,350
2864.599029485459,88158,350
2864.8196743523176,86355,350
2865.6140725954538,27333,350
2865.7361334808325,1563064,350
2865.8097221888647,135456,350
2866.1681508267825,155609,350
2866.16821473901,142318,350
2867.179781294506,55541,350
2867.184594210592,288767,350
2867.433584748041,130160,350
2867.7379255716905,3442901,350
2868.2441348553,899024,350
2868.3488971848165,34024,350
2868.5297159402594,264209,350
2868.610720186783,148948,350
2868.6471801815674,243929,350
2869.0583552007956,110690,350
2869.3890412410137,21061,350
2870.1320926735466,13429,350
2870.232324333968,262109,350
2870.3003715415452,143781,350
2870.368091244447,36901,350
2870.374728756279,107487,350
2870.682344125439,62570,350
2870.6828764910983,67839,350
2870.8246815741263,28856,350
2871.0036093685935,2173451,350
2871.210515962596,113235,350
2872.196321915448,285739,350
2872.1963357378822,67532,350
2872.2537967579583,30169,350
2872.6399420871585,443165,350
2873.1002902612267,162715,350
2873.6678992590705,342342,350
2874.0649925170655,128517,350
2874.1682678988077,16581,350
2874.531613192432,36774,350
2875.0823028247723,30017,350
2875.5440546882764,21061,350
2875.5829310563545,301853,350
2875.658932310117,143012,350
2875.7074590601346,382492,350
2876.267398820867,181744,350
2876.49004913341,49756,350
2876.6025357906838,672356,350
2876.655439589138,116063,350
2876.679535434539,13084,350
2877.0475381569454,155587,350
2877.0740671351837,23771,350
2877.329123835426,21229,350
2877.41558661513,32274,350
2877.4593140873512,137654,350
2877.4605496460267,150914,350
2877.592663584706,383104,350
2877.751194616066,206100,350
2878.461196867457,213438,350
2878.593185744063,243929,350
2878.6408425663813,464480,350
2878.9189063776494,4063156,350
2878.9308028727796,26259,350
2879.7888979369677,361723,350
2880.3991346243834,56878,350
2880.7862653412635,946816,350
2881.51777009711,20427,350
2881.6962270426416,140114,350
2882.2179055224346,282826,350
2882.4083140694133,574826,350
2883.944957125386,197941,350
2884.1687490027634,93169,350
2884.419992105931,22752,350
2884.6377441764344,65610,350
2884.924267337571,361723,350
2885.985767143051,163775,350
2886.027366932678,113235,350
2886.084555589645,4270809,350
2886.2996421861435,151102,350
2886.5258187504073,99128,350
2886.658005047967,323988,350
2886.696010297836,12115,350
2887.1426716762326,130651,350
2887.2255617628025,46470,350
2887.6945723218078,2067699,350
2888.992638996471,47102,350
2889.728146021942,202083,350
2889.795046222263,112369,350
2889.8805977249544,139122,350
2889.995998193263,13429,350
2890.3926379205077,20578,350
2890.8506000881935,40626,350
2890.865288442803,112424,350
2891.0235188081933,52080,350
2891.6553861275956,91879,350
2891.9121653305747,632241,350
2892.1730907802357,147224,350
2892.2563903980526,48364,350
2892.411434330342,1131859,350
2892.7623703925974,2253483,350
2893.143716294746,83658,350
2893.7349382228144,547387,350
2893.764903408138,47554,350
2894.0688662743432,2612782,350
2894.313685678185,21061,350
2894.357132719021,24291,350
2894.5619539954764,323992,350
2894.768559720057,20892,350
2894.806949629027,107487,350
2894.9268898032583,21431,350
2895.6834117940475,27990,350
2896.3101122642383,238835,350
2896.745704032686,14372,350
2896.865252119769,766247,350
2897.0515360038758,53187,350
2898.0061799588184,144764,350
2898.722973049896,35478,350
2899.2392780363425,3364519,350
2899.3643312346194,142961,350
2899.420694110783,20137,350
2899.469318055897,86649,350
2899.4782475111438,52184,350
2899.7006877623394,174772,350
2899.9613361707925,1545634,350
2900.773748417244,652448,350
2901.0499048648244,150256,350
2901.1202906505346,30522,350
2901.5673312499575,155254,350
2901.6433127174037,4063156,350
2902.281774896639,383104,350
2902.2979936949037,174735,350
2902.3847982373927,629129,350
2903.5697115550392,113218,350
2903.69473887861,94846,350
2903.6955655342185,196623,350
2903.8038057606545,22760,350
2903.9408468093498,188910,350
2904.02080897927,140210,350
2904.3887991437214,150316,350
2904.6144352588863,141846,350
2904.9420183933375,231235,350
2905.2559797376043,12574,350
2905.260038319611,33598,350
2905.32707703901,14372,350
2905.918327910677,13302,350
2906.5525012811545,121043,350
2906.749841369958,158311,350
2906.889958835707,34502,350
2907.0467746586696,46473,350
2907.205576256111,104785,350
2907.935883571135,112202,350
2907.9423398039266,150316,350
2908.2053875822608,3364519,350
2908.327098313847,223520,350
2908.940020590199,46470,350
2909.29614148038,65610,350
2909.4698647865885,1545966,350
2909.839055557221,77479,350
2910.9928846841226,118330,350
2911.1039989336623,158311,350
2911.416513708542,135456,350
2912.2127753547193,184026,350
2912.6841879967105,21431,350
2912.7166185417914,35368,350
2913.164657440535,201924,350
2913.4595707798544,268311,350
2914.0511927648677,99555,350
2914.2331748582083,736462,350
2914.4313834776444,20578,350
2914.8966071146892,32274,350
2915.0060336375745,35478,350
2915.2524316716713,22355,350
2915.8969070096705,89004,350
2915.917724700212,104785,350
2916.2289589441975,286160,350
2917.3322114117905,212646,350
2917.567524469527,206590,350
2917.995333611724,22752,350
2918.8893286524485,140114,350
2919.0057321204577,41547,350
2919.0179657448775,249249,350
2919.023374772592,46478,350
2919.1238091767173,112518,350
2920.3796816311956,143290,350
2920.4958751238223,27972,350
2921.3365058036707,652448,350
2921.448197958409,53187,350
2921.8675269271785,12115,350
2921.8762920768563,67839,350
2922.1184657450503,151085,350
2922.299742338897,148617,350
2922.3181499267694,44227,350
2922.8406646731987,21061,350
2923.0683466732376,298003,350
2923.1337816760683,30169,350
2923.4343743445206,18714,350
2923.8052637887477,2154194,350
2923.881019496248,40436,350
2923.9374424817133,21050,350
2924.231949273805,92201,350
2924.7830033273494,47558,350
2925.2780190647336,1480148,350
2925.459867898397,43146,350
2925.660863987235,282826,350
2925.917173354996,81184,350
2925.9262753308553,27327,350
2926.291868070996,2154194,350
2926.6378457481724,498014,350
2927.4236271134973,164212,350
2928.919204169938,72425,350
2929.0391128640376,72425,350
2929.1415040015213,22357,350
2929.299348818542,42799,350
2929.364596075116,33598,350
2929.420744510575,293350,350
2929.6145300521066,112541,350
2930.133365526707,28890,350
2930.6331540132715,36774,350
2930.7491576028597,496383,350
2930.764783764659,112567,350
2930.7982947522078,66471,350
2930.856100598201,498014,350
2931.177999400988,36774,350
2931.3010829216228,92894,350
2931.9324157979754,652448,350
2932.187424130204,71150,350
2932.228170574507,319223,350
2932.2404559707147,113229,350
2932.519181234288,65610,350
2932.531976563254,59374,350
2932.678164737748,353012,350
2932.7681377758795,34024,350
2932.9382579535436,150914,350
2933.1260189909026,34502,350
2933.510138865329,24140,350
2933.5857445558154,116036,350
2934.678667674701,140210,350
2935.0985330706203,61250,350
2935.23021505768,178082,350
2935.2320943519553,274862,350
2935.3482795248165,574826,350
2935.7088668116653,31109,350
2935.791930884561,49203,350
2935.851186353644,40119,350
2936.3406287326743,91088,350
2936.7790892724865,4270809,350
2937.6102217188654,83658,350
2937.6763953297304,59374,350
2938.052224878112,547387,350
2938.129335392826,28460,350
2938.7714074439564,695002,350
2939.5045369293557,47102,350
2939.8380186840095,187384,350
2939.8543729785797,46470,350
2940.088582713276,531817,350
2940.1196995047285,113234,350
2940.141585740797,254710,350
2940.199031974158,443165,350
2940.6634922583735,94274,350
2940.832611279216,450571,350
2941.680597164719,46470,350
2941.9993017037805,112541,350
2942.0867465407387,28929,350
2942.578499040859,62570,350
2942.642915035157,292752,350
2942.6933107228324,61250,350
2942.801471393334,142883,350
2943.451398192227,21003,350
2945.13511991901,55163,350
2945.140153561207,72968,350
2945.406497806598,91879,350
2945.5363277915185,32400,350
2946.0999876382684,61434,350
2946.5167567111434,21431,350
2946.552403038232,22357,350
2946.684612254785,112567,350
2946.6924812473617,143673,350
2946.7440895119203,766247,350
2947.0215208147188,33622,350
2947.289172230677,163775,350
2948.1042467024217,11840,350
2948.2996137170494,24739,350
2948.336277578048,21061,350
2948.5904692094114,167856,350
2948.936299718044,219434,350
2949.0198687339125,21431,350
2949.091695587342,147224,350
2949.409828943767,635271,350
2949.4260754487095,276196,350
2950.202875451533,149956,350
2950.5153713925965,18050,350
2950.6381177950916,46490,350
2950.7791859660074,112596,350
2950.871854427127,53860,350
2950.882249317034,71138,350
2951.3558416169553,23168,350
2951.4257923054492,1131859,350
2951.6387005191277,533994,350
2951.7095822289493,18050,350
2952.1101404367637,155254,350
2952.2303016742467,150914,350
2952.33943679936,164605,350
2952.5470124006715,104033,350
2952.756462535617,35287,350
2953.6350583259937,174735,350
2953.8510578907585,323956,350
2953.901067383066,17575,350
2953.9445367347867,1729658,350
2954.743388609103,174772,350
2955.548196993065,43146,350
2955.7037123015602,162715,350
2955.9756720465584,99128,350
2956.0437929818527,132995,350
2956.048077054609,3364519,350
2956.162267001149,120792,350
2956.626225742967,48364,350
2956.8325785840634,36774,350
2956.927972860842,89353,350
2957.0289311664133,174815,350
2957.643303600392,56878,350
2957.716688077846,276196,350
2957.753537953491,268311,350
2958.0241551129598,66504,350
2958.101677032722,42799,350
2959.0901971567705,32274,350
2959.33774909283,27990,350
2960.867696605006,143290,350
2960.8760202482863,247752,350
2961.288662239148,143781,350
2962.6916127422564,40112,350
2962.797689262124,158311,350
2963.1769304811514,18050,350
2963.338615151188,103881,350
2963.3505811378227,174741,350
2963.651192724241,27319,350
2963.757966896219,99555,350
2963.777257001684,33622,350
2963.9085844014508,213438,350
2964.036637409933,120792,350
2964.060747173469,148617,350
2964.1657294291867,74248,350
2964.564181593876,143012,350
2965.0864038918285,46580,350
2965.528015471229,19788,350
2965.8073746434216,48364,350
2966.8485159440693,323980,350
2966.9536663115396,92198,350
2967.078419668075,55163,350
2967.4011105444984,196032,350
2967.59652415511,111061,350
2968.373639824268,151176,350
2968.803087446539,35287,350
2969.221339375756,21214,350
2969.8324657665767,26259,350
2970.161003521822,41547,350
2970.36035489214,144764,350
2970.590429209768,149956,350
2971.3186443091977,4270809,350
2971.322978952908,143164,350
2971.476073836777,31285,350
2971.8915954392824,170037,350
2972.173307794051,110690,350
2972.198793727589,61089,350
2972.8105218225023,28339,350
2972.9810931599677,102422,350
2973.296953363027,283988,350
2973.304708791654,488058,350
2973.718956460838,99128,350
2974.1919572374914,21017,350
2974.254468519843,41999,350
2974.3628804647988,4063156,350
2974.474060217679,25507,350
2976.162668430203,124431,350
2976.2520944399894,30316,350
2977.416872018305,195266,350
2977.5231114778844,104785,350
2977.6810406913087,21268,350
2977.948168775406,66504,350
2978.5351464239016,35160,350
2979.060001165025,247752,350
2979.3103710365745,135456,350
2979.544964042109,35287,350
2979.5613727786836,629129,350
2979.775917673013,41547,350
2979.997256992216,140625,350
2980.5925402799926,104033,350
2980.7073475487337,142277,350
2980.857729015503,91879,350
2981.301573608132,34513,350
2981.383374374931,151176,350
2981.8191692243754,35160,350
2981.8513673899356,13429,350
2982.086952798402,3364519,350
2982.102623531436,143781,350
2983.0348336642605,32242,350
2983.6248697073606,173745,350
2983.9636618743357,531817,350
2984.16245359305,206100,350
2985.0913325362835,163775,350
2985.1966574260027,173549,350
2985.3797922416584,247868,350
2985.4086511690693,79212,350
2985.596307059273,282826,350
2985.9473976355716,617656,350
2986.2571723289366,377008,350
2986.9774575789543,28890,350
2987.928287893258,157573,350
2988.358366768704,1521576,350
2988.425404873918,12115,350
2988.698490392697,22357,350
2989.9744753562945,20137,350
2991.184410439167,148617,350
2991.5788800782207,118330,350
2991.7284041759012,1545766,350
2991.8483048303,547387,350
2991.913940536654,128341,350
2991.9412303417084,89004,350
2992.291083691471,201924,350
2992.6970584981777,283699,350
2992.9458129178834,32400,350
2993.9086795389862,22760,350
2994.621386598343,283988,350
2995.2266761073392,157201,350
2995.7208936740876,1435200,350
2996.096243487756,17977,350
2996.158656208063,31876,350
2996.2907986720584,91879,350
2996.6998604238797,56878,350
2997.0303203370054,32242,350
2997.199864275078,32274,350
2997.2127624844247,351856,350
2997.3471703797914,241122,350
2997.951937921385,61434,350
2998.158870442083,173745,350
2998.291455558699,21431,350
2999.004556765391,1214326,350
2999.5358606144364,264209,350
2999.755708580185,113258,350
2999.794454378602,212646,350
3000.095628124967,34605,350
3000.7057921551905,21017,350
3000.8829544363625,62570,350
3000.9516697132667,254710,350
3001.5266299586956,546874,350
3001.8523706114634,91088,350
3002.290159810258,86649,350
3002.5631339655824,52080,350
3002.88072148858,377008,350
3002.9129098339213,319223,350
3003.5806801254967,83658,350
3003.785555809273,434292,350
3003.910136264325,30522,350
3004.0122752519283,94846,350
3004.465784565597,219434,350
3004.63803854173,1545966,350
3004.9385885915394,533994,350
3005.056935029762,635169,350
3005.241175075531,286160,350
3005.336403365419,21017,350
3005.7860026551716,285739,350
3006.4992713834663,201924,350
3006.533291647448,135830,350
3006.7937380116928,202091,350
3007.02215877312,33893,350
3007.2116142083273,104033,350
3007.9318920633687,262109,350
3008.467532239873,102411,350
3008.6425818363805,95541,350
3008.857940509622,142277,350
3008.8939871961666,2253483,350
3008.9021332251104,1545634,350
3009.2447686723985,345995,350
3009.3328943266997,90454,350
3009.477305306763,400918,350
3010.096582719679,130651,350
3010.234069735594,27293,350
3010.9730848928316,417340,350
3011.259051937859,27319,350
3011.5931391568292,1214326,350
3011.7424828467506,186618,350
3012.3502842447956,27327,350
3012.3590746990994,61166,350
3012.923333765086,2154194,350
3013.148711146485,135830,350
3013.484536526074,323978,350
3014.5574387394854,35478,350
3014.8889998168,28856,350
3015.1970270060006,148617,350
3015.3284972294614,162715,350
3015.380281448841,31195,350
3015.490608851658,1545766,350
3016.2428626673473,186618,350
3017.4994203225174,279862,350
3017.6873057568564,459249,350
3017.7756361038496,13256,350
3017.9605412509172,32122,350
3018.845045949926,179901,350
3018.865662929291,143673,350
3018.8919107542856,21061,350
3019.0761013101283,22586,350
3019.629686235709,23168,350
3020.607121714786,28714,350
3021.064865313182,98145,350
3021.2255628649214,1563064,350
3021.3272584608894,41547,350
3021.613636315911,116063,350
3021.790608534731,66743,350
3021.9491968332195,254710,350
3022.7915781304237,143012,350
3022.8859931136076,52080,350
3023.556293015321,142553,350
3023.8346217317826,672356,350
3023.932611143043,113258,350
3024.1560688607296,20386,350
3024.3407932523264,459249,350
3024.39161640525,822685,350
3024.4164395259177,151102,350
3024.5650313672777,46537,350
3025.2458064793213,110659,350
3025.4381936240975,765830,350
3025.440758768405,81184,350
3025.608939214109,26594,350
3025.638696650943,170037,350
3025.8807506290887,120792,350
3025.896072378459,59374,350
3026.005248211788,18714,350
3026.7867492196415,142961,350
3027.29915431518,2612782,350
3027.713293373833,164212,350
3028.55546316573,121040,350
3028.7584436871025,155579,350
3028.7859078178785,213438,350
3029.089283406503,2461162,350
3030.04107321112,22357,350
3030.1879570133374,1131859,350
3030.611399473137,147224,350
3030.730525408537,323924,350
3030.8383888749477,279386,350
3031.413522069935,150316,350
3031.7624263715575,28339,350
3033.330828917713,66743,350
3033.471842459818,113234,350
3033.5002443922504,89353,350
3034.4212393418734,30169,350
3034.7677297156815,22411,350
3035.3969923856616,20602,350
3035.6902522620085,53926,350
3036.335485216621,31195,350
3036.5602362108916,34024,350
3036.6236167204356,103881,350
3036.8343119231313,178082,350
3036.9042294179644,56878,350
3037.1266468932868,132844,350
3037.148507014318,28929,350
3037.697653586099,765830,350
3037.953389886938,18685,350
3038.2409131571067,47558,350
3038.384034221835,27990,350
3038.5783662662716,31109,350
3039.493754796015,194356,350
3039.6489255666497,86355,350
3039.95178570694,629129,350
3040.3094774306473,21050,350
3040.9554260028704,32400,350
3041.139031647764,117521,350
3041.37930038413,1545966,350
3041.674453892521,150211,350
3041.743542629903,14074,350
3042.3768108040526,35287,350
3042.5134058423996,92198,350
3042.5240949709214,323980,350
3042.605696087305,14074,350
3042.8277843698997,107487,350
3043.0024265625234,4063051,350
3043.307683032136,4063051,350
3043.4639043128664,443165,350
3043.7363721546976,417340,350
3044.308797006647,60529,350
3044.368440783406,86649,350
3044.8829374689435,66471,350
3045.054080749818,323978,350
3046.0570071123175,15990,350
3046.300638718382,55541,350
3046.3443752883963,70889,350
3046.867835653539,346818,350
3047.151627513529,632241,350
3047.6304237176128,802866,350
3047.6622140584964,142553,350
3047.68365935171,629129,350
3047.7248841884934,139122,350
3047.818292675365,118330,350
3048.0950465750498,346818,350
3048.1930220019963,1729658,350
3048.611543907089,116063,350
3048.6396676979384,194356,350
3048.6758275962566,116063,350
3050.108562197275,71150,350
3050.6975836642605,66743,350
3050.8181915284113,28339,350
3050.8627539031504,27327,350
3051.127217552031,12574,350
3051.159204570788,15990,350
3051.1761663512184,286160,350
3051.355994327579,180936,350
3051.6874759221882,632241,350
3051.7666031931803,12574,350
3051.886036444456,1729658,350
3052.979843790757,20892,350
3053.338398864217,148251,350
3054.313803149489,111061,350
3054.692300747791,35478,350
3054.926220471528,88158,350
3054.9910966101806,175299,350
3054.998275440072,173745,350
3055.1968455495485,27048,350
3055.985750714247,95541,350
3056.0446075097707,379225,350
3056.0964430814756,2067699,350
3056.5256057437064,15990,350
3056.5557377767427,127041,350
3056.6219668908207,13084,350
3057.1986909704456,94274,350
3057.261345136168,62570,350
3057.7872137035765,539476,350
3058.121431918454,180936,350
3058.97029318069,142961,350
3059.3032938765587,71141,350
3059.3356294115315,42799,350
3060.465987218717,28573,350
3060.499281678619,148251,350
3060.663617356198,238835,350
3061.0447748666143,83658,350
3061.174708420346,127041,350
3061.2545449107615,1545939,350
3061.575615762792,16495,350
3061.620120076887,157573,350
3061.643162873002,137654,350
3061.7969999996026,99128,350
3062.836962990658,286160,350
3063.156144569559,80562,350
3063.215887295022,43146,350
3063.8959743855203,26259,350
3063.923935661023,163775,350
3064.835284347524,46470,350
3065.120837787101,61434,350
3065.145370032362,32738,350
3065.5469400395896,196032,350
3065.7938804377836,346818,350
3066.019607725436,4063156,350
3066.255502443292,345995,350
3066.4459595240983,173549,350
3066.604529632361,223520,350
3067.387541453109,21229,350
3067.5127814165676,108256,350
3067.98491497587,498014,350
3068.6296244287196,150914,350
3069.315601929264,617656,350
3069.586175116302,112424,350
3069.8272853942144,123868,350
3069.981568697883,498014,350
3070.036182522441,18694,350
3070.432608149751,533994,350
3070.7691744915255,51013,350
3070.8957794930334,26003,350
3070.914973039226,187384,350
3070.94390555195,19788,350
3071.124941375623,285739,350
3071.3251124618964,194356,350
3071.5994236113233,15990,350
3071.681920684718,46473,350
3072.216764841026,121039,350
3072.395440734581,124431,350
3072.56175236677,1002204,350
3072.839996815892,238835,350
3073.1356633175888,323980,350
3073.626931603264,632241,350
3073.6500888408173,28460,350
3073.97664648256,4823251,350
3074.2223951418514,112567,350
3074.9560105280575,103881,350
3075.109561897117,102422,350
3075.4295777285483,21229,350
3076.083477173571,39977,350
3076.7556555819806,323942,350
3076.946674056234,181744,350
3076.9729205915564,149956,350
3077.2017312449098,5747480,350
3077.433337732779,155188,350
3078.1441036948954,531817,350
3078.4139494056512,61434,350
3078.6070713021327,282826,350
3079.1547097446405,1562167,350
3079.6371845304384,116036,350
3080.070459494621,41547,350
3080.0779656928503,224234,350
3080.136371880904,202083,350
3080.27192727472,72425,350
3080.401307508514,18082,350
3081.4321390229084,168539,350
3082.178962187335,546874,350
3082.2959106666353,32400,350
3082.3177443804643,128517,350
3083.0708453709585,116071,350
3083.100542057118,231235,350
3083.20280770594,1430037,350
3083.3622199879824,212646,350
3083.3909073968503,151176,350
3083.610258923928,30316,350
3083.992483840115,22752,350
3084.201365616443,32075,350
3084.4569330181207,42493,350
3084.9334704203325,319223,350
3085.482141315717,274862,350
3085.482530146566,149956,350
3085.89601660162,116063,350
3086.061944087387,546874,350
3086.791032538982,22357,350
3086.9847268039775,139400,350
3087.0570451541817,2154194,350
3087.264549341204,142961,350
3088.4033188956055,32274,350
3088.726910282351,152652,350
3089.348464834401,59256,350
3089.4422284906955,102411,350
3089.585827423008,188910,350
3089.838447915816,166964,350
3090.4559065246717,46478,350
3090.576290024526,148617,350
3090.7659837938836,44227,350
3090.7683087244804,130160,350
3090.8607852813643,126119,350
3091.8248394699003,46537,350
3092.151190227882,54519,350
3093.1318302770505,174735,350
3093.6493212573505,74248,350
3094.338444018642,27307,350
3094.421202707691,28856,350
3096.1148946285502,1047235,350
3096.2961980890072,15936,350
3096.6282507681026,155602,350
3097.1675821068384,617656,350
3097.551613851294,95541,350
3097.583893868364,116036,350
3097.8220587601027,21268,350
3098.7290867071624,736462,350
3099.6213311704223,195266,350
3099.97849745346,5747480,350
3100.1702791437538,53187,350
3100.4289018698864,323980,350
3100.526800987992,221685,350
3100.60258141277,124431,350
3101.116021096202,163775,350
3101.2036335616694,118927,350
3101.4936512406557,13084,350
3102.556047064299,35160,350
3102.875032744398,113221,350
3103.2349020037,1545718,350
3103.535161318592,30796,350
3104.367553340667,224234,350
3104.6772360318228,29063,350
3104.740122581763,2154194,350
3104.985838236622,111061,350
3105.078785929424,162715,350
3105.3192111137523,213110,350
3105.3910194869054,24037,350
3105.6891601819398,53860,350
3105.821333055127,443165,350
3106.2215909454735,98145,350
3106.4300874222763,90106,350
3106.507099724859,13302,350
3106.6681110554546,286160,350
3106.97968034415,111061,350
3107.0744646068206,155609,350
3107.105195173308,130160,350
3107.674079353794,27972,350
3107.7742547136254,31876,350
3108.03744619781,1729658,350
3108.1782231531997,155587,350
3108.267051968288,34513,350
3108.886600276606,1729658,350
3110.2218014887285,27333,350
3110.3006010629665,61166,350
3110.6537942210075,52080,350
3110.8624910784924,546874,350
3111.611238592599,247868,350
3111.875960377245,116071,350
3111.9226644181754,181656,350
3112.659022089128,23168,350
3113.8937857918854,206100,350
3114.211171471771,59374,350
3114.2632727956443,67532,350
3114.975041832717,1247478,350
3115.1334258104735,61166,350
3115.2248904982107,112518,350
3115.573341691266,672356,350
3116.5517960682328,65610,350
3117.0479925868917,113234,350
3117.519888482169,113235,350
3117.5641744356003,353012,350
3118.0876772091947,206100,350
3118.4928219044527,27293,350
3118.748600560036,238835,350
3118.992035831129,35287,350
3119.0043803131543,40626,350
3119.0320922091587,49756,350
3119.370088894905,53926,350
3120.1660895100135,32274,350
3120.5401479382995,137654,350
3120.8226887929154,196623,350
3120.895009691202,13429,350
3121.2601083327563,51522,350
3121.2631668622544,77348,350
3121.955243489807,213483,350
3122.2014015632976,93928,350
3122.362115150771,52080,350
3122.859893084453,533994,350
3123.0053887506374,27327,350
3123.5165678204658,213110,350
3123.7082806591193,31876,350
3124.556114035347,53860,350
3124.7760762215094,247752,350
3124.887549589383,323978,350
3125.177934388695,1546006,350
3125.4709233024264,35368,350
3126.198590383744,1545966,350
3126.3078901580857,32400,350
3126.882820487542,249249,350
3127.0778569776257,65594,350
3127.4358763543914,13256,350
3127.946822089654,27319,350
3128.00227220313,19788,350
3128.14315077031,28714,350
3128.3089210417083,2253483,350
3128.3505989666123,116063,350
3128.460489367728,31286,350
3128.5137660496907,157201,350
3129.100925607445,62570,350
3129.3747337231334,92201,350
3129.5158799873752,173549,350
3130.379926900142,148948,350
3130.4510133146937,47102,350
3130.5778677488206,40112,350
3131.194263487772,47554,350
3131.2261544120774,18694,350
3131.815533091156,573499,350
3131.922509357774,32738,350
3132.021766874802,279386,350
3132.135323189564,179901,350
3132.2198565261615,822685,350
3132.3581984161938,143012,350
3132.6205215068135,361723,350
3132.742457970178,238835,350
3133.302808103148,188910,350
3133.391171920466,202083,350
3133.5565823386482,346818,350
3133.5745872863904,498014,350
3133.9269095684535,74248,350
3134.153866498972,94846,350
3134.5727504403067,165563,350
3134.6187725099117,13302,350
3134.6506221175823,72968,350
3135.117266409698,233736,350
3135.254736534791,105748,350
3136.0538865777753,18485,350
3136.4562496146955,168539,350
3136.5034525429414,20578,350
3136.541962845094,202606,350
3136.933729461166,29063,350
3137.367325950911,86355,350
3137.7394373991838,55541,350
3138.095624700102,143781,350
3138.8136040931495,197941,350
3139.4433191229377,102422,350
3139.628039303706,164212,350
3140.0523155647143,126119,350
3140.286720409815,29063,350
3140.327966289729,736462,350
3141.060235344872,28873,350
3141.1033163958086,65610,350
3141.591308218213,4063051,350
3141.6291439881716,71141,350
3141.7063902450154,33893,350
3142.191838861576,105748,350
3142.3007840946375,130651,350
3142.472452730136,4823251,350
3142.726153447331,49203,350
3143.8693054944156,143733,350
3143.9191937157566,92198,350
3143.9881322798387,174772,350
3144.207988717044,202083,350
3144.2808232151556,79212,350
3144.401350754083,155579,350
3144.4254174694856,13429,350
3144.47911878378,135456,350
3144.801830321381,150256,350
3145.2022322979287,30796,350
3145.336598024546,298003,350
3145.4869467989724,180936,350
3145.5006054580476,91879,350
3146.033863168683,464480,350
3146.4830579871195,20602,350
3147.234885811281,206590,350
3147.6489177722397,143290,350
3147.696514035236,20578,350
3148.378873277329,130160,350
3148.6567559696855,170037,350
3149.458822209699,27333,350
3149.640865501735,268311,350
3149.6818417682266,2612782,350
3149.8649759779114,113221,350
3150.1668081816592,34605,350
3150.3475993776133,27333,350
3150.519989277746,2242798,350
3150.981201328186,61166,350
3151.97689289912,323992,350
3152.168168465704,27327,350
3152.9776201756777,20137,350
3153.2850801565246,27753,350
3153.612471453008,33598,350
3153.683670726603,67839,350
3153.882315984579,112541,350
3153.9871317429947,36774,350
3154.13701504593,62334,350
3154.154302140919,286160,350
3154.352126965452,43146,350
3154.492592916043,61250,350
3154.664513369372,531817,350
3154.7317703247113,41952,350
3154.7446581856525,112541,350
3155.012354016234,249249,350
3155.0391456481216,61250,350
3155.081859912296,14074,350
3155.2218133973747,323956,350
3155.4552050579805,2154194,350
3155.523811471002,52080,350
3155.5502898163113,113218,350
3155.7305842177425,459249,350
3156.476936312367,116071,350
3156.724796914748,488058,350
3156.913065037642,450571,350
3156.9770329423436,49203,350
3157.2677947240177,121029,350
3157.289157832835,117521,350
3157.804110322972,533994,350
3158.827297048808,802866,350
3159.360038928144,822685,350
3159.362704637005,34327,350
3159.595673683948,41999,350
3160.153283146076,283699,350
3160.6799201777603,102411,350
3160.6821348975404,23771,350
3160.9452218151605,150211,350
3161.6423073429355,112567,350
3161.966844611995,23168,350
3162.810025279648,32738,350
3163.184474652272,16495,350
3163.630994302864,1546006,350
3163.7867502935437,765830,350
3164.732714801316,35287,350
3165.038547158605,174735,350
3165.619933196616,110690,350
3165.6282473211804,23168,350
3166.3426059851854,151102,350
3166.4621847746266,61089,350
3166.496836075808,195266,350
3166.635509450613,52184,350
3166.809870096805,27307,350
3166.99776793889,195266,350
3167.059416939353,262109,350
3167.1026373070767,247752,350
3167.3266362484133,427772,350
3167.3605110833632,80562,350
3167.874854267254,173767,350
3168.3113056356724,144180,350
3168.6295185412796,450571,350
3168.7828123162863,110659,350
3168.7955864203836,110690,350
3168.8684228427273,139122,350
3168.886523375848,22586,350
3168.9871494463428,617656,350
3169.5419370199684,21003,350
3169.585767522807,574826,350
3170.3111906676336,35368,350
3170.455733997263,166964,350
3170.482394503912,56146,350
3170.5102792925923,163775,350
3170.761924059944,77348,350
3171.007882727304,151176,350
3171.1500384921555,89353,350
3171.1711794346115,44227,350
3171.4853907878746,155579,350
3171.6471257793373,1480148,350
3171.696230164586,120792,350
3171.741604290797,43146,350
3171.862033057473,18694,350
3171.9160780201455,21431,350
3172.3519469636517,323978,350
3172.5842267755597,137219,350
3173.001464310796,108256,350
3173.379104963381,70889,350
3174.137511740205,21017,350
3174.2623313131544,22752,350
3174.3901252837177,59374,350
3174.557865823294,323956,350
3174.6520867146373,137219,350
3174.854913398991,128070,350
3175.1733780997647,13084,350
3175.328072847829,22760,350
3175.8063689626597,95541,350
3175.912586500711,822685,350
3175.926101260693,30522,350
3176.687636265858,32242,350
3177.185805636274,45851,350
3177.439294320936,164212,350
3177.498591720833,539277,350
3177.5675720491745,21061,350
3177.953655622587,23771,350
3179.1866961457968,118927,350
3179.5375949981826,148617,350
3179.992056132065,223520,350
3180.07542887707,163193,350
3180.4681476608694,53926,350
3180.598693464493,151085,350
3181.1817051058324,40436,350
3181.4982134085944,99128,350
3181.6370125888507,498014,350
3181.9245398419225,42493,350
3182.0341131710516,26594,350
3182.0792924369607,112424,350
3182.6597731917923,43146,350
3182.949572883405,15990,350
3183.0333166393357,31109,350
3183.0873017682293,116063,350
3183.3220095734623,66743,350
3183.33802497099,233736,350
3183.403541264195,135456,350
3183.528044077592,221685,350
3184.0136709862763,95541,350
3184.129815934758,35368,350
3184.6240636612624,34513,350
3185.1657071171758,323956,350
3185.9385900749057,383104,350
3186.0848578008454,62334,350
3186.1181363532373,1131859,350
3186.2556366583726,135456,350
3186.507243759721,206100,350
3186.781257451343,286160,350
3186.8393193659813,2612782,350
3186.9719710315503,155188,350
3187.062121129743,29063,350
3187.321221918195,498014,350
3187.4216854564547,279862,350
3187.495757517039,166584,350
3187.699638395939,155602,350
3187.800267682467,42493,350
3187.8201640547054,23771,350
3188.262511797215,1545966,350
3188.3117885151896,46470,350
3188.32261267079,18685,350
3188.5142428321255,66743,350
3188.58557295426,111061,350
3188.602445802184,40436,350
3188.7316575151117,241122,350
3188.839218925603,117521,350
3189.8829394554646,268311,350
3190.4573399334263,34502,350
3190.743238895007,531817,350
3190.9559441877796,207682,350
3191.448738532035,93169,350
3191.8656052782403,22357,350
3192.0221832925063,2242798,350
3192.5502742368485,1214326,350
3192.8498570300435,121029,350
3193.806259501124,2242798,350
3194.0536672368567,56878,350
3194.559674559448,113221,350
3195.481779111837,2154194,350
3196.195588876787,150316,350
3196.6610556998075,175299,350
3197.0667144801137,1047235,350
3197.3346924872594,434292,350
3197.598525731164,891285,350
3197.66066829255,35287,350
3197.8883202826623,2067699,350
3198.0783084256723,498014,350
3198.264161579555,635169,350
3198.2751569213137,28929,350
3198.397272993496,23659,350
3198.7411280896617,891285,350
3198.8900990005386,121043,350
3199.120492259734,17575,350
3199.2068669531063,97501,350
3199.2984521884873,139122,350
3199.3256230178176,34605,350
3199.672899582024,143673,350
3199.6802808101256,238835,350
3199.7496682399355,46242,350
3199.805492168573,186618,350
3199.9794270357424,254710,350
3200.0559781362335,143164,350
3200.611644818298,20578,350
3200.7591580551543,72968,350
3200.8944166072806,112202,350
3201.1204824101833,298003,350
3201.320349906942,224234,350
3201.3508055655607,91879,350
3201.926575184912,108256,350
3202.0915926141092,247752,350
3202.6135397972866,342342,350
3203.086983326048,206100,350
3203.25943233704,286160,350
3203.5287841477407,184026,350
3203.542638001353,147224,350
3203.5609828424776,323956,350
3203.6285251698064,19788,350
3203.921206828301,124431,350
3204.1130035600195,49756,350
3204.6695561052,112518,350
3204.858095402148,471679,350
3204.951874821574,21268,350
3205.2320831186653,72425,350
3205.308580003683,213438,350
3205.4878427901217,112369,350
3205.997145152718,151085,350
3206.6696793888755,18694,350
3206.682207842922,288767,350
3206.988618534993,471679,350
3207.5310545631596,822685,350
3207.552722050659,286160,350
3207.7245801071035,283988,350
3207.7724425925103,30169,350
3207.928086142196,382492,350
3208.6989286680523,2875027,350
3208.771760511531,98145,350
3208.9428139408983,22752,350
3209.3995390017776,12115,350
3209.51528277714,56146,350
3209.578552507206,167856,350
3209.882306982352,66504,350
3210.0282627734705,51013,350
3210.2637377251012,539476,350
3210.4729547983707,450571,350
3210.5034321125177,116080,350
3211.3319403787013,55163,350
3211.502930985246,464480,350
3211.5939827665634,1729658,350
3211.760474730947,223520,350
3211.852915856412,86355,350
3212.0320848923375,92198,350
3212.2809712756766,22586,350
3212.3066138086783,531817,350
3212.948332358019,71877,350
3212.9762204547324,17977,350
3213.020314699789,353012,350
3213.8121141281563,112518,350
3213.97241816715,155188,350
3214.8396384195175,93928,350
3214.9071999186976,98145,350
3215.1108835690907,112596,350
3215.2474460670223,49756,350
3215.3785324173205,186618,350
3216.0021857215575,539276,350
3216.0685908198825,1435200,350
3216.192246144701,168539,350
3216.2163009784554,2067699,350
3216.6917940402736,546874,350
3216.722428248235,170037,350
3216.751700728677,118330,350
3216.8198812658015,127041,350
3217.17076455834,72968,350
3217.505676269629,471679,350
3217.7834087618353,16495,350
3218.860314575049,652448,350
3219.2918976647384,224234,350
3219.4236924571737,24291,350
3219.6012029359918,70995,350
3219.7043112223864,231235,350
3220.298597879436,617656,350
3220.7240327703003,174772,350
3220.8282911170986,1247478,350
3221.005632295924,22411,350
3221.095661443489,30316,350
3221.3079816467844,92201,350
3221.4044568606278,26003,350
3221.8950322720257,1545634,350
3222.3624556274744,202091,350
3222.78837735891,36632,350
3223.1720900243276,765830,350
3223.210548427469,21431,350
3223.2431562972083,104033,350
3224.027851801152,22760,350
3224.677099320233,26003,350
3224.9476713968015,54519,350
3225.1214036105375,323988,350
3225.3361859028983,80562,350
3225.8143651374317,155602,350
3226.2001512290926,33622,350
3226.3748859008642,146374,350
3226.4961525529775,56146,350
3226.5512026261536,47102,350
3226.958528073322,27990,350
3226.9791904351564,121043,350
3227.0327608800785,382492,350
3227.4417640439283,61434,350
3227.659208330771,155254,350
3227.7223420738933,30796,350
3227.757155435061,147224,350
3228.677657158427,891285,350
3228.7170868676176,351856,350
3228.7581025738086,279862,350
3228.830355716778,112541,350
3229.1589186409155,33598,350
3229.473848333153,34327,350
3229.562634368478,32122,350
3229.6493140143693,165144,350
3229.80182168104,41999,350
3230.204354885356,1915777,350
3230.4496399757895,285739,350
3230.7762072702785,30522,350
3230.9565464295547,262109,350
3231.1585483495874,88343,350
3231.18212270474,48812,350
3231.4277597706014,36632,350
3231.460460492646,23168,350
3232.3368152155253,74248,350
3232.5254446368835,262109,350
3232.7334427701244,2173451,350
3233.4619122445474,139122,350
3234.0134714313986,345995,350
3234.287825150284,217079,350
3234.5759950188744,170037,350
3234.674190283008,2461162,350
3234.828388554105,126119,350
3234.8430563281236,471679,350
3234.9663217253105,137219,350
3235.0277645784263,66471,350
3235.27587075409,400918,350
3235.282063052051,531817,350
3235.5926176370276,219434,350
3235.867789206333,130651,350
3236.384025703395,144180,350
3236.5805818600275,434292,350
3237.006601609705,20427,350
3237.3951389243657,16581,350
3237.4782672327406,1545939,350
3237.7158106756115,140210,350
3238.33125536825,90454,350
3238.5594172820856,92198,350
3238.692246034886,1563064,350
3239.212485436153,132995,350
3239.2520177405704,21017,350
3239.3216070269414,1545634,350
3239.3411048633584,45233,350
3239.3491555794926,27990,350
3239.4427348738486,202091,350
3239.583684430358,35368,350
3240.0904207274734,213483,350
3241.1357772423416,70995,350
3241.571771522503,18050,350
3241.6531434527874,65594,350
3241.66930298124,18485,350
3242.5903361541236,59256,350
3242.8100394387025,288767,350
3243.0519795765435,143290,350
3243.965999353583,105748,350
3244.5566061081754,165563,350
3244.7325097406438,147224,350
3245.4813655349826,353012,350
3245.5104471182917,46580,350
3245.5368132352537,4270809,350
3245.542231023829,19987,350
3245.595681471137,1480148,350
3245.932003270899,142961,350
3246.340778971883,139400,350
3246.345433443864,166490,350
3246.6472236466557,20137,350
3246.8852964687576,274862,350
3247.0289341994244,174772,350
3247.1287640541827,48364,350
3247.2825992678136,52184,350
3247.783042047262,20137,350
3247.837966047824,635169,350
3248.1783241933267,194356,350
3248.1796302157027,121040,350
3248.713682752154,4063051,350
3248.8077988913055,112424,350
3248.8818887005787,173767,350
3248.9076051389457,202091,350
3249.119293835342,48364,350
3249.5217038672968,110659,350
3249.6943480702153,282826,350
3249.701444218413,86649,350
3250.2576101379796,92201,350
3250.4765293950854,498014,350
3250.4796000431184,20602,350
3250.6956698517697,107487,350
3250.7032048129727,28460,350
3251.7676987714244,150211,350
3252.0668541371947,546874,350
3252.0967407604567,24037,350
3252.669023412976,15990,350
3252.742609596322,135830,350
3252.9355055158103,81184,350
3253.036646937225,66472,350
3253.0517777098376,323956,350
3253.0592942704207,279862,350
3253.3955816839816,34513,350
3253.472793898941,53926,350
3253.588080022112,66743,350
3253.992269590212,202083,350
3254.1036346948576,126119,350
3254.386716257985,98145,350
3255.167187737478,450571,350
3255.501909181654,22205,350
3255.5641207083117,151085,350
3255.6390348284317,132844,350
3255.9317397078257,59374,350
3255.980548578356,765830,350
3256.3568916186505,206590,350
3257.8641683385135,112541,350
3257.9819583987855,107487,350
3258.1667072910723,47102,350
3258.6369124924486,88158,350
3258.6695986399345,36632,350
3259.2360811237572,139122,350
3259.594124818214,71877,350
3259.6686537225237,102422,350
3259.902860955812,102411,350
3260.1309596604997,188910,350
3260.252303189065,29063,350
3261.9149938592013,62570,350
3262.349153644669,170037,350
3262.7930070393663,22586,350
3262.984294293428,14372,350
3263.376072325504,24037,350
3263.824857433437,46490,350
3263.877786388602,323924,350
3263.9780695522854,32122,350
3264.080974518271,26594,350
3264.2934306474353,212646,350
3264.684280882949,178082,350
3264.732610155243,573499,350
3265.289788650734,151102,350
3265.525000283599,140114,350
3265.796274959382,19987,350
3266.3286779231985,46470,350
3266.6463924949194,891285,350
3266.690528217141,23659,350
3266.9258438306074,28714,350
3267.0417379641067,143781,350
3267.6326291239243,144180,350
3267.922141054118,4063051,350
3268.459374802596,24140,350
3268.549478623276,196623,350
3268.7951419117353,140625,350
3269.0794260447524,70995,350
3269.7532125868297,262109,350
3269.997213192143,1521576,350
3270.3318742817064,30796,350
3270.5597238050077,51522,350
3270.7314011577355,112541,350
3270.7825753727243,4270809,350
3270.902018229674,323924,350
3271.0397183059335,46473,350
3271.7880396848627,41583,350
3272.0219887391468,92201,350
3272.189003574126,22760,350
3272.262917858082,18159,350
3272.479590190241,46242,350
3272.5678884306003,150256,350
3272.934592336496,93928,350
3273.0834881935325,166964,350
3273.800343592216,21061,350
3273.844836703408,66472,350
3274.268067613596,28339,350
3274.7100610666166,61166,350
3274.7430916690705,107487,350
3274.9012866912813,174735,350
3275.128335233342,44227,350
3275.1472253089782,20427,350
3275.1514888348893,28890,350
3275.1883732641318,1480148,350
3275.198190263487,91879,350
3275.279695967681,1435200,350
3276.2691253682538,16495,350
3276.50268524925,207682,350
3276.7757604760477,194356,350
3276.8063949446755,14372,350
3277.1330068811544,18050,350
3277.2731810207806,164212,350
3279.054531484203,174741,350
3279.2413884323955,89004,350
3279.828517360845,46478,350
3279.9108741153004,61166,350
3280.3459244905307,113218,350
3280.547252542457,178082,350
3280.597762879521,35160,350
3280.8557206047817,264209,350
3280.920509158377,765830,350
3280.9908528376905,539276,350
3282.282414843621,17977,350
3282.432488220533,42493,350
3282.7572154964205,120792,350
3282.8591147212624,173745,350
3283.4524638034145,443165,350
3283.5489777858584,288767,350
3284.1462077678043,21431,350
3285.1348059572833,166964,350
3285.5630165914527,92227,350
3285.9650741906826,181744,350
3286.477629042648,1563064,350
3286.5211792631767,95541,350
3287.046080057881,223520,350
3287.2104236043283,41999,350
3287.443056035984,165144,350
3287.620179723773,139122,350
3288.301643152659,105748,350
3288.422496919422,89353,350
3288.561718419623,20578,350
3289.237484663397,128070,350
3289.3083777878996,31109,350
3289.6174325891843,11840,350
3289.7711503175333,155525,350
3290.0255217764948,59256,350
3290.145076832902,196623,350
3290.534116602319,48812,350
3290.569193006438,207682,350
3291.0410385966156,206590,350
3291.1147848077117,76626,350
3291.4370058805775,170037,350
3291.586166189042,118330,350
3291.905583255271,323980,350
3292.8152654619757,293350,350
3293.1112169336548,197941,350
3293.71248141389,15936,350
3293.8273491315845,351856,350
3294.295922668615,46478,350
3294.373904666572,61166,350
3294.668829713988,102411,350
3295.127276380324,4063156,350
3295.128546286414,110659,350
3295.2925350729283,164605,350
3295.4359967102405,13084,350
3295.762736361386,42493,350
3295.9283254419943,1546006,350
3296.457576240859,4063156,350
3296.8203738282477,262109,350
3297.328744250958,13302,350
3297.49562420117,116036,350
3297.917058759621,66472,350
3297.997634055254,471679,350
3299.6013314303486,173745,350
3299.685764295449,47102,350
3299.9034645907527,1545718,350
3300.4853220981954,31285,350
3300.7225926175934,30889,350
3300.8601035822867,13429,350
3301.2726859096433,36632,350
3301.3247722668034,46490,350
3301.3680220922456,43146,350
3301.526797890547,450571,350
3302.083973535029,629129,350
3302.4517799576447,181656,350
3302.6971609802063,1435200,350
3302.7672080647953,142883,350
3302.9917728749188,346818,350
3303.230405291871,23659,350
3303.4115438039794,488058,350
3303.528937237499,77348,350
3303.6488178533787,40112,350
3303.660103995837,151176,350
3303.7927566177436,143673,350
3304.123127033479,41952,350
3304.1917751702636,20137,350
3304.226288580858,1131859,350
3304.4619438034338,471679,350
3304.9324569335317,53860,350
3304.9466149937202,142553,350
3305.000882364988,3150519,350
3305.246456627217,142307,350
3305.964164068913,70995,350
3306.2153616537457,121040,350
3306.4301451151337,23168,350
3307.799926004667,113221,350
3308.44958032732,151176,350
3308.6077435869147,899024,350
3309.4655138155335,353012,350
3309.867478609698,165144,350
3309.9817153102385,116071,350
3310.032689980336,496383,350
3310.1002004126417,20602,350
3310.2642364653398,26003,350
3310.311852283499,128070,350
3311.219051040107,12115,350
3311.3066317948474,247868,350
3312.0564307477325,223520,350
3312.3696669493042,21268,350
3313.0914925308766,53860,350
3313.1207721529854,55541,350
3313.354466568793,1435200,350
3313.427270722803,134643,350
3314.6502235000903,27319,350
3315.274848460918,141846,350
3315.37010359743,113235,350
3316.3100824697935,18714,350
3316.708993106553,31876,350
3316.990626742199,238835,350
3317.5559061492636,116063,350
3317.814399144816,104785,350
3318.355143354082,4823251,350
3318.672587403759,262109,350
3318.6924955816794,201924,350
3318.845936345863,40112,350
3319.101121398589,18485,350
3319.425964630862,99128,350
3319.4847571635464,1546006,350
3319.894221322412,283699,350
3320.177116377638,35160,350
3320.6816070953373,181656,350
3321.2580299693395,231235,350
3321.9706615619166,162715,350
3322.1188559824814,92201,350
3322.270585831476,90106,350
3322.7968306610287,187384,350
3322.831248952861,547387,350
3323.0764308524417,353012,350
3323.132109437103,49203,350
3323.254210604716,120792,350
3324.333485409808,113258,350
3324.394764735726,112518,350
3324.4539001847675,241122,350
3324.7895690800106,18694,350
3324.7974986583226,173745,350
3324.8300191047333,617656,350
3325.2829548464124,112202,350
3325.7297566035772,282826,350
3325.8273409593953,92201,350
3326.233402171323,546874,350
3326.4913233901034,41999,350
3326.4947477484334,14372,350
3326.4959803643997,135456,350
3326.8472169841048,168539,350
3326.9528061834067,140625,350
3327.138421822514,292752,350
3327.144959649092,40119,350
3327.4274804735887,31876,350
3327.634571007372,249249,350
3327.9101985994735,276283,350
3327.9908940632686,31286,350
3328.0014401843077,28890,350
3328.0448879227465,65594,350
3328.4625972237122,197941,350
3329.273842599093,496383,350
3329.328836782466,53860,350
3330.0015978005035,174741,350
3330.3020328523035,22586,350
3331.2716994151947,166584,350
3331.2960339777915,23771,350
3331.610216493572,168539,350
3332.0001467343877,174735,350
3332.039373425357,59374,350
3332.082374018471,34502,350
3332.223032724434,498014,350
3332.424183036137,14494,350
3332.816575965682,92198,350
3333.1774967748806,274862,350
3333.630217500673,126119,350
3334.0334439639855,22586,350
3334.1041128187653,140114,350
3335.269362880629,71141,350
3335.3608425443404,112596,350
3335.619369601553,120792,350
3335.906714460472,173767,350
3336.4617904472093,179901,350
3337.0268506641437,41547,350
3337.198546588925,58480,350
3337.533022980058,488058,350
3337.5553583730966,77479,350
3337.622392851224,17977,350
3337.6497874495326,891285,350
3337.83601290646,143781,350
3338.3109296086377,1521576,350
3338.430599926888,140114,350
3338.737213116341,140114,350
3338.876225604927,496383,350
3339.4444227754498,27753,350
3339.9206360328494,323980,350
3340.5752797321666,142318,350
3340.642745975229,16495,350
3340.7367045521964,22586,350
3340.7527495559248,116036,350
3340.7925512311513,12574,350
3340.8755276315887,166964,350
3341.436425055184,72968,350
3341.8395348775207,221685,350
3342.03182545674,213483,350
3342.3942381274323,151085,350
3342.7696721336715,946816,350
3343.2763016348486,27048,350
3343.3761065259664,1430037,350
3343.3890036278476,46580,350
3343.633145946594,18694,350
3343.8111742526303,155579,350
3343.914703109989,2875027,350
3344.2120192407324,308717,350
3344.4001803011497,2875027,350
3344.8914450634065,28460,350
3345.0466254841667,128341,350
3345.0838325880904,118927,350
3345.0899610703855,22752,350
3345.1857717532544,3364519,350
3345.3331505474653,31109,350
3345.88342743993,102411,350
3346.05565455581,35287,350
3346.2527237465624,121040,350
3346.31923492224,35368,350
3346.827104402855,137654,350
3347.2750193314346,40626,350
3348.4796805438177,29063,350
3349.0456392056653,53187,350
3349.8558496364694,207682,350
3349.888991727009,308717,350
3350.4187073570283,5747480,350
3350.4295449581614,143781,350
3352.205215277686,2612782,350
3352.381738299122,186618,350
3352.430564002583,342342,350
3352.4716301202966,282826,350
3353.2479285670006,110659,350
3353.4880916418824,116036,350
3353.4896582606166,61434,350
3353.9246896536515,287670,350
3354.354040388037,56146,350
3354.5729291280923,279386,350
3354.6356449241903,113221,350
3354.7007763274937,98145,350
3354.8385247654355,46931,350
3355.0678358723926,32242,350
3356.2031273041184,27319,350
3356.500688234861,26259,350
3356.571516426222,1435200,350
3356.851733745628,118330,350
3357.8253928844438,143781,350
3357.8962090752825,143290,350
3357.9600015949536,27327,350
3357.9697715922894,283699,350
3358.2271824285845,41952,350
3358.24107133881,66504,350
3359.772945040482,143781,350
3360.4413797509787,113218,350
3360.485692754106,243929,350
3360.5661509206598,163775,350
3360.654310100486,899024,350
3360.686626834515,382492,350
3361.1675951265943,184026,350
3361.6111072515127,31109,350
3361.7027398810346,26003,350
3362.1422456321543,92223,350
3362.4641305994214,71877,350
3362.5802272426945,459249,350
3362.760975460395,255501,350
3363.7195289668257,238835,350
3364.6611024999215,223520,350
3365.212510256247,285739,350
3365.3037911375795,94274,350
3365.5715812822245,353012,350
3366.332641830586,19987,350
3366.421881025651,26259,350
3366.757539614803,14074,350
3366.8083486769865,128341,350
3367.058791907349,86649,350
3367.4971244099956,92201,350
3369.530223485089,199475,350
3369.737714572101,180936,350
3370.716944044829,31876,350
3371.2987960333962,323956,350
3371.66037558254,86649,350
3371.829083550484,113229,350
3372.4127384373073,301853,350
3373.168789033955,41999,350
3373.313806365091,61089,350
3373.5652465083704,47554,350
3373.8681633906817,227407,350
3374.779478154493,140114,350
3374.984090449772,547387,350
3375.3043630363695,27048,350
3376.538880343126,17977,350
3377.2179062727096,188910,350
3377.268514040835,52080,350
3377.5830457160537,15990,350
3378.448984501924,285739,350
3378.6488904719567,2461162,350
3378.9901655328013,116071,350
3379.8713750794514,323992,350
3380.126826088024,1047235,350
3380.6151440453596,2612782,350
3380.6519625873416,140114,350
3380.960602943387,143012,350
3381.033511977941,81184,350
3381.398220204411,20892,350
3381.505374370033,264209,350
3381.573180441561,346818,350
3381.804169293931,197941,350
3382.2692686805176,573499,350
3382.979294003755,217079,350
3383.055327229934,30889,350
3383.136993559392,279862,350
3385.949152904589,279862,350
3386.2028154997483,46580,350
3386.3508071536694,539476,350
3386.424306149422,112369,350
3386.826577199819,21268,350
3386.9664681191466,62334,350
3387.2176643111093,151176,350
3387.221006836468,113258,350
3387.273217882498,36632,350
3387.3139412528194,47554,350
3387.4900748397354,71150,350
3387.771737942462,58480,350
3387.9002797076455,25735,350
3387.9739671580796,27293,350
3388.1773467170124,139122,350
3388.981740882703,27293,350
3389.1944861673724,18050,350
3389.274879909653,74248,350
3389.3783049891963,46580,350
3389.5308702505586,54519,350
3389.546810233222,652448,350
3389.6836607674695,61434,350
3389.8653066501797,254710,350
3390.766033127959,1562167,350
3391.501107086748,62334,350
3391.754462931565,3150519,350
3391.9220186665584,79212,350
3392.0112596780314,62334,350
3392.1745546717057,157573,350
3392.2017758392185,174897,350
3392.2803869049703,323942,350
3392.533381953692,61166,350
3393.6762378054323,24739,350
3394.2910570672516,33598,350
3394.888844301138,48812,350
3395.227293914145,298003,350
3396.4208722660114,802866,350
3396.555383405783,142553,350
3396.5956695825844,262109,350
3396.6557050784645,242114,350
3396.6677765306113,15936,350
3396.863705947844,164605,350
3397.3689074722324,288767,350
3397.525764041673,59256,350
3398.0217429674003,151085,350
3398.265238555504,20602,350
3398.3467227210795,121043,350
3398.527119392982,44227,350
3398.5395189463625,45233,350
3398.6039463465854,155602,350
3399.2063477849233,13302,350
3399.6947599818227,41999,350
3400.4107623092914,13429,350
3400.759335997998,217079,350
3400.8255829052755,13429,350
3402.0240834812184,22760,350
3402.064473091519,108256,350
3402.2160699857313,166964,350
3402.2364724250438,547387,350
3402.4311543913796,108256,350
3402.465395578343,22357,350
3402.550550595467,97501,350
3403.0123688297076,67839,350
3403.114725386753,184026,350
3403.1209480842876,88343,350
3403.475892246604,143290,350
3403.6298476774496,21431,350
3403.707120483254,86649,350
3403.9242438532347,323935,350
3404.0848570432686,59374,350
3404.584195223363,533994,350
3404.880903934851,88343,350
3405.027916253178,116071,350
3405.0653144000107,158311,350
3405.142415131288,139400,350
3405.3683170899462,150211,350
3405.8108337802946,45233,350
3406.183433095435,293350,350
3406.363857968703,2067699,350
3406.868772459514,22752,350
3406.9699527524094,42493,350
3406.994444571814,74248,350
3407.472467280423,1546006,350
3407.899172886481,21017,350
3407.9640824333715,116071,350
3408.0427724202727,174815,350
3408.8527408296272,377008,350
3409.2816322967305,142307,350
3409.3824784050635,20657,350
3409.4591471113195,97501,350
3410.3039914643505,196623,350
3410.6935717838846,279386,350
3410.727416239155,173549,350
3410.756341392131,629129,350
3410.936612068293,22357,350
3411.334436114495,152652,350
3411.5864501712826,22411,350
3411.736003318579,99555,350
3412.264649199904,1002204,350
3412.5244107988506,1729658,350
3412.936954102162,20892,350
3412.9480739330156,77348,350
3413.3527811577446,72968,350
3413.8978784345645,112202,350
3414.651027207279,223520,350
3414.810787000024,13302,350
3415.3014147699,15936,350
3415.351091692426,116036,350
3415.8108673397137,174897,350
3415.84171779501,173549,350
3416.508452531929,126119,350
3416.9868839767146,92227,350
3417.027971055754,24739,350
3417.117333714729,108256,350
3417.1344749640034,1729658,350
3417.498372755929,121039,350
3418.178353828761,59256,350
3418.4954155974083,1131859,350
3418.593666124672,206590,350
3418.777926560151,90454,350
3419.649832797244,13429,350
3420.2534838298893,102411,350
3420.723526968117,24037,350
3421.1942901190596,40119,350
3423.2004309831277,279862,350
3423.30348281339,155609,350
3423.8005260954155,90454,350
3423.845550509835,80562,350
3423.984650237347,117521,350
3424.160230845188,22760,350
3424.217117776447,27319,350
3424.4642779535193,118330,350
3424.80652636622,178082,350
3425.2010062389586,891285,350
3425.715519514736,262109,350
3425.9328538339196,25735,350
3426.176947424907,121029,350
3426.252610899021,13084,350
3427.050720615896,1562167,350
3427.1820403818974,1545966,350
3427.2060656221784,66472,350
3427.381602595752,243929,350
3427.6423304257823,16581,350
3428.496084694294,116080,350
3428.565319970907,46478,350
3428.8523437837516,121039,350
3429.029714738329,459989,350
3429.0634676804434,124431,350
3429.26429149533,36774,350
3429.281926741442,121043,350
3429.6792470195765,48812,350
3429.708775450558,77479,350
3429.9046891418675,2612782,350
3430.067827106278,635169,350
3431.00657862573,86355,350
3431.199875031265,231235,350
3431.2957267442926,16634,350
3431.6308702140536,150211,350
3431.6660202962958,127041,350
3431.8208953980456,104033,350
3431.922826981239,547387,350
3433.753696347221,135830,350
3433.8168722369196,14074,350
3434.7152648465794,3150519,350
3434.762374175995,181656,350
3434.9076578231006,80562,350
3434.966653719174,4063051,350
3435.3422324247476,573499,350
3435.850963308085,155188,350
3435.9300651849867,21003,350
3436.24352294704,164212,350
3436.596954821251,34327,350
3436.7642955842334,143673,350
3437.0495295044757,1562167,350
3437.2372686319086,231235,350
3437.904958316206,498014,350
3438.00245225859,16634,350
3438.050293766529,142277,350
3438.401524087266,140114,350
3438.6111615797963,66472,350
3439.0045587739883,1562167,350
3439.0570090646324,31286,350
3439.2700298392906,141846,350
3439.2780797372084,166584,350
3439.425936762212,111061,350
3439.5822241991186,695002,350
3439.7673010074564,308717,350
3440.1138615895916,28873,350
3440.1156384469973,15990,350
3441.365812221118,120792,350
3441.6052165484393,110659,350
3442.384779884348,49756,350
3442.5008404498462,17977,350
3442.563532534482,142961,350
3442.6265897278863,22752,350
3443.048792149805,99555,350
3443.1013293238525,13256,350
3443.5341860115263,104524,350
3443.5442869458107,27048,350
3443.886720647864,143673,350
3443.9173918581187,15936,350
3444.2525217163466,22357,350
3444.277529808472,459989,350
3444.3081688153566,587293,350
3444.742101741106,286160,350
3445.2603406148774,42799,350
3445.5037983876473,194356,350
3445.6938654468745,21061,350
3445.9181168318028,617656,350
3446.246663690963,110690,350
3446.3605503276694,102422,350
3446.4638178994664,127041,350
3447.1395156930703,41952,350
3447.5047293958874,28460,350
3447.63025204062,51013,350
3447.6802617477106,254710,350
3448.0375727482574,417340,350
3448.598870393993,28573,350
3448.9686952621064,20427,350
3449.342201669246,41547,350
3449.579206962947,28714,350
3449.587308802645,17592,350
3449.6055415433866,629129,350
3449.6416068225444,116071,350
3449.7263649426245,152652,350
3450.153966170027,181744,350
3450.1912023785435,151102,350
3450.213778763064,2875027,350
3450.292473807668,103881,350
3450.355762522307,1562167,350
3450.5841239592596,45851,350
3450.599441588617,47554,350
3450.74849096916,417340,350
3451.4222757091025,128070,350
3451.7413321250897,1563064,350
3452.700838635734,1435200,350
3453.0840082193613,21061,350
3453.1804361927293,16495,350
3453.623000037186,547387,350
3454.1022185956767,197941,350
3454.413373763267,1545766,350
3454.855163135757,308717,350
3455.6926039748523,62570,350
3455.898638604703,28460,350
3455.9315798722814,40119,350
3456.079333433591,531817,350
3456.115004142249,1545634,350
3457.3342327408536,24037,350
3457.369142943883,357795,350
3457.4491185170777,155254,350
3457.7354726004496,13429,350
3458.1597929201007,140114,350
3458.6120048782736,143290,350
3458.884475308053,124431,350
3458.9382926455546,174741,350
3459.1083804349105,15936,350
3459.8221238600554,46242,350
3460.035351479666,32738,350
3460.03950225714,155579,350
3460.2657970326545,21050,350
3460.274151338159,212646,350
3460.530283782813,262109,350
3461.7751919956427,2875027,350
3461.9839204323516,130160,350
3462.258448966113,21431,350
3462.6639560474196,62334,350
3462.759167142163,27753,350
3462.7905655346285,143012,350
3463.0930361873493,450571,350
3463.2143506297184,2253483,350
3463.474594710677,128517,350
3463.596347165785,31285,350
3464.3111062534763,91088,350
3464.553804602901,112541,350
3464.8306213152136,20386,350
3464.8688655366204,46470,350
3465.03642810198,27293,350
3465.3660964344,66472,350
3465.562732846707,24291,350
3465.655055172139,207682,350
3466.037435717068,427772,350
3466.8999604239434,135830,350
3466.957709231652,23659,350
3467.357583213651,155525,350
3467.362355591145,155525,350
3467.3821682972116,899024,350
3467.8212592865757,400918,350
3467.83421325908,99128,350
3467.849319674387,891285,350
3467.967276647043,34502,350
3468.3650856833538,33622,350
3468.366501470436,148617,350
3468.7927611528157,28873,350
3469.7364279038065,13302,350
3469.8874395008925,22205,350
3470.243831163104,30522,350
3471.1180293895954,672356,350
3471.140126969005,1247478,350
3471.5598012545543,12115,350
3471.6045565557247,151102,350
3471.891189937607,27990,350
3472.089868603162,19987,350
3472.1403868259395,120792,350
3472.1912666278995,89004,350
3472.781004747326,127041,350
3472.866251795113,103881,350
3473.210390946208,97501,350
3473.2406122479647,174741,350
3473.7359027636708,2253483,350
3473.8785630950765,22411,350
3474.247401273333,293350,350
3474.3906145444894,61089,350
3474.4302590503685,142277,350
3475.1350163007237,174815,350
3475.1416639052595,34513,350
3475.8061111570137,21017,350
3476.0522159298166,25735,350
3476.243778628265,66743,350
3476.8759082578126,1562167,350
3477.183620395875,574826,350
3478.4230188413526,21431,350
3479.073964865491,14074,350
3479.475882893048,60529,350
3479.7278317123123,173767,350
3480.379269334301,34024,350
3480.5146015650066,32274,350
3480.5387778215777,92227,350
3480.5693279922807,1545718,350
3481.1323206698726,16581,350
3481.3192233123345,21017,350
3481.6130878752983,1002204,350
3481.6697946129057,40112,350
3481.80962012218,35160,350
3482.7369598955556,151085,350
3482.9546587612585,167856,350
3483.0658511139904,155525,350
3483.086463610239,181744,350
3483.1878317801074,112518,350
3483.462910906796,3364519,350
3483.6894759686293,139122,350
3483.8710746967336,155602,350
3484.4731468014757,165144,350
3484.659859064772,17575,350
3484.716601079581,27293,350
3484.8223515855143,1430037,350
3485.280053169892,24140,350
3485.3005638247155,41999,350
3486.0013333275515,181744,350
3486.185594265268,112518,350
3486.570873454847,121039,350
3488.122657097468,617656,350
3488.3979005828796,323942,350
3488.5585202711004,142277,350
3488.569858673891,61166,350
3488.7400514940277,46473,350
3488.956376664439,18714,350
3489.0780014586703,71877,350
3489.373329835482,617656,350
3489.3948728078067,283699,350
3489.967065857323,233736,350
3490.2285002373856,118927,350
3490.395572776335,104033,350
3490.541786768281,427772,350
3490.8938992842695,201924,350
3491.2001816180555,199475,350
3491.224596584233,2253483,350
3491.585344289143,18694,350
3491.6074748164683,132995,350
3491.7579003597784,822685,350
3491.8824953576627,1729658,350
3492.0929414123107,13429,350
3492.4474630643654,14074,350
3492.7146966778846,30796,350
3492.74280352268,27293,350
3493.2293128203837,1521576,350
3493.708528376991,65594,350
3493.9711474085166,1002204,350
3494.041830906559,2612782,350
3494.104816214258,65594,350
3494.9246533141118,67532,350
3494.9750347245704,61166,350
3495.2439701601406,20427,350
3496.055591526092,202606,350
3496.1551310125105,345995,350
3496.204785421031,113234,350
3496.304980417138,65610,350
3496.826879637376,13429,350
3497.444971809276,1729658,350
3497.5876693555592,383104,350
3497.8131003054,168539,350
3498.563057279317,262109,350
3498.6323440947567,167856,350
3498.8000724512603,27327,350
3499.1724313966834,206823,350
3500.0683691893373,112202,350
3500.8194702635838,18485,350
3501.060374101242,16634,350
3501.188154203966,30316,350
3501.5427103965194,116080,350
3501.5862670388833,822685,350
3503.036692715161,400918,350
3503.127126458369,25507,350
3503.3617547367485,262109,350
3503.3649996484864,110690,350
3503.531235190395,2875027,350
3503.7396689652755,247752,350
3503.860988753954,1915777,350
3504.0677045213633,58480,350
3504.1055866342326,77479,350
3504.3540090372267,150914,350
3504.935763189198,22752,350
3505.0239969516265,26003,350
3505.766454391534,276283,350
3505.8842995393684,110659,350
3506.0115410665344,617656,350
3506.2256136350843,15936,350
3506.405288241874,95541,350
3506.643892056704,28714,350
3507.2146921410817,32274,350
3507.737134748744,147224,350
3507.818574609553,70889,350
3507.976533545954,22411,350
3508.5805835055776,174741,350
3508.5976935258977,22760,350
3508.651087621097,383104,350
3508.674620520639,219434,350
3508.800898058642,152652,350
3508.9339712111428,279386,350
3508.9357318985,1430037,350
3509.2632770842224,4270809,350
3509.9552822849682,36901,350
3510.1267850073637,21431,350
3510.17522679742,141846,350
3510.833605755623,361723,350
3511.377262412809,1131859,350
3511.606535050321,2253483,350
3511.621967207981,383104,350
3511.8339068076525,587293,350
3512.0010857314605,27307,350
3512.3367916820775,74248,350
3513.0504615136297,323980,350
3513.3579860681807,86355,350
3513.947469275035,102411,350
3514.5566533210617,459989,350
3514.9121868260354,288767,350
3515.1696911871986,351856,350
3515.1712232042373,48812,350
3515.361384291504,146374,350
3515.4299722173846,113234,350
3515.5512289570834,91879,350
3515.635281750786,164605,350
3516.1538213138724,292752,350
3516.15637504524,32075,350
3516.4184746114056,1430037,350
3516.4266106228783,66504,350
3517.102103929163,92894,350
3518.3938666104646,173549,350
3518.536639666866,279862,350
3519.5473688426955,127041,350
3519.5528646065113,184026,350
3519.989639125231,1247478,350
3520.379106436863,2253483,350
3521.1111126068945,13084,350
3521.137507379266,36632,350
3521.1471347245315,94274,350
3521.783693835005,66743,350
3521.8836061852244,36632,350
3522.8436036977773,107487,350
3523.566297376673,55163,350
3523.6522579057,112518,350
3524.0432597127306,822685,350
3524.0957800543356,113258,350
3524.1594895504772,195266,350
3525.2351241020992,88158,350
3525.646037674253,27333,350
3526.386154391212,30522,350
3526.501825527079,70889,350
3526.7239769305156,113258,350
3527.053652144113,16495,350
3527.3305867844724,28339,350
3527.8320170594357,34024,350
3527.976234282031,443165,350
3528.7160147144077,34327,350
3528.827920058867,12115,350
3528.9757683753614,19788,350
3529.571745323509,30796,350
3529.741248717999,121043,350
3530.02311840092,167856,350
3530.2850037711605,71877,350
3530.3727223720143,108256,350
3530.4068410074374,54519,350
3530.7644989246915,62334,350
3531.0016041745503,56146,350
3531.4110413701947,353012,350
3531.435744723819,44227,350
3531.6518078159643,42493,350
3531.718677240324,16581,350
3531.9096230298674,60529,350
3532.009296181805,286160,350
3532.0717084255098,301853,350
3532.0848553981646,143290,350
3532.16740447674,20602,350
3532.7542018265854,30017,350
3532.813368268323,27972,350
3533.0702709755706,146374,350
3533.846714685192,150914,350
3534.4807038953304,97294,350
3534.5747350670895,28339,350
3534.6786324847512,27333,350
3534.6962226039036,25507,350
3535.1506589952724,40119,350
3535.764065051901,247752,350
3536.1850968371773,20657,350
3536.3399082969686,36901,350
3536.4225496559657,629129,350
3537.2655901304324,20578,350
3537.365202297816,268311,350
3537.365336359103,150256,350
3537.373276602945,21017,350
3537.6569076779538,116036,350
3539.516164611758,210699,350
3539.986678807869,167856,350
3540.3338907119264,118330,350
3540.8173824240803,18714,350
3540.9818631364533,111061,350
3541.1320514499366,137654,350
3541.3939862663287,217079,350
3541.9407220176417,1214326,350
3542.03227038446,91879,350
3542.080577781185,48364,350
3542.8547793038483,104524,350
3542.9772579120286,241740,350
3543.008628389337,28890,350
3543.281587988698,2461162,350
3543.8516845486056,213110,350
3544.0072417973283,351856,350
3544.5260448512795,450571,350
3544.527681479605,242114,350
3544.552824863711,496383,350
3544.7028969688745,221685,350
3544.840304442409,21050,350
3545.2016773538408,140114,350
3545.756833955525,173767,350
3546.1047520302423,86355,350
3546.2316418159594,134643,350
3546.2738761686196,36774,350
3546.357787038769,39977,350
3546.9685625943307,14372,350
3547.0572526866313,546874,350
3547.982679881182,21050,350
3548.2557788134764,112202,350
3548.7213271549945,40119,350
3548.8363963104825,18694,350
3548.8896461483555,27293,350
3548.895961856663,24140,350
3549.2182018149,547387,350
3549.2388221547176,47554,350
3549.277696004227,450571,350
3549.8580255625934,51013,350
3549.9250648142893,52080,350
3550.0204432718688,128070,350
3550.139152958878,286160,350
3550.274713957109,286160,350
3550.3364194000055,13302,350
3550.539437561605,427772,350
3551.081851794955,47558,350
3552.2820977591837,77479,350
3552.5546889678517,174772,350
3552.965003903653,4270809,350
3553.036291481803,323978,350
3553.0667790918037,323956,350
3553.2632011512987,27327,350
3554.149227007261,144764,350
3554.683624374172,77479,350
3554.7824286850073,83658,350
3554.8670897151787,181656,350
3555.057527924302,99128,350
3555.2455468800204,92227,350
3555.4569219654604,89004,350
3555.6404334322347,23659,350
3555.886992394883,71150,350
3556.5565969086983,77479,350
3556.683840365976,65594,350
3556.771391645559,11840,350
3557.2582965566,104785,350
3557.576521981044,18082,350
3557.6139007452502,672356,350
3557.7298524644316,104033,350
3558.051855025217,24037,350
3558.5975961501817,116063,350
3559.5533059601607,173549,350
3559.7840663709285,35287,350
3559.880105617448,142553,350
3559.977609989038,46580,350
3560.2093339804032,41952,350
3560.529525097662,187384,350
3560.6058042197023,142307,350
3560.866860925711,187384,350
3561.632121064484,77348,350
3561.7115944728916,695002,350
3561.943667061418,891285,350
3562.10572015933,30017,350
3562.479707856576,43146,350
3562.6720141374312,174772,350
3562.93946272198,21214,350
3563.003142450322,20892,350
3563.175740529387,166584,350
3563.21788759593,288767,350
3563.3202571073375,130651,350
3563.383516432062,44227,350
3564.3731368430895,28856,350
3564.43076134998,92223,350
3564.5206871425403,51013,350
3564.562045234267,34502,350
3564.706729302342,116080,350
3564.7724812991746,173745,350
3565.539967669275,48812,350
3565.583995200471,41547,350
3565.8990572330054,629129,350
3566.2419479591285,165144,350
3566.582435262215,319223,350
3566.813093039813,165563,350
3567.5085208200862,188910,350
3567.742585814441,92227,350
3567.9516377206323,143290,350
3568.253697284977,17977,350
3568.370804148889,40119,350
3568.7669556275364,2253483,350
3569.253041359405,16634,350
3569.8198496959903,1002204,350
3570.1191651060763,60529,350
3570.3678232463317,152652,350
3572.2989144566786,166964,350
3572.69953073558,80562,350
3573.693692298805,287670,350
3574.1495131848005,53187,350
3574.9104597220385,34024,350
3575.1777268656874,400918,350
3575.2965057124798,93169,350
3575.305203706489,268311,350
3575.5169896926805,573499,350
3575.540124516384,30169,350
3576.143993034994,249249,350
3576.3048897923004,102411,350
3576.784666915991,41583,350
3576.9304474464225,59374,350
3577.348201976723,155587,350
3578.0085079975984,127041,350
3578.4817150694644,1545766,350
3578.5802175524022,187384,350
3579.0105198883334,539276,350
3579.2980273646226,765830,350
3579.4077237800907,41952,350
3579.5301354404155,49756,350
3579.607378160248,59374,350
3579.993646842043,213110,350
3580.5106878652678,255501,350
3580.809798902103,140625,350
3581.7066364586667,49756,350
3581.781207164111,150316,350
3582.0308551378585,736462,350
3582.0364356483756,40119,350
3582.474716093,199475,350
3582.7196381383637,11840,350
3583.354170859369,21229,350
3583.619495907702,21017,350
3584.0030514262467,21229,350
3584.525179475934,5747480,350
3584.674123916715,276283,350
3584.9600781005856,342342,350
3585.430099178149,802866,350
3585.55846539378,42493,350
3585.7204192439553,19987,350
3585.818478765611,91088,350
3585.986839903064,15936,350
3586.0368403317902,2173451,350
3586.164669057903,279862,350
3586.1929254789306,202091,350
3586.287510387282,56146,350
3586.511706837026,213438,350
3586.6465984979313,28573,350
3586.9691020629075,45233,350
3587.2473510322225,46931,350
3587.479311286843,22586,350
3587.491700241026,635271,350
3588.2106872895065,32122,350
3588.3520157578973,20892,350
3588.6450062675185,174741,350
3589.1003317516593,54519,350
3589.1869121286195,18485,350
3589.239396193426,3150519,350
3589.2479652767493,112567,350
3589.8467193579268,35478,350
3589.915228274536,27753,350
3591.1570381359006,149956,350
3591.267757448695,55541,350
3591.675416649264,33622,350
3591.6881862704745,206100,350
3592.0679487057846,28460,350
3592.1271388589726,202091,350
3592.144489866529,110659,350
3592.175464531264,2067699,350
3592.5405903590795,672356,350
3592.5746320575113,55541,350
3592.6943521314342,18082,350
3593.1541970114354,74248,350
3593.3238418500096,142318,350
3593.33338495532,652448,350
3593.3984156035667,120792,350
3593.485025977189,134643,350
3593.67844202385,427772,350
3594.659675032454,33598,350
3594.8563601082387,143781,350
3595.108674292215,35287,350
3595.2917236874546,80562,350
3595.3433962646172,217079,350
3595.5185480582736,283699,350
3597.632508305871,164212,350
3597.8997020161455,4453551,350
3598.4008334328664,459989,350
3598.626731907915,23771,350
3599.743845875344,121043,350
3599.8014837233522,83658,350
3599.940412828087,157573,350
