arrived_at,num_prefill_tokens,num_decode_tokens
7.826296884696085,59544,20937
28.87620924611462,38988,34911
44.22853840654955,115863,27096
45.42351566611558,153021,15035
46.18784970853047,133677,21702
47.636154636437354,43779,26056
58.68714253250901,168230,12056
117.6068322583052,172829,39054
118.88399767401582,173496,20998
119.9012193961764,77955,9526
136.1698065327129,54910,17489
147.03468390171716,161737,11859
163.95662771482495,166868,34742
186.87087512141903,47015,27057
203.80637333028994,69249,20202
205.85656668285094,36459,26493
207.08559081150122,73990,24266
229.89929043506547,132090,33468
237.44113460204414,173501,38259
249.5140066360435,98582,16140
281.1484656828087,83988,10682
298.2346867368251,157677,24223
339.8455289702712,137659,17435
358.62438724707994,39189,11868
372.97043205678233,63243,32809
381.3431353177151,148178,21818
382.1430665452157,40347,33053
398.4754024989421,102247,19145
422.24365021099266,175810,24275
439.58867191529174,139591,10253
476.23627415977717,90762,23535
500.11950057626217,37039,9988
526.3922285154106,101161,29205
543.6446796694489,136822,17325
568.8645602961518,110965,8739
625.3501404431905,113182,13506
644.2295229963412,149418,9931
649.1528484051573,95348,12238
675.9688220639138,124306,20810
725.7028815914681,150156,10640
729.3421048056827,125288,26004
735.8522518928835,55894,34846
747.1129421835487,164236,17123
771.6234576809006,114049,30371
814.7400331702619,80490,12945
816.4726554942858,59661,15600
837.9617842070088,23162,23891
873.529990929204,67800,16609
880.1537754807714,58188,21728
895.4505476626401,179858,26557
903.1230059969182,52896,30626
942.3315795797353,34153,22963
988.2901008542418,166609,20857
998.442370969,123316,11392
1011.5795561752819,124973,10039
1015.8090327775251,74726,22438
1019.3510136418432,109143,27684
1020.4311764065076,20061,26572
1023.7113402769876,46598,39095
1032.7502117473425,26684,10304
1074.2325072098683,118626,12867
1094.357339994595,111066,27735
1103.4136145757452,52202,11779
1141.2147710553838,142156,23741
1154.441333685915,42514,12722
1156.5972168828107,109819,32259
1162.748298380605,62320,24919
1163.215630504544,158479,19853
1166.3862281699962,162389,37954
1166.934525535518,158440,17767
1243.7297284635483,43857,30812
1281.0741693680309,155894,20016
1328.8497876745612,113243,33294
1333.8907524936646,161968,33528
1347.8618690417902,78469,28094
1381.2362078108997,71156,34413
1386.7088373908919,125037,32244
1419.2329988209967,72407,24961
1432.8092803775694,27596,8915
1464.0331084533618,143794,16492
1468.33773085019,178633,39343
1476.778187249222,111624,39293
1550.1714753633403,41112,15224
1552.3266798259483,143228,14445
1560.5685447362998,146524,28449
1644.8974287942435,179976,35539
1644.9356315238383,110179,34202
1665.5434792743538,51432,37811
1675.3814548394207,72250,23664
1719.347939267166,133750,33858
1739.5513002225248,42740,34241
1797.988057854498,123766,23176
1808.2508510985335,42261,31750
1811.710700476691,53302,8902
1814.9881727130983,141989,34427
1836.3222020742498,176203,23543
1857.7383487233626,111857,13108
1873.649037537294,54336,8701
1873.9359443836972,46941,25255
1901.6215704372166,56503,22215
1987.7962332293657,71067,35071
2029.2109207970766,27338,16252
2033.9958660626996,151376,15881
2062.847217023232,105456,16498
2078.567944572439,54360,9995
2126.7306473970257,112742,37415
2138.9863742904886,172921,34707
2185.9164398354137,130265,35103
2235.8692476949104,151504,12284
2251.04750851692,157234,24729
2251.425148845959,135376,33444
2255.470113762092,21030,33429
2287.5760886238536,65179,12638
2300.4058991013376,51545,26234
2301.680788622211,155882,25390
2317.894277970279,47815,36941
2334.327354160867,85141,14268
2340.811981389188,45623,24636
2352.848002949665,27304,32903
2397.7366056431015,36611,22524
2405.6156475225553,152527,27861
2419.971063802992,92662,22822
2434.162943806395,145314,24638
2490.9378997882445,157156,36722
2532.683607317871,88050,38237
2549.081130855555,73107,35525
2560.9481893947145,129218,11985
2570.911787065897,102832,10377
2593.155189533287,132286,10396
2597.937848586907,99371,33688
2600.547993980716,60487,38785
2625.732059029383,115992,12685
2631.568748329239,55980,39704
2644.1810553315354,44674,21050
2687.4258485776163,62675,29883
2723.1546815940033,62327,31144
2734.450528488245,155162,21232
2742.7340717805023,71313,19685
2750.4040027062274,115932,8638
2758.653183458053,140237,22432
2782.94384247576,120753,18862
2797.5165881326366,97451,24785
2862.2852612744255,49582,38098
2893.342921296945,47467,10754
2899.515977138734,30377,37684
2929.7075961163323,90895,32765
2932.4826230443496,130691,35839
2980.9582104923047,87792,21302
2984.1937227830144,154947,26697
2997.8423010562756,105733,10931
3004.3863521576527,68062,21936
3049.5166507546023,90496,38747
3049.8561504829586,43217,34267
3055.8931737249154,179430,36056
3060.9242397390963,89324,36271
3063.5190698860774,23026,19113
3166.8855308973243,129513,38365
3216.2882649788216,53875,9415
3231.257870152639,82504,38740
3233.5762236474097,62322,16581
3234.610085179723,72892,38547
3242.089193190245,99955,25402
3270.589751865033,96011,22604
3284.4562397847403,66635,16864
3292.9798340844795,24761,16206
3293.732819566813,24832,32021
3307.823210860437,69664,24850
3320.701234733649,137192,11482
3342.1788665887498,133292,29512
3355.8428658981356,123045,39795
3369.9750517753882,76408,15522
3378.367487390056,56626,21261
3469.377466727517,34257,35426
3472.158537960708,38539,28494
3499.1685280111496,87002,22114
3502.7330436167763,42147,29798
3539.5439279982147,152629,29972
3610.3048871630067,176966,15936
3633.9025607769877,31858,23055
3638.002544696449,90526,22608
3638.0751305080703,115457,39515
3646.0526528189157,163412,18601
3651.6587463734754,101146,15139
3660.4780197258724,20280,18988
3670.091275877029,144424,17139
3684.065086463425,72685,16132
3698.118358411152,21297,10977
3704.253445994896,43528,12714
3714.453670780535,30922,20909
3714.9086907682617,99755,28633
3720.2090952678245,173507,39379
3735.2750893469292,60698,29546
3779.936488409381,176384,20763
3808.8413605508485,149549,12897
3815.5277957613903,57945,9434
3850.3708613085405,154474,28556
3861.586755550066,152524,12564
3909.720717297381,152217,26627
3945.7493503972914,24215,35079
3968.9466661308993,80277,10788
3969.5797929833047,54889,28877
3978.52765590323,47503,20341
4014.6636399016584,166414,9663
4034.4283512663696,159314,30304
4040.037441131223,89151,8108
4052.24846444243,38379,32519
4106.162395957154,160299,11012
4127.6974250642825,37314,32436
4154.3933597856785,86111,34516
4155.940702256649,89614,15693
4182.07817277032,73796,15560
4209.006464798702,140675,24185
4246.361734220833,40116,23696
4294.624618667059,95318,33132
4295.582127566219,71980,10538
4313.893211256118,106972,16321
4334.977524306835,99801,28353
4351.753088657331,23268,23807
4353.004665808019,90457,39867
4375.299595479676,77067,30141
4388.751367165105,155406,17356
4401.248538164261,142248,33138
4403.771208657939,163937,14529
4411.241082207675,42506,38679
4424.050096042185,95913,23039
4425.641011239948,152807,39722
4530.102085467187,90426,20676
4534.812411549144,75236,10444
4552.232658834772,57156,32493
4567.082168552101,114254,12345
4585.5769822159955,153364,17160
4629.15994976072,115731,15581
4642.938589434827,147438,20913
4643.441549023268,20941,39128
4656.97506503498,138164,21284
4664.164385779778,56885,21637
4672.595060569518,102857,11961
4709.275589920789,20456,18634
4737.060286816647,124401,11933
4793.288882484233,71312,31364
4793.524699634258,95977,16297
4802.836073177606,122996,20784
4937.220232454555,174449,10503
4946.168153172515,132211,32761
4952.604108944661,32653,17195
4954.749352241326,94874,28806
5009.599045129272,85358,39818
5015.776560473339,153945,18341
5019.987254216371,117871,33727
5082.5338288911,27605,34606
5111.21458165979,124868,37931
5152.919970931148,165267,25997
5157.468922282043,41122,9621
5211.669571216247,127711,22773
5230.755346852207,56325,29118
5271.479746203556,147290,9604
5320.066591499678,164207,12171
5323.81157231499,128754,19261
5330.430213656454,87041,32216
5357.275401790704,88201,21310
5378.617402482412,98862,23832
5394.9156417501945,123381,11923
5398.578058499076,62377,10463
5403.238717338264,150305,26035
5408.208592027037,107250,32879
5420.163893678667,56594,25949
5424.437837254943,43780,13724
5432.807483579031,43879,18462
5438.273248972426,87726,34521
5455.134878849173,25264,32564
5496.034212650754,120358,21562
5523.43008139028,75051,20349
5529.730868529502,36268,24323
5536.232078226041,114409,12124
5559.447354957738,158733,28631
5590.690036221422,76613,11034
5597.012240037757,85130,20601
5607.220658709229,136879,22150
5668.778418898593,25717,12169
5669.433914220654,144064,39728
5687.128616523184,20046,10396
5697.064477233913,158375,36031
5709.692406323755,137689,16141
5740.25944604606,78667,13058
5743.558548381981,48544,38850
5778.463168576573,139885,10785
5794.500141320862,30366,8044
5824.99276057249,80968,26657
5875.487370797786,99634,39537
5878.225927551615,86006,25309
5898.453956539152,49394,11258
5899.912939749735,157477,38917
5917.4010925084385,121733,16548
5922.4624040141525,177564,8037
5922.672738964709,99041,23095
5929.204070376317,102931,29121
5965.782235451042,83532,23574
5980.724915658381,163393,16095
5981.319277589686,127953,31090
6002.2957289298165,34498,8713
6006.612019050149,130104,10657
6012.560099194263,131233,38315
6021.80773126034,149222,9117
6045.610627349104,130246,19872
6068.560377505132,71925,8221
6100.457691314838,152350,10209
6105.051454402516,72537,18214
6134.087928291059,70838,15563
6146.60196382169,89473,32919
6190.62671390226,48575,39192
6210.168612702582,179933,14137
6255.52768385722,147153,21665
6303.774790141837,34789,39089
6321.842387116918,123143,9781
6326.631633614576,176271,12650
6337.367666709025,35764,14032
6347.362798825622,102365,32009
6349.765640234967,40804,38526
6353.387296493903,69986,14078
6374.525281445364,157572,32455
6387.133079899809,101743,29772
6412.98022357712,118011,18869
6424.663752647425,48562,8094
6426.293204194576,41171,19516
6437.194064531191,52429,26387
6503.830037223305,74369,20456
6512.650718855371,100923,34935
6545.237026826498,43005,9614
6569.67002185853,71305,20213
6585.267188229242,137007,14325
6593.0780044350895,144396,8992
6613.053096956693,85015,34601
6632.691470146252,126108,9332
6642.109716105306,141648,10050
6674.635099443002,36253,16421
6678.971904912332,36476,37443
6697.58052406477,115151,16923
6705.739014068838,31425,16590
6733.181943607108,102964,38285
6739.631011992067,20988,31644
6767.814279287486,37126,8794
6802.790385629071,48117,23570
6827.935831130159,142091,39257
6857.889887269411,85810,37935
6869.130093259146,149361,12348
6921.779512180744,67956,8285
6954.226766095561,99512,34960
6977.787016299491,59666,27898
6983.1744971015905,103767,23098
6992.158399914569,176163,10589
7006.502475811903,122677,32670
7009.988052743386,126890,10121
7030.958569052424,146272,26107
7046.690881466928,62124,21977
7089.683806083244,38917,16679
7109.27915300412,74615,11159
7120.210291188182,137168,13675
7125.546879325267,129272,23103
7144.914758296979,81586,32509
7160.383022190195,51762,33550
7197.143846487682,97013,17155
7213.878849803791,117772,16324
7240.6722131253955,72216,22398
7246.35741517742,84314,15716
7249.6861163301655,171592,14168
7257.586649479708,123827,16246
7355.30743093623,152992,25246
7360.570627105224,46356,29408
7373.039904119856,29705,11353
7373.1299485186455,80585,35543
7385.024862638634,118009,9322
7426.917133005145,81051,11906
7427.9512355648185,177415,39882
7463.147737020149,70898,38479
7464.709488764914,154393,36381
7468.6239236170695,178083,16517
7498.456861927911,21661,11466
7518.749121925593,111671,15131
7519.512600978193,109133,12632
7520.416032474927,86824,9252
7538.713036336915,73331,34697
7538.941937985802,105786,21401
7561.625882153846,68534,28349
7569.11090171954,73322,9031
7600.833257573539,163666,23843
7602.140484440067,46578,34078
7612.200831949326,164215,13064
7632.588460999011,43895,29399
7636.163563120728,91084,21427
7725.02244557454,100634,21691
7786.255117133467,101883,32423
7802.973312494211,113633,21568
7813.745657047246,115363,29118
7818.138689904104,126161,14673
7875.080594444441,133813,37544
7878.486087557572,49763,34881
7880.383029730241,171465,36928
7889.457042550011,62610,12259
7889.755952636115,164584,12669
7910.226050370155,123997,10917
7927.239130429784,117214,32158
7941.281398090278,58243,19401
7947.943217470812,156618,13629
7999.882284144623,48519,20574
8013.369171468126,71731,17883
8016.077557329456,31402,39966
8064.868262487686,102451,9748
8083.580012637497,121684,10827
8130.4942172108695,62015,28982
8161.31350743285,78215,28350
8171.680066427353,71409,35170
8184.489461142934,168223,15147
8185.341611596295,155762,13127
8195.018028523786,52258,12897
8200.693393964315,70487,9346
8243.753005363942,29995,29885
8280.18141738531,50862,20774
8298.483234938187,164192,35820
8318.209046707647,100272,29267
8329.106068471203,172731,16167
8340.199523459347,116324,22640
8354.206117641495,66861,8765
8354.276402909103,148319,23246
8359.64055297685,140137,35411
8363.599063155425,144051,21118
8365.864140923655,53673,19749
8377.127548118924,44042,34289
8388.794296473625,153735,29531
8389.626717555877,54149,10694
8440.67997866361,102241,33481
8466.167416786871,40963,9778
8494.058696579246,119054,29389
8554.323582582178,55700,8847
8593.231603728067,48727,14347
8596.054063105576,148940,17433
8658.81809333853,63282,30483
8689.877498520817,77967,10146
8725.677049590544,86118,13202
8733.50353114059,92087,37657
8767.319381644824,57636,16328
8781.271239939771,145857,14826
8799.195501150207,152646,15779
8806.881637296954,29655,14518
8810.9018529453,62265,28859
8866.00587182488,105937,37340
8875.464937925592,89295,11770
8904.708216798843,32732,28850
8943.7875225256,138761,26192
8958.527519166153,47422,16258
9057.635149929207,123351,32180
9089.592314812367,89403,20312
9182.717895310185,171351,12790
9191.651494670301,41334,22492
9196.880018608257,32659,17711
9231.156474147821,86493,18160
9251.547201812087,173582,38423
9273.34214764919,101959,32020
9273.377999136823,28858,15262
9276.613436408667,133307,21686
9290.990039468215,32524,12326
9304.394068663454,31949,8730
9305.512633906259,168667,19631
9312.75324139759,157124,19703
9328.029489424007,128327,27123
9335.196015070173,55055,14690
9344.317541374212,144492,13197
9347.212247194027,83855,31182
9350.446469504073,45114,10086
9370.780301760706,90716,21171
9404.160931588289,23013,9839
9424.870716166797,167411,37251
9433.496614160153,171643,22540
9451.916724055476,155681,32036
9465.495758802084,63279,37606
9465.503751898417,36129,25417
9466.014728900313,68669,15787
9469.483153441395,47503,8404
9488.451147872245,71710,12661
9499.111831796577,155858,27925
9519.69506872203,128853,34652
9538.691173582363,153320,18137
9540.008995668417,32711,37142
9565.778275599472,145285,31442
9581.239681674148,118345,35670
9592.716675179245,141966,10637
9619.793601683015,138616,13747
9624.915936906891,47598,16566
9630.202975558328,30175,12039
9638.37786686437,89022,31320
9639.457127827323,165172,30257
9650.913018052252,157165,39846
9657.078776370121,76884,10799
9699.491582127488,23991,13563
9705.52365003153,81894,35581
9732.76572959991,61729,32449
9782.05802537301,70315,36841
9791.901609066888,177609,15837
9801.44455668102,160602,23384
9814.223060007704,159098,30859
9814.351103247029,26951,22326
9876.684954845203,81296,26688
9919.89949759553,75565,20830
9939.38966011121,40395,26520
9987.72484221618,57904,9078
9988.270263165095,47965,28380
10041.157363927932,110403,12647
10065.286201998499,28092,9364
10068.26553593171,31179,30839
10069.670287966204,32239,10154
10108.498410976665,115264,14531
10142.525267781122,159957,37205
10164.34788204424,120622,11509
10170.01046174157,73257,11669
10170.699405215571,42929,35035
10198.539733297011,95331,23634
10200.644212468886,45653,33951
10228.968062074891,73737,17648
10236.65600064356,131087,16557
10237.078807687403,87292,38477
10243.721052973307,116475,37829
10251.458675970844,177812,24506
10264.387107593031,95405,28259
10291.768372742748,128244,9023
10303.238342336515,45768,19363
10315.896010679242,32613,25625
10332.594715714415,43826,26826
10366.869712228076,64661,22288
10366.895710264831,72962,17448
10395.620619874378,34146,8142
10404.168812755299,45084,24104
10427.93132315737,68370,39691
10441.578699347858,111012,39365
10477.234992025371,88308,26940
10534.836649819259,94378,34713
10539.670804415704,80693,24328
10543.296231258559,41202,24065
10574.311506844713,167129,33786
10576.520261309173,105627,19652
10578.519949378287,123441,37223
10622.73966538753,42589,21832
10666.605095083682,26599,20188
10671.221473289424,88995,22026
10717.517801925544,151383,13606
10727.056115866499,81230,38930
10739.413497018539,159341,27467
10767.500682542528,178688,29177
10768.190112216676,172457,18704
10782.941800530061,138045,29695
10799.07869130888,104760,13555
10811.519688202518,87426,26978
10816.773610551543,107570,23139
10837.3572530033,82374,24636
10841.610570520636,99038,32731
10865.902225894222,60525,31702
10869.293943202525,84901,31696
10877.201147096612,156886,19423
10880.710235397337,106002,39319
10884.906723607879,46687,13393
10950.51414936018,46643,14403
10960.211878615513,58880,34046
10967.405619292715,97962,22251
10973.804781885343,48646,28905
11022.27781509774,93611,14764
11065.577474741216,141612,9111
11065.831426231649,134433,30722
11070.863628739784,97650,23180
11071.310939742087,87426,27782
11098.117513790503,21446,32279
11103.66645293466,132729,30975
11120.731740327623,130403,35721
11125.921787655901,173029,35932
11131.112911890768,67580,29021
11133.76561622264,133384,18256
11139.782531807277,45655,37318
11150.662611643733,124892,31368
11175.60268828995,61014,16193
11213.47075389396,146548,22915
11213.867815609829,127307,24982
11236.361500572752,67988,37310
11257.616156971228,22787,20737
11293.276682126072,47886,9249
11299.062966366359,77116,13270
11324.253809753696,72379,25013
11332.814389813562,170617,22967
11348.390030179822,144711,24783
11348.714781631208,116970,25094
11357.111696563315,139776,14884
11449.778920343853,68182,20861
11464.201299546603,52085,31891
11547.498801715323,113185,28891
11548.664487944934,91921,20512
11558.870475733538,23488,10463
11569.716199509427,130243,28596
11593.679508185187,112307,27011
11599.841489324901,78832,17944
11626.896408274244,158169,39834
11631.837787933868,122750,23142
11636.603255994823,53895,38455
11666.579755875477,70638,23373
11687.135337903172,79241,34694
11753.544766834624,112571,29824
11773.91104133868,128340,23338
11885.046231002781,163725,29286
11887.72065531276,143050,19624
11918.3325861964,80412,16762
11942.694042592586,86466,21962
11965.409027635085,146240,8088
11998.148968841968,93717,19730
12003.7688512989,99120,18496
12016.830082736265,132326,28426
12037.11373313736,115009,13005
12089.938264431024,120954,9869
12091.72100839162,168003,37681
12099.572999388396,56805,25388
12135.168984921336,172687,8491
12156.587169937633,74984,39187
12158.081632068577,96806,16192
12176.82173755787,171646,12677
12215.328538704794,68670,33437
12227.356670587647,60022,14833
12274.243002026798,160121,13502
12293.050233447557,179479,33601
12294.945367804845,163786,33823
12315.190128735587,97868,14467
12328.832753772811,75863,25393
12330.470300552388,134972,29994
12373.327722894079,165506,11880
12379.47166336655,81387,35100
12382.47273791387,149257,26258
12383.677389427074,142445,37670
12386.796922556236,148810,16079
12400.587025353701,161437,27647
12440.324665604508,21731,13254
12477.07246480375,142673,30802
12493.609189941559,97808,35543
12506.147460997756,131624,21723
12704.381340501699,39764,13915
12724.650643836601,27478,8673
12743.466172364753,106627,34496
12823.497075763093,153857,23865
12836.75624747579,57877,9110
12841.555985118015,128944,28489
12844.270125225834,44763,36235
12865.78896200893,109472,23549
12895.937782321387,165260,33250
12944.62178622601,94488,22260
12952.991435690115,85948,26154
12954.074652879377,95798,17597
12962.850288355945,149428,21229
12970.971249194909,91223,36605
12985.092817087287,73354,29448
12998.645892584993,50914,18842
13002.917400932281,98438,12180
13020.576994339146,42957,33697
13133.653782082589,124563,31680
13149.815700022287,126438,25871
13166.884087168812,124459,17843
13169.181095455011,32162,14223
13203.696173592496,144532,27945
13232.743481426856,35767,33854
13246.640165246263,162514,28045
13256.073680525256,58548,28539
13278.472463652992,176318,36715
13301.322446901375,75705,9293
13323.314833372444,140030,28489
13352.081308332748,46571,29745
13356.082014588785,29693,21814
13385.873814929537,23519,20087
13426.976143064765,56358,33773
13434.378466403701,87633,36260
13441.570346899836,130568,9122
13449.23885503591,132898,26557
13469.77016895294,34317,24310
13486.533969402155,30323,35025
13489.064447824578,130381,26852
13512.860070250295,126076,22629
13514.251763472083,121487,27459
13532.180095401738,60709,23579
13561.563760341269,163866,11343
13563.295075013759,143782,14955
13608.518618069633,24071,21991
13608.61451320483,51895,39665
13647.718960449474,77211,36493
13650.306275567473,143818,8582
13656.750252489854,169157,15938
13668.735255349593,69128,38238
13669.764041602226,57958,31911
13698.252159059522,96845,28598
13714.55795472771,150573,23092
13736.703424196377,86597,37934
13803.36415361935,28380,8373
13804.613387800335,40887,20745
13812.065485141431,177317,13439
13875.324471209376,147488,27954
13876.55727814524,116355,39088
13893.668870178253,135008,23394
13916.263466869694,57986,39665
13948.190027722827,115227,39257
13968.896510186863,129566,23629
13978.64316803853,138687,38963
13984.991723909208,168587,18940
13991.908919331583,35895,28376
14064.864587464655,177260,18880
14105.601151910068,24063,35239
14108.877911095478,100897,27158
14120.06989217075,84516,20342
14129.869341843014,118618,27719
14159.388949378137,81434,34459
14171.39190537793,20441,18535
14177.496462187288,130755,13153
14195.165336073798,31087,17454
14230.988246922834,169922,12816
14237.38818411302,163615,30434
14267.403903551218,151065,19365
14282.69923267247,161552,26142
14295.961778030829,120070,14567
14326.95595004464,81350,18140
14345.629683595676,123676,23247
14370.272968262749,86777,27214
14398.089747796357,120918,23064
14413.644769287312,160549,34429
14422.418128184749,36418,15630
14432.574283373873,156587,37390
14438.583998067234,156802,18518
14451.531657540068,174488,14614
14455.72513660983,70413,11020
14459.711071677293,95968,19889
14476.95972231684,114081,21188
14507.20944529844,59061,16070
14508.121832858866,149307,20256
14548.375713785364,117430,28733
14560.827022670643,41427,13116
14568.416814868007,27958,19302
14575.002126372192,179157,8674
14576.978317050673,73646,36533
14617.188942915867,147484,27225
14633.937792306333,88576,38326
14664.146917219283,131660,11182
14722.708233453888,175482,34831
14741.47501412103,54315,16322
14778.600552444852,108825,14586
14883.080867064878,119143,10741
14883.638967613833,29125,26264
14892.868038958406,140135,23952
14951.694839577434,36825,36277
14969.924295834948,124175,38217
14972.479055050211,43581,16427
14980.154416596588,81134,28992
14982.035867038101,152776,20881
14986.070120957793,61871,20154
15053.562294078241,78123,13640
15054.350247385059,87072,38840
15063.027876111035,164922,37641
15063.591462954417,32331,16450
15094.461960847972,146726,9827
15096.592668749565,103278,32738
15096.708554138024,72153,30180
15124.292812743153,174608,27381
15135.934954791583,47635,23424
15143.763785162138,87373,20781
15146.414846954343,146173,20440
15150.1071827557,82510,34461
15153.197014706204,23306,23332
15178.459210891555,71145,34176
15179.192751652274,77816,10548
15233.547723207885,117804,37121
15261.200805580416,137242,39390
15263.24118159375,120946,35598
15263.680698484133,39701,22822
15335.415293410562,104558,34970
15340.743671161677,50306,28584
15349.858809663223,107026,15263
15376.499694356457,67248,31387
15388.506594640703,57935,22384
15429.422574768461,89834,21705
15440.035716595074,60812,8832
15446.360286955114,97739,18961
15478.96784237768,88333,24089
15481.281398777826,139586,37595
15494.453852177183,60204,24824
15495.624513080036,75353,26348
15508.605410118098,95034,11905
15514.567955912406,72853,39807
15523.627895666314,88556,15820
15575.45452287247,45576,20784
15582.2882404433,62518,9883
15618.002578670918,96945,12730
15694.919028015136,24201,22487
15727.822721103255,109366,24737
15730.84251470108,20504,33872
15766.5474992495,158041,17384
15770.658990793507,134098,9328
15819.263128047776,77216,17071
15836.204945210882,56195,35635
15840.177131910848,80403,31318
15844.039787523565,177457,10597
15879.358217282646,179529,31948
15893.041186476863,91798,13744
15897.655426678853,70378,27101
15905.020095500713,22630,10152
15928.58898944061,156200,21373
15965.374537825988,34515,24988
15998.657399814398,107875,17232
16035.548947183775,149241,10959
16035.860260329788,144941,12367
16076.976896791044,89798,16137
16081.094076912872,116233,9201
16084.664367097826,117298,26838
16102.736549235007,21216,19670
16117.40855875778,136855,39743
16131.906493892528,51659,19688
16156.98306095452,104142,33530
16181.82253920643,119978,26884
16209.653985321773,36045,17553
16250.89440401049,149709,22628
16265.297129379986,159070,34361
16280.71201641354,25423,15980
16349.197008993018,78641,28285
16353.224499200756,46915,18220
16358.990359868005,27883,8637
16361.01930996581,71140,16566
16361.376222760444,177128,28867
16378.559433065324,157078,15810
16402.816027449197,46965,19491
16443.547672908284,66916,9480
16449.924608531754,141856,24174
16467.557664936736,93301,11605
16470.16069018434,126338,36981
16473.106450567084,175139,15452
16512.585066529027,58592,29914
16529.59706578556,123969,13384
16588.802205631877,24851,38722
16608.958897150584,130227,27563
16645.575894540572,157786,9186
16655.647383212425,33622,33457
16664.675094331793,125042,15876
16701.148578592398,134185,35624
16780.648806677767,104051,34707
16790.885063906637,167083,9754
16798.74235337616,58437,39387
16821.541289890883,112646,16168
16862.422255678895,23028,19941
16864.73104454372,69150,10269
16872.572653670253,72634,24540
16894.693875043085,79107,12568
16905.613536662793,124084,33446
17025.48705883524,138942,28749
17026.444869306353,30555,9126
17066.58455896661,89670,38078
17089.275914434675,91678,28586
17104.904750294725,29379,28357
17107.023168170803,51902,25049
17107.298398030784,82036,39157
17108.10273488221,49633,18007
17116.6432606795,63772,11944
17117.88798870477,154684,37537
17124.138731025538,142268,27341
17139.402893108017,58904,22417
17142.048851600743,54437,37005
17149.000309001232,126573,26918
17155.802485946704,83806,32114
17157.64144164216,163213,17409
17194.26149880787,179895,30768
17211.149238375645,121358,14592
17227.056120271536,116158,23102
17271.533336219287,99613,28080
17284.52956809217,101396,9014
17290.07772069956,78086,14186
17304.444948764896,120446,39772
17322.067442114596,23113,38283
17330.76489519531,82532,18615
17347.032954458995,148819,16844
17353.73737435113,76660,17683
17354.909193406093,25711,13195
17370.929567195686,178839,36549
17379.48362546282,36257,24940
17389.300399245603,135316,19603
17415.89210285972,48637,25069
17420.994259499694,60506,21656
17429.214341159244,112393,12598
17451.714121654415,92547,34908
17488.236946507703,44917,32207
17527.032334118485,144580,16804
17557.769308612325,53363,21534
17598.70120396178,21133,21448
17627.722331373854,173573,11848
17641.50078126461,169935,12903
17652.32338998934,93219,36598
17671.748868134015,49104,20437
17709.91724888816,140036,17439
17735.59639448664,96786,19565
17745.504774574925,165582,27510
17755.21121059223,104408,8221
17786.14779172303,150953,20473
17797.888643157738,68289,25592
17805.13769575846,58008,22275
17822.27139551676,172458,15600
17824.11216038429,106528,18612
17893.55525283281,179405,35464
17899.11392425448,105411,14694
17970.711264006943,22802,8838
17971.6833513261,168094,37356
17985.440071265773,160625,33345
17992.93157279821,134598,24955
18027.868391914886,132736,20763
18040.350086992345,30672,27487
18062.9043035219,138768,39060
18063.1129796958,37896,25211
18068.32136827917,127352,20268
18082.22069736415,167151,38422
18099.28958795707,69339,39603
18110.226428332368,125287,22423
18139.38894419972,173984,19248
18162.9146787983,44180,13594
18171.92550425511,116117,10460
18206.902873152027,154373,13753
18209.245052391587,97311,30606
18217.657290356176,153399,37102
18288.682218204343,60999,25172
18295.529950647113,154114,14809
18309.58935144683,69311,21508
18313.61723530644,168098,27763
18315.872105810296,169387,28687
18336.112306714,31092,30666
18346.71307449673,20728,18051
18371.514597677306,164947,8128
18421.30062814644,124219,35595
18423.374470620376,24047,29892
18423.974009494053,65926,24313
18453.277841301075,168642,16716
18494.25814665982,159326,24853
18611.186337109153,170593,14505
18621.776330735007,51850,12762
18625.18666086501,153559,11494
18625.775940559226,39957,13588
18684.84330004275,148562,34972
18697.4474088659,132884,34430
18729.665986188207,23274,30431
18759.110088986283,104625,12716
18784.24755778708,112758,17025
18787.960048896548,89890,28601
18790.055167768365,172635,10065
18798.636811241046,137922,28447
18808.380835566262,34333,15210
18852.624885265166,172741,33036
18916.80974115188,135249,9788
18936.170794695092,85360,15303
18937.070297653452,173877,36007
18940.88215933659,21615,37454
18981.22828215568,139391,17950
18992.066918632725,86051,39458
19035.64478101333,37701,15960
19058.26429110997,173307,15254
19068.935771268,124490,36682
19093.81599154654,25878,33977
19134.347296368804,42928,13684
19138.072064077474,119355,14112
19138.225282065294,96205,20977
19154.7147434634,50116,18977
19169.975430573882,121082,19006
19180.29876352303,37156,39497
19182.930325062858,112077,26148
19188.549381344375,70120,23303
19195.21934675284,82173,22272
19195.930145911196,26628,19187
19228.61203637058,83386,31129
19231.39417670961,71457,16836
19247.137454571595,53500,26185
19258.852342257407,82962,13217
19268.0270383819,76747,31673
19278.416028863874,172238,14817
19285.471213576115,144768,24542
19290.04553179949,138670,30128
19292.85250575597,88356,27528
19338.827824635195,174026,20058
19354.127610156906,125945,27929
19368.402524105717,52903,36586
19396.183090489627,154487,10997
19411.826717248117,90886,32115
19441.37249574829,120877,8940
19462.80342189387,168814,12753
19470.247576993464,122219,31288
19472.046879978236,66411,33432
19510.12339617161,104157,14170
19531.861941004187,48563,10230
19548.37224202319,114760,34384
19562.249813121638,97845,14318
19563.613484094127,101598,10881
19568.748132550798,53064,34765
19593.972551795152,94020,19662
19604.30198746914,141756,33395
19624.08109860485,54647,38695
19630.554774568052,27752,20012
19653.320013852812,112125,37391
19663.96000020518,141263,16140
19858.222318119148,124995,19538
19905.52123211073,45610,13952
19912.412672623825,91011,37906
19931.18937029109,77459,31350
19953.81736278468,126079,9310
19972.574273225873,132906,14490
20000.864832226347,60944,20476
20027.67775726976,164793,18188
20047.533396584917,67099,26499
20084.11830900725,169465,24314
20109.338638261037,86770,38333
20120.754833832103,170804,19437
20175.630887357867,49326,35337
20204.484260082354,95061,37526
20205.362457277362,173386,27902
20229.17729428587,84082,30317
20231.534669699464,103506,14885
20261.5571579835,110613,32560
20310.543133024104,129375,30763
20337.789456227336,77881,17213
20352.776384335917,111497,39010
20412.53642090831,136013,38481
20420.855808274046,151878,32202
20444.177431923705,138693,24667
20445.29404239317,73993,22036
20467.65734846106,53461,24040
20496.360513579777,31453,39204
20520.62346341898,166571,16558
20524.459529076008,62911,39765
20554.82041437119,81866,25823
20560.850000017355,35566,13506
20569.707913340753,127908,11032
20574.20608861271,101409,12495
20577.142549065265,147518,29965
20590.32821299247,83363,8192
20604.816080657936,136662,12361
20659.744681055083,112133,30873
20666.860252663693,57195,27252
20683.42898744277,107443,28624
20717.219475290764,163723,21914
20745.804936000957,64357,30184
20767.76912730181,176941,23111
20804.35660320647,126456,35235
20808.978237282496,95848,8405
20817.919010103516,74115,9422
20819.163579914162,93631,17958
20823.554408288426,100980,22680
20889.429038015674,62288,18632
20901.20739402938,169208,19893
20908.043282340645,166153,10353
20908.976315139684,142817,32590
20922.26847615344,106959,32215
20938.85484394158,48521,29138
20952.27771760225,133833,24002
20956.487413180384,162363,18545
20956.65414892283,43846,29119
20963.39084195142,85906,29399
20969.037794638196,56346,32492
20969.59896458249,123618,35511
20972.735251454673,116439,14086
21038.150492805482,157739,35712
21083.34152118508,64160,11348
21114.048268350663,101356,32324
21133.231976632378,119451,14047
21154.07501085621,113387,18490
21159.308174366484,55741,26059
21209.751036740483,86466,15843
21210.940136999965,48111,26575
21243.409314607972,125702,37661
21244.446699515127,76738,24199
21255.444266770744,61283,17816
21273.901770057524,41032,12649
21297.19578619325,62896,12531
21308.90635199693,125220,10938
21386.207552359476,135212,23709
21390.442087688607,117645,8091
21391.092990949368,154031,21940
21394.183122258775,38872,29680
21395.320842775494,130417,37183
21403.590846394596,135000,8288
21425.529370654778,66211,37622
21451.331005127264,119306,17690
21451.41505228304,167684,30126
21459.97241079312,71227,23362
21461.749949459678,104854,24933
21474.091272065623,160167,37776
21493.74647204175,60465,39928
21504.008602704675,179665,28311
21505.707534724974,35730,31683
21528.27532815353,179684,29575
21535.324396737084,169717,21799
21596.395956784483,146021,29512
21617.241981778167,98462,36352
21625.655854992405,27298,35790
21629.841767563077,137268,30654
21631.622907686586,171800,20190
21647.811010782152,129150,19796
21662.910546352698,168062,22462
21673.00553283739,49950,15446
21676.98679083191,73168,25960
21704.700390822603,78001,36251
21741.019904007357,44894,14145
21756.15340231402,85940,31235
21769.591969830813,165233,23012
21774.72996840354,170131,30830
21777.128575760424,154528,37794
21794.885356820418,41031,35903
21805.371217915756,39260,34225
21816.95071559985,151892,26040
21831.105167226564,50045,28532
21924.568908151316,155045,11345
21936.892167063805,122750,25835
21940.649026965246,70238,26449
21953.540301721125,44409,12482
21962.888097596137,35087,21249
21968.29547836939,117608,9367
21968.601225709812,175794,39314
21973.39516441452,98624,11949
21997.975949399144,131666,37770
22041.873435497313,72848,26447
22044.31025751656,112972,13505
22053.45539853216,109494,34349
22082.301549490196,23053,35054
22088.205509123138,82731,20222
22102.602763479197,157549,39065
22111.433724312068,148185,9425
22145.3494498119,112652,11265
22154.142516057713,105816,34313
22172.621517647105,28951,38322
22220.831339300476,83556,16342
22229.581423424228,137117,8697
22266.004664468768,172403,22413
22268.415866105508,25493,23992
22270.75591980201,87743,14070
22274.012059546756,96030,36630
22297.253530340335,119829,35400
22300.368873314233,85604,25643
22418.424855819758,90441,39089
22430.167798658036,26490,19218
22534.172982703083,147708,24442
22547.404768862845,28294,34229
22583.704278500394,39556,13973
22603.078130300906,177277,20863
22640.103068773416,61493,30705
22677.404104706555,123131,15510
22718.67868537088,155527,10486
22727.633588183453,158480,15088
22735.091329070805,54320,27307
22754.687611194167,75412,13561
22788.89265901473,142620,18858
22806.102328160512,121680,38717
22814.831610532045,21569,18993
22832.14173977873,107498,15425
22832.556249774974,140430,36713
22918.506592881822,31896,28672
22921.65906256937,57657,16934
22931.363232337168,36641,24384
23026.389207196964,113541,26643
23043.433319942018,173200,39357
23046.428736080154,28942,37984
23062.876932803098,44969,36586
23067.320912154184,131739,28745
23084.28280810452,45950,19891
23115.677759189653,82400,36600
23147.539270489844,56999,30325
23149.0344007188,109522,32232
23158.043226663707,84278,19482
23199.292851339098,126420,18958
23200.539915404985,108399,30012
23208.347504421174,146213,24506
23217.502222847997,83811,34516
23222.854967204228,111550,12941
23225.769824757834,21895,37123
23266.725024965726,138784,21270
23278.519454041252,169088,33308
23285.721934380486,64281,27228
23287.094477679835,99033,31588
23294.472216406644,169919,26064
23315.981440996497,109251,10408
23366.804488519334,172920,38303
23368.472816909478,66856,17969
23385.84572284548,142649,19697
23456.350501842127,132268,31632
23496.89619167651,37759,35478
23510.149164616454,65936,17039
23555.75223454738,163257,8756
23584.169262987827,90267,15762
23608.543895318213,77229,9562
23618.746198686105,72519,37256
23637.217653729753,151574,29236
23639.31530845576,83369,32048
23640.484855584153,53820,27694
23641.48129211571,39253,34524
23675.377473236753,170859,19179
23700.766504517283,21323,14166
23707.078059628373,23933,28967
23714.87667562319,27228,14954
23722.635501792316,27100,29264
23735.958759439287,179851,30248
23768.185687603618,65745,9882
23807.9857364898,31918,10857
23827.672376884413,107692,33426
23841.310980142083,176721,21092
23847.252632493495,141471,36616
23847.526500535456,103071,26485
23868.758176743377,102165,9835
23879.485660302158,106288,13134
23881.447813619016,60944,14897
23884.52618211205,43558,19725
23918.168212758763,130947,19275
23933.640651880643,174268,36373
23949.834036786317,177697,26840
23957.86865957045,87588,34655
23982.72489734121,28292,33427
24003.568007818616,164046,31146
24015.64002506728,92944,19840
24030.458320090078,91808,12320
24036.289858360436,166310,23589
24038.392418372343,115026,12934
24129.567998062837,79812,21134
24157.828015197938,43569,38701
24158.39500152821,55164,12004
24159.636047968525,151557,14715
24175.840808616344,67662,16490
24232.024998915564,115842,32169
24235.259274905722,66512,36535
24262.028176908858,62488,25317
24262.617638194322,83592,22468
24343.336694601043,150793,14984
24363.555624772827,110237,37524
24395.797890835798,140612,14949
24403.62415793481,26939,11532
24425.20200756213,24046,10144
24458.07759873262,125343,30092
24497.988305243427,35724,15474
24514.599792375717,127460,37721
24564.8979565678,78741,9006
24570.703098111964,88765,31241
24582.07906144367,80655,19609
24586.62222511556,131571,29060
24593.15572373541,150705,15097
24672.788331792693,61084,23642
24712.55403220637,90064,39269
24740.403462567952,98665,17259
24742.25526457893,21030,23910
24783.38550235998,85465,13295
24791.09193535774,179974,27581
24853.943464683492,75592,26980
24855.01417848899,75002,35896
24898.02328844502,114467,9513
24928.289019946074,135101,13973
24939.700834576564,56647,38677
24946.765956919946,26402,34378
24949.13168654175,22470,12370
24997.650958305276,59531,24470
25024.28829344935,45571,32618
25027.984596072823,124116,10956
25038.68018623083,123986,36899
25046.859620513776,28628,27178
25052.20705312873,24025,9241
25055.103679008425,176022,15590
25072.20997990376,47490,31871
25072.61270978949,102966,10115
25114.781406813756,51578,39364
25128.14484367531,55601,25216
25139.33377715711,66918,15337
25162.46224128318,58780,28748
25189.266589694125,151263,11681
25204.364137929115,150093,39366
25254.554174013687,111604,39801
25259.399105386918,78709,31966
25260.901945811598,66457,8498
25267.05007316666,38067,39664
25267.93313820073,153366,9568
25278.42224702694,165914,39192
25287.429714116603,22776,18672
25310.734014080874,138945,25824
25317.363528904294,106704,30619
25327.928835929026,90409,21083
25338.89114037386,161556,21734
25348.548075789564,59645,20683
25377.17039445029,127471,34337
25380.25794592264,21376,15834
25398.97913965608,86758,30730
25417.857914657492,118819,15889
25452.780912775263,50452,10844
25489.81840602057,28821,37770
25515.022985848314,126383,30747
25531.37540730758,135979,25987
25553.42859359613,139405,39837
25570.669701581402,144117,32451
25591.514044324766,143366,24715
25599.89593720934,163177,20448
25605.23874859766,119309,19639
25630.146658480942,123159,39979
25645.088550439486,104446,10359
25664.91425704531,162361,29765
25669.967349856102,89449,16594
25717.84974814523,144066,36105
25743.42089841373,156850,27316
25756.3697801242,77992,12655
25757.732147046303,158608,19930
25772.576026250834,158274,13542
25806.14675049547,82558,30075
25809.930102665254,140664,13823
25830.392363954183,31340,18550
25839.99383401642,132213,12031
25850.54737326756,85924,20292
25852.71696855189,113492,29725
25885.22964059031,156669,17909
25897.288643862994,43068,17011
25907.357312678167,136969,30774
25909.728443910837,145393,31942
25941.746098042975,155616,12911
25941.864840412265,54215,20023
25955.283798983248,82293,28406
25964.549087994317,109153,34265
25974.14639231916,24657,26225
25978.630596119732,169566,16508
25979.81996356594,66774,18044
26005.149735116087,91983,38045
26012.981390588615,83394,16696
26048.913776527734,43941,25208
26069.13366071799,43287,14608
26071.879870322246,96140,28246
26102.258627945666,31508,31507
26113.945560042564,116252,9368
26138.878740766093,97397,39777
26149.361156049166,179236,34569
26155.296731676368,82554,20627
26193.19885911975,53940,38304
26212.474668534993,172099,20201
26213.783713451998,73249,18795
26253.13152215321,40955,32773
26264.925948536853,123090,25229
26275.63897957212,26708,11532
26293.60684514056,141252,38640
26306.011403422362,134326,21595
26411.700584816248,66197,37175
26413.046797487517,124232,24097
26415.953816099933,22493,29967
26421.24395421324,72492,21162
26436.847067723564,97065,26148
26444.861147192314,121578,33227
26457.180960805385,43606,15232
26494.84387063252,169690,34787
26495.155747667097,150270,10891
26532.85348277567,76527,26494
26544.96637984297,72385,31300
26553.143461443076,34359,26034
26576.632703910713,129556,35643
26594.17140183703,126679,34766
26595.199276262476,58148,18501
26603.33867813091,155848,8197
26607.45816536257,161265,17000
26622.137996122045,42705,18257
26631.819210845228,98322,26208
26641.86256076518,130158,30317
26642.912632295887,99820,16143
26683.22698084568,134322,36070
26698.740073276193,99945,14619
26701.565589380534,74396,25591
26722.691186011605,141693,29506
26736.118392896882,173033,12629
26745.22394588532,109589,14562
26757.415902526925,165785,29754
26758.466212989748,102383,8278
26773.698115673247,127198,39176
26790.343119744244,104817,9157
26796.735026985,135109,17552
26801.211657839747,74883,34295
26873.563353934205,139175,21303
26928.187373623008,136622,14680
26970.272165582206,35130,13902
26981.64552538381,52627,9604
26984.592283118956,38855,34682
27002.73318677957,67229,8465
27053.85654712218,167078,32156
27086.115225803638,150604,15235
27108.52329476404,97304,34277
27113.263745704007,61669,12776
27143.32441529306,74239,24915
27145.45079729893,44965,14606
27176.12373864136,33188,21588
27181.189849519007,87525,31141
27228.453189188636,131300,13073
27268.978715642563,54968,9368
27272.469215622463,136998,17621
27300.859504371678,172582,34122
27308.53542544277,166951,31571
27311.879878781172,87643,18629
27327.793699446054,76250,12977
27386.005573117112,80507,20828
27459.132963630884,105882,20451
27462.524636036305,96299,15319
27483.798936616782,44534,14493
27496.288264578812,68221,22085
27504.393016223286,125217,11747
27505.184730309025,112226,12001
27526.614065889997,75174,29499
27582.692944097187,157975,10389
27589.5641323533,111212,8582
27617.31955030384,150167,37143
27670.45583902857,44377,14570
27683.71763057142,99417,27587
27701.254679416474,43182,14597
27704.264346648808,91086,33158
27748.97496537273,79553,26965
27800.67573776652,28494,27009
27818.941310395632,20344,19281
27823.26404388922,59902,29513
27830.398233906446,65083,18916
27839.020965948363,146101,16106
27847.01725086327,115433,13860
27849.34002371898,98179,34509
27850.779064589566,166584,22908
27852.790253701136,164590,11701
27883.812607951197,176131,20886
27896.188132987612,28841,9297
27910.592941551262,45487,21533
27931.407979305593,54594,21609
27948.662525590757,112503,10498
27958.05340680268,62961,19778
27961.772711034162,43602,18866
27961.871991177482,145893,17941
27965.099727050165,44644,11490
28007.349207994943,50689,13015
28021.057901438126,160505,25728
28023.559703604744,142634,16059
28027.14287721523,160369,9378
28041.279001753926,116180,39109
28045.68478150891,125832,26195
28050.23429730193,53322,37766
28055.719992062866,160193,24442
28061.19942637932,44902,8495
28063.434929576462,34067,24003
28094.808650927833,169529,14911
28118.165262298433,80099,10852
28145.894512799754,60280,35560
28152.02974966901,28105,21893
28162.023094540164,155821,11591
28168.928125555893,51654,10763
28190.734405145,77048,15665
28196.31703746432,154465,31291
28230.518174302095,84421,10393
28248.8029286992,45709,9350
28253.641806975895,65796,34694
28260.878611586333,42020,34560
28289.350646423845,175153,38174
28293.38816634218,103225,38812
28346.974183968145,126720,9056
28348.817549966632,84182,12851
28375.284300287218,63813,12955
28407.24033100289,56797,14676
28411.658268604886,77578,30480
28419.699501859945,37534,8093
28451.064362598216,145757,9236
28464.82072420654,106507,37756
28466.25146030305,178204,28853
28467.54525174899,33192,35712
28476.647139374363,127833,11027
28497.697708584765,111540,27096
28501.237877921103,149121,30043
28530.81274993304,150082,12421
28536.816099929398,99420,37647
28537.900509196825,142199,35277
28568.97069932171,174764,13397
28580.400653123925,154466,17796
28607.96912863764,175607,25421
28629.264966156414,50366,10229
28698.394925574015,86061,32599
28734.844110648995,80840,15867
28739.257382312622,140036,26402
28744.6579437563,149137,26841
28792.40314302162,33160,20845
28814.193021837746,123498,34006
28833.903440808543,109823,35058
28843.432539880407,42832,15482
28864.570978363783,109021,29734
28882.64173116378,131828,33983
28889.91179018844,98766,24025
28908.430016362545,48992,36776
28941.897852809387,129748,21461
28960.462950906134,139926,12778
28968.634869900045,76008,10722
28977.365138166315,142143,28292
28978.027360439883,108034,10882
29075.780610291884,69096,30976
29119.845444188,126809,29659
29135.29693369341,83368,11955
29140.17208250693,30884,20309
29174.796979671853,68262,20768
29181.131800145584,59558,19874
29184.79622606967,112156,37158
29218.636520459022,123377,18111
29232.486636293866,152842,33911
29321.883295479543,69662,36073
29357.396314222246,62523,20810
29372.377687400163,20092,35967
29376.233531220776,84454,22895
29392.89366585095,85748,32136
29401.580340173656,46452,26110
29428.108540264446,154707,29827
29437.56269585437,86411,29833
29448.32072797965,154814,28447
29456.364089964347,89820,39386
29463.378921324133,100041,29665
29488.08712927745,118530,38730
29502.857607769125,35646,37726
29524.118671065837,149326,19918
29547.644681756014,24716,9867
29589.26829451181,51209,26265
29598.73804515153,101565,32611
29613.106729106217,59922,31883
29631.7894791465,140291,9150
29691.007268911206,146477,12488
29691.149176173567,91160,12735
29695.305892367356,171195,24645
29696.26182490964,122817,13687
29723.77870913352,93628,28555
29752.526436914515,96328,33325
29768.24430496435,130284,25963
29844.7162770937,42103,34375
29904.63895613188,119742,24154
29970.587978172087,114434,30637
30017.21672638766,104987,13304
30053.07164501897,149960,35062
30054.062260963463,159563,19378
30098.8961624071,72634,24908
30131.843123400744,36160,13313
30139.206553476448,156449,13592
30162.08342475585,34023,27243
30169.149387916983,120393,33463
30237.329478645763,69059,16924
30244.733470122006,144448,14466
30264.12285746659,134896,21208
30266.418238419938,88212,19855
30276.434788386046,121060,33993
30342.697404076152,89952,11685
30347.259887485598,138027,24425
30383.553223530085,61903,33514
30428.146855327795,31520,12983
30434.686514657355,160425,23408
30456.34286477872,127930,32662
30457.93374164894,122666,19886
30483.20120765366,123688,25345
30516.519323835997,51744,16510
30528.46361338317,23079,9354
30543.657765860207,168497,18013
30552.386182583745,114320,16700
30631.119523109974,38315,36691
30647.025108577924,178010,30218
30682.2669809403,49169,38475
30689.59996737851,66247,39696
30715.26894733811,50888,33382
30725.613656241334,109586,21106
30735.584021754265,108298,19459
30775.636263887096,57596,25425
30802.246611303875,128433,29935
30854.661811862876,95692,12376
30859.453700113703,37288,38295
30870.115316202893,151631,8101
30908.317329509486,81746,26934
30919.64950628244,76082,26799
30945.744130516934,54723,12953
30950.76936593972,82576,24402
30953.438662592034,94083,37452
30954.119555080764,119862,36792
30960.898649441366,120750,28065
31006.21676723484,37645,33281
31024.71092975727,153449,16946
31043.42445370208,78685,18133
31045.395242247316,169157,39943
31089.24141899194,40622,19787
31089.71326550183,155599,10365
31092.31175770874,105234,15156
31092.380463015175,56375,22643
31098.813812370692,35492,22604
31116.657754164837,176151,34456
31117.31369873555,160997,35111
31129.920280825783,146805,15355
31136.887318085894,109155,39611
31144.927827796488,169016,15546
31149.842268674733,74783,17231
31186.419676674566,171397,25598
31211.391917281606,78454,33496
31215.191857121834,152296,16783
31226.221753871156,36529,39277
31246.107345305398,43467,27166
31248.49154554743,122316,24780
31310.30438221921,127224,15414
31332.2793061494,34345,34351
31341.56287927907,159339,18794
31363.01159240948,85995,10339
31383.543444960647,170890,12382
31394.832501240846,139184,14250
31403.19377762112,69784,11666
31413.506433122515,94076,32889
31417.825024062186,155321,8541
31429.37195146715,71826,33894
31453.70210482222,71572,33340
31459.87632447576,166870,32757
31484.037770288367,97654,32499
31514.886899835412,26006,38144
31541.77772317533,24135,10055
31550.513952420482,129553,8426
31586.606324328226,160964,16643
31602.92408382087,62899,26526
31622.92993857614,112947,18018
31625.15438568565,65920,30653
31633.9325676079,27703,34361
31658.91038060356,46778,19237
31661.16703531455,60337,19923
31691.220952566982,143538,23925
31784.500226242868,108509,34042
31792.17014566356,53636,35851
31794.475350105968,167696,16232
31808.65830276245,74863,19593
31814.46375796769,25562,38720
31862.373319816037,92957,38976
31896.11794687914,156049,22311
31925.899109191643,120703,13274
31959.31145947079,134472,12385
31962.288835092193,49131,15013
31988.319291177017,159268,20416
31988.87911821784,42556,23194
32019.19522807652,73466,37131
32036.206920726887,38607,36131
32044.01942003498,166691,37009
32056.40855583993,73928,8240
32061.98730065424,112953,20537
32104.492217974537,45705,27373
32146.50162245871,72403,22419
32158.69272043153,173495,38162
32178.925559979543,135246,32959
32180.32452386686,34094,36236
32193.04696047524,124914,29361
32215.396489836912,82859,31489
32236.366528841885,143656,27853
32239.424331757167,150540,27630
32249.03977027847,82547,34213
32335.656448779504,79957,8160
32345.618070255186,78766,28771
32372.443635781514,30037,15950
32374.41347987894,72463,34303
32374.432398403107,142299,9595
32384.71511194918,77564,33406
32407.002625518722,165800,28926
32424.26046652805,128459,16616
32425.104493986935,142661,8597
32438.138716653913,47214,32887
32510.490641923305,45316,14125
32513.58289651467,158700,13335
32532.719992593728,104744,11466
32546.979213915427,120039,38026
32589.20448804579,38910,35899
32589.807736840157,42444,24465
32606.301293568664,175860,33946
32638.44075560642,40348,31131
32639.556033095778,162991,28155
32646.433044063746,124060,29977
32646.586273551886,74665,8788
32650.73582207037,152909,34592
32687.051840349388,74724,12002
32711.68076827769,74299,30011
32722.88976583358,48940,28076
32797.867117493304,163161,25028
32806.56070919933,44649,10878
32832.76021889291,46585,10942
32841.92448450154,99357,18132
32870.66955654243,58750,24191
32889.31934234114,107779,33191
32893.58389690567,40671,10457
32894.47443751966,176962,15008
32909.159029911585,139438,21349
32960.6448911321,170604,29252
32965.3802518631,40921,37912
32965.81632552661,35441,31483
32991.94492347123,55399,35852
33040.3667217751,34369,13892
33059.65115852881,96904,22474
33065.55100097818,55163,16278
33096.54487228292,111352,8929
33104.3883878857,44829,13312
33116.08786476347,144076,32980
33135.6006384125,105449,16984
33168.15507909023,23449,21514
33183.59192268947,109315,15562
33199.29595775415,113530,38176
33233.15975743997,20453,33245
33262.64074927163,82595,37157
33271.03070775149,40785,25433
33274.54887579029,29275,35048
33312.67857976007,131411,28544
33320.89678133203,36844,25605
33323.49571169419,140070,13279
33328.2483783601,33999,29297
33350.030831491385,84213,38734
33399.87997842137,156007,30603
33429.8352169835,43498,29226
33434.60980459832,95337,32742
33482.01311022957,23573,31406
33488.0403397793,51019,39053
33491.918796488615,134816,28128
33515.14210354192,94529,32678
33525.0581083069,109584,16425
33589.73366785884,44055,30647
33629.968112865616,88031,28259
33696.62724136557,174961,12653
33717.97625316082,176725,10225
33741.71964493905,99665,10553
33743.04118575496,37540,25553
33743.33406604971,114765,10440
33746.402501018194,49586,31673
33760.014743051426,153765,30529
33802.055423494225,137972,13829
33848.08638460633,86830,17934
33858.129700523976,65408,22579
33948.888183177136,44862,36223
34002.744300481616,109743,18573
34038.45423263936,28047,20713
34073.748269409414,79311,11492
34112.370442901076,111947,29978
34120.54619140189,22570,35710
34124.75933236342,43458,13178
34155.26494963199,173873,18222
34176.91305341081,67345,9496
34180.0147949686,45454,35422
34261.1576117287,120404,16321
34282.28176636797,169321,27125
34287.33472836855,36986,17695
34287.63330890464,54097,38672
34353.61244979264,115324,25766
34379.26133153767,56270,20103
34410.2827465055,85967,20139
34419.40413374586,157114,29731
34421.767924710584,85088,37793
34453.55726309125,94784,32929
34463.14292774219,27887,15339
34484.06025359612,77414,32990
34493.75627341065,115774,15892
34514.268637382316,143676,16615
34555.02086561884,33256,11263
34576.812079432595,116822,15694
34583.43337124254,143886,22363
34596.79964530796,48804,23071
34613.00668704427,149015,11071
34623.380258890335,147129,23712
34674.68120418669,80488,21953
34686.28707470483,51014,14251
34687.69349289329,114671,22546
34700.35966293651,108748,26179
34701.53959272259,153513,15287
34714.771277200096,76588,26444
34733.66210956303,118623,11606
34734.897517359845,133208,25197
34736.04946182417,156719,13591
34750.33621446359,102908,14959
34752.476779897115,145134,16693
34765.11700915269,140831,33724
34791.40214640408,39512,34435
34803.46880411541,103314,11209
34808.065447928784,114695,10233
34810.61546806407,144511,23780
34816.56528506855,153571,8356
34836.31822479137,154914,37578
34836.81376585334,143287,30508
34863.790445872226,160804,29247
34869.124187601745,150808,29772
34887.69795579541,115548,12752
34897.49742057668,104412,32260
34898.35039898876,116397,29510
34944.95352014238,67638,30929
34950.10019171098,176750,23023
34996.472084384666,41487,22725
35001.36371713951,29413,17344
35012.92495746893,56827,35501
35017.17721184579,102319,27113
35021.62401178615,37362,21172
35022.130901411336,63301,8413
35031.05414578209,146932,15638
35032.41595369703,117966,24765
35070.79892636913,149001,30039
35167.0002327357,76722,14304
35202.905899423735,72929,18154
35358.49500443314,139689,16879
35363.625968981076,104353,9040
35374.07648924911,109958,21535
35396.16919762306,26017,26631
35405.53560471275,62487,15812
35440.744032606664,20041,13072
35459.4503452758,87593,27878
35471.558926487975,167291,25952
35496.43632618435,56094,16554
35501.936642660505,51597,16974
35566.439671767504,59098,37830
35569.3883797169,156893,12432
35586.805787173704,34923,13496
35592.14535016339,63909,10628
35609.76327870888,138598,33887
35620.27969439303,169466,29682
35625.325025758786,59521,39356
35652.61376374235,126889,11107
35653.673145631605,47290,39702
35654.026399136754,95927,10311
35660.847202593635,65920,36522
35663.82583259377,39226,25346
35673.28510593859,98715,34445
35695.04648879637,154428,27106
35697.5259479454,83896,24370
35718.99199763566,173693,30276
35751.28746336644,156812,39535
35767.630408257886,134292,10491
35785.56931909632,86413,26688
35795.19443420131,87019,29085
35800.59275667357,116014,39336
35815.433811226656,39247,30971
35842.47401287561,143648,14957
35864.77549981412,22519,22578
35877.67584594757,67250,23253
35941.3115758273,81055,22111
35943.174735128516,74303,25778
35953.697522301845,55108,37494
35981.204799374835,117204,32093
36005.83981219561,119637,29736
36019.477665982726,115658,12180
36140.72945077256,76346,36800
36146.91514124835,29350,24707
36149.83869829858,126467,28184
36160.76037617946,40393,23386
36178.22273910047,107041,26905
36193.880884873775,110466,31082
36222.291975082706,102442,13748
36255.651177748434,24617,30165
36278.18911894127,62188,20911
36287.42051465361,96594,35378
36303.40098192694,73482,28794
36309.11657038492,175234,39664
36338.41955383396,116787,33106
36376.399631818276,87047,13354
36410.871297995815,177581,22906
36448.76753442934,174351,9495
36453.188367724404,23933,27513
36468.496327346984,166973,16927
36469.08611026255,21245,35429
36472.890381669604,85253,8128
36476.70358120176,65753,16687
36522.87823345159,81961,8632
36523.36289671765,41619,38625
36525.21596689077,71993,12869
36537.90864849696,39227,25115
36546.491575253036,96485,21676
36574.02019379219,87768,18912
36575.15118578354,42001,16650
36578.696902379255,43958,10077
36598.263045326894,88930,12317
36629.64237909569,106154,19196
36643.575829642905,56979,14173
36662.1621254409,166898,34383
36663.21432981646,60349,35490
36686.80855190812,120986,17671
36712.055466207916,80139,18203
36743.96140289185,143850,11087
36745.31922040964,59911,14268
36776.9071211379,138531,34345
36789.545754392355,80619,28396
36791.5051234102,143703,26514
36802.94041577079,23446,14315
36857.17862875573,76567,11535
36893.823288401894,139882,15894
36921.61663671367,151413,21876
36936.37309328394,106991,31738
36937.548604148906,79975,31735
36938.0243541379,154425,17529
36942.77590245369,139076,28143
36947.04809593497,68219,14705
37032.779727520385,88363,12300
37036.20370324179,79326,23169
37065.71266781522,101180,20993
37073.29268770404,100316,9823
37103.09277391469,102706,10920
37110.0403347263,105204,24834
37115.433118605695,65949,38528
37135.2878134068,84270,23130
37135.90168234779,104038,11918
37166.64535051172,156654,36505
37175.65999872856,144900,25342
37183.10358516247,39644,11480
37204.61841523279,121456,22329
37217.83308587015,86217,34329
37239.917530174906,78164,22733
37247.579097935515,145015,38738
37272.49833461297,117431,25530
37284.3406641463,102490,28275
37285.38871631484,139466,10879
37305.64518210432,93030,12359
37306.4070573112,166157,12225
37307.71269952902,29207,17829
37329.149765562455,109338,22331
37343.821056740126,57965,20906
37367.73102031386,33428,9044
37374.52541073837,55400,25367
37376.778692970816,38517,18354
37380.36081034866,159422,27780
37416.16705081609,64331,15853
37419.98259113311,131616,31196
37428.23336236387,52314,37200
37433.79661092196,164685,11833
37435.71991261986,121375,23491
37440.85579617622,68485,27793
37474.16245789941,141957,20884
37499.34073956539,53983,32543
37503.645691128746,148724,11506
37544.05739700806,154491,19103
37576.46351206202,27250,16360
37590.84602576911,58934,39989
37629.40145155542,104210,18270
37633.195883820415,109548,30368
37637.34924491697,129686,9847
37671.831956401234,80742,26838
37680.2579448905,86671,27874
37681.06104908433,29836,39195
37801.66354342291,79748,35803
37809.311881406975,89724,39116
37818.42091767292,118212,28245
37827.12541258045,119154,17304
37829.4615272063,79544,8412
37877.51715701948,127628,32782
37897.71882047493,168628,32759
37946.28452030343,33688,37147
37972.32817770318,59461,34640
37979.656550198466,152264,29493
37987.5443852478,134555,35515
37994.88208477177,82862,25665
38019.86517157956,34378,19314
38065.11058585773,65261,35783
38072.81529365591,56461,36087
38128.508752977985,162238,29379
38176.90884935722,163594,22932
38235.345760244665,143264,33654
38247.73595207129,76131,31902
38256.059569820965,85364,10097
38258.17561538087,105756,37052
38258.70226754298,26703,15441
38267.943880690684,37737,24314
38294.97061406907,72019,36177
38307.37108216456,125341,18195
38339.801216272484,119119,18154
38360.158416829945,171183,23416
38367.82833503126,110429,32043
38404.34113980413,112345,26784
38453.53471906736,177255,27250
38575.67857104591,155930,10242
38588.91251687315,129160,8386
38631.394920902676,79530,14813
38636.06942775488,162283,19903
38688.58179967787,52730,29456
38737.72619075651,29144,23123
38755.600686654296,133341,8774
38780.88053880207,132542,11025
38784.9426967517,96282,34883
38799.422943104975,113484,11327
38804.451948935995,178278,34270
38805.642314381745,116134,36937
38862.63693706826,133631,13168
38872.21674914541,40184,38466
38883.0017539988,105789,17888
38978.65542887762,155145,31992
39050.520755693586,148784,25919
39078.42182088961,22840,29903
39119.422796017476,178561,39347
39128.91893918799,167088,37491
39160.63457173622,68062,8575
39208.836465554436,164543,36801
39237.33928702912,169186,19852
39238.43722519608,34529,14795
39252.497527746746,151701,35890
39298.283952278965,76388,24737
39310.696878907365,60485,26348
39315.497068043165,60162,28678
39327.031574823486,27973,21888
39329.961038462,87932,27796
39336.420651741624,130171,15092
39350.81968270347,142759,9774
39352.757772107565,21486,34302
39361.074312761455,63366,32522
39391.61178891112,161181,16376
39396.8932950796,65995,15607
39415.36572313413,72952,39982
39432.979892289535,48784,32550
39445.39089365055,175759,31284
39450.253674871725,131256,38313
39464.556536210475,148031,38937
39464.591231520484,42633,36460
39466.03479976248,166623,30204
39476.759160612666,103868,23072
39480.524277499026,76740,25793
39488.715157724604,84256,14516
39493.882209169366,127512,19683
39513.13992253695,99478,18159
39516.67294093612,77281,22599
39518.44921365384,70625,27324
39526.03902186443,152267,17703
39530.096012278686,145753,35522
39541.6861620357,175202,23933
39554.4998373983,92637,23447
39569.1172563345,143687,27397
39583.34304980659,151117,13544
39588.64618808776,112216,30981
39598.3183290726,38250,21218
39600.43531586936,131454,18996
39609.11230914429,122738,29151
39612.41750180411,170096,25953
39612.54615470298,144990,19615
39626.76851049908,125289,39197
39638.10109935288,98177,13127
39654.25970163237,21027,39106
39677.45837791121,115904,30211
39715.61187652015,105621,27333
39732.557796561494,77587,19143
39764.852491222875,61000,26002
39780.90752187069,67818,17360
39783.360313407386,27012,28197
39791.16828947064,145729,22444
39804.85991365828,115275,25087
39849.964166470556,111708,25989
39865.14860980332,105222,28944
39920.74671954604,50474,18899
39926.62203342917,179833,27960
39943.2840207558,88315,8549
39952.54012816784,121635,10201
39961.555429383814,161280,8393
39968.00971872277,107128,17435
40002.46725622652,62001,38778
40025.888491467915,25703,10481
40030.1807885044,35591,32140
40062.93514443113,58506,18194
40068.110226291596,35096,22307
40074.23625052493,48078,39029
40077.34405795031,164398,38210
40149.98704449348,58945,22222
40186.332008879064,30450,32512
40200.069989722426,121124,21835
40202.02596518765,67049,27562
40204.7267392509,99087,9248
40206.4838340053,62060,12070
40207.279705956484,105933,31209
40230.9918286712,64162,11681
40243.440561756826,48079,13928
40247.83981484534,113826,30036
40304.50894210459,71912,19817
40307.08581820059,133890,18659
40317.00126129866,86404,22619
40322.2973812262,26414,30062
40346.77215284003,65901,13425
40350.73870686951,59909,34007
40359.38564444025,35449,22599
40374.49513771527,28796,33663
40386.07647566475,170912,8452
40398.090984089984,26032,27693
40418.15685813016,123790,24756
40475.576387377936,32613,37977
40506.45608019898,155407,12668
40520.18978908807,120483,13132
40543.65703127053,21206,24394
40576.0529383142,154961,38759
40576.16546596421,114885,21569
40600.61967821371,69558,26673
40610.19730364294,127160,18936
40674.54733000633,172061,38439
40751.96063342878,62275,18366
40797.043601821446,70033,16812
40897.79788764077,75301,33959
40919.62063533561,21122,27001
40942.91628012182,103433,29053
40971.255882943304,88757,34249
40990.13343385173,61537,26796
41029.125776199566,148120,39196
41035.56052835382,41750,24123
41088.80603933421,32171,12885
41099.9815076486,41657,26786
41110.68173419142,97093,27219
41124.85103660751,21145,10859
41142.63267617177,55022,11371
41152.07912704624,49802,27862
41193.07938136292,135814,36920
41218.99940929467,87267,10665
41245.21017711462,116561,11197
41245.93694035027,98462,15028
41247.281944142276,87670,17106
41277.75311192115,73921,38144
41291.93506845929,151286,25269
41303.06400655496,169882,30696
41336.12013788536,92779,22949
41356.72451930109,103282,21148
41379.72857904905,143934,39401
41382.25357217911,57983,34584
41405.01398716604,34031,27723
41493.952143478644,161806,32148
41520.92343135419,54381,19521
41541.1827610959,118700,36111
41546.91248762227,152745,9089
41558.681844454724,26702,10847
41560.38840110961,29020,15058
41572.88162579731,142953,36707
41598.24805337754,96283,19246
41634.88558871163,179582,14072
41697.713342476396,51480,29137
41701.82761108954,151110,16528
41710.02738362153,62937,37700
41763.18730069537,144228,36100
41794.00986841848,85584,16505
41842.757299360914,77974,13278
41890.13963518942,99151,39819
41990.98582915673,36536,28670
42000.64777429424,136272,14954
42002.71801401968,143116,34397
42010.219251214025,35846,32403
42019.8944471409,141457,23757
42054.517298245584,71363,38252
42060.507002009625,156487,30409
42063.057669607384,103429,21275
42107.10136831797,55939,37454
42119.80940817624,149279,38579
42126.04468486936,116379,11241
42142.194968468655,174502,18764
42145.73276992788,44994,20048
42155.283971252014,49422,39778
42158.30830301486,172643,17260
42226.42187869513,120935,26931
42242.280417317976,102275,33246
42242.862068254675,73627,23017
42245.5097022705,94510,22917
42265.36667583046,167592,33492
42324.58533371071,114980,23751
42384.26133993298,71849,25800
42447.72694425981,65844,19807
42451.90035615074,69917,17839
42458.83696517756,84019,31242
42530.991842028314,36876,21778
42531.18963922201,165007,10323
42535.79724180605,153028,29711
42538.31219064656,82194,29923
42540.65099420992,95155,38365
42542.773973383555,70636,30223
42560.15350210612,20465,16734
42561.16338991419,131816,10868
42630.680719816795,102051,37334
42647.48926735646,22317,24881
42658.237508564656,174535,25457
42693.02189409075,23425,26779
42697.55311033872,66986,37693
42733.263343712155,46648,14899
42787.04951128417,90110,27184
42829.535618922164,155151,39339
42837.35175344631,120703,21273
42935.62875361672,27048,10204
42953.783369021956,131268,11620
42989.17500176463,90884,24855
42992.37653885207,115479,36534
43014.0602790784,27143,9784
43115.03095087045,159289,29411
43124.76018755625,117464,31791
43133.85772848385,54969,19763
43184.15174453928,117010,16358
43199.83610273295,62617,13182
43203.12577287385,48939,27285
43235.002189365856,52713,13244
43242.40274164311,168664,26823
43244.42277584888,150174,21523
43256.870157351346,23963,31837
43258.06714277955,130798,12603
43263.47067176998,21506,15926
43308.614144434534,113693,15912
43338.3231677598,145160,27299
43348.1280632426,107954,23609
43377.100951323366,78279,39966
43399.27457916067,32831,22831
43487.389363078684,82610,38265
43488.15615552975,67425,14495
43489.596869738314,41539,33361
43497.65530731738,43290,19102
43518.58499509112,131041,32723
43525.96343930394,154261,33525
43581.13812194322,84063,30482
43584.49934833889,100044,22154
43592.33923055695,47830,31140
43606.751521748374,63506,27236
43607.68111448376,52092,35770
43634.23535623593,61047,34828
43653.86188772724,35305,17335
43668.002494982815,107908,9565
43670.16442474749,70137,24732
43680.52912130779,80011,29941
43685.23024183124,87884,29667
43697.32803817862,82957,37576
43709.91572313906,78386,29687
43720.078043269335,72005,21367
43721.91619079318,95415,19938
43730.074611625496,89786,29673
43752.28818056246,78350,9241
43762.52993668181,132907,10264
43765.915626758586,38469,9862
43781.57766347379,88979,38144
43801.378958164,120253,24459
43824.195656407675,86320,14357
43826.285034649896,149921,26439
43859.37087322845,96530,10079
43913.699818630084,144128,12158
43916.746498035,146792,22330
43919.46414286964,26592,30854
43923.5515336349,31855,33868
43948.67610371605,39635,11699
43981.041933882705,82920,9761
43986.036738720584,90320,19402
43989.77652538387,116133,21325
44014.68744793956,92594,13301
44091.16643934339,134803,13886
44091.23855793602,43977,25822
44117.1391588301,81655,28864
44164.69659787059,88335,31489
44167.18492587617,119768,11013
44189.449249276724,20949,13013
44190.31406677991,112702,10759
44231.84755184497,174707,18430
44269.35901814635,166549,36347
44323.8495994571,135865,39763
44385.470512074266,168334,25471
44389.847029754106,155984,14690
44403.03997341583,108444,12140
44412.39850000685,153823,26320
44430.13527078207,78338,28300
44436.6337336529,151829,12216
44450.652880617985,129780,22081
44472.47512684715,68611,9428
44487.653513435864,92296,11896
44517.0513423727,136882,33592
44526.45135643009,144872,16158
44550.824368127505,153910,25777
44560.2300463716,96125,17603
44570.51425766908,28347,34822
44576.449999335215,104063,31957
44599.34211653535,138497,36250
44608.203759907265,100319,22909
44617.112683528285,114470,32030
44638.347885682335,81290,33702
44649.666671501625,87058,28815
44658.79496363446,24393,16938
44674.69469715294,109591,19816
44685.234789097885,134678,39522
44703.98204235602,100093,34358
44735.693364151724,109233,19040
44748.47526412292,68764,23979
44750.62908881335,71652,16842
44795.96193019731,31331,31332
44798.77339477586,108837,35814
44809.67233361018,135147,17455
44820.609269675704,102325,13043
44893.75586906668,68068,31356
44897.19057848426,93644,9987
44948.230527890795,84324,18862
44948.97835288183,65367,37187
44950.08646213947,131157,14301
44953.39193014066,118211,24686
44955.93354675528,91201,22402
44970.22142132394,176047,16364
45056.77408725003,122748,20781
45060.8862885641,22904,32109
45070.18314738451,104165,18910
45072.8935799201,29192,28465
45098.10754706898,74225,8667
45115.429428301606,170133,28020
45120.701730381086,45775,14559
45145.33163714493,83098,15646
45158.07793316055,170640,36903
45165.85014192787,29541,26731
45173.72090948541,177798,10949
45187.98923932348,52071,15778
45192.774952763895,101612,21646
45242.11219972409,24034,37566
45247.29391704596,107013,21088
45252.79262373982,130724,15981
45260.907342444676,83062,20360
45280.99225553557,156232,34096
45296.96808807549,99630,16820
45309.64246884444,145606,23328
45396.5072831629,34255,29737
45406.078226593854,79724,27628
45425.69151307733,177075,35595
45438.37062545549,121511,13236
45470.52403257228,47421,16519
45498.96275898424,135455,38763
45598.179214318996,43840,18179
45610.571783760366,75707,30713
45610.61466428602,44511,37654
45612.52240864734,116712,8157
45623.85582650953,153113,22927
45630.6856276668,111185,24911
45639.876812276154,64361,11283
45654.168355212845,149424,11735
45663.46670060844,161836,14865
45668.44818407042,121590,19723
45706.11253425108,177801,28146
45722.49860243527,91818,17305
45751.163513097614,116831,35635
45753.59308226381,159460,29027
45761.53006950012,106097,30085
45798.81843303431,108767,13288
45809.623874780096,114595,15282
45819.90803329162,62462,29708
45824.31361104032,159337,22625
45833.26155214903,87729,15625
45837.04385463447,139866,13393
45872.7091339359,118289,34708
45899.157226884556,27539,20341
45904.119041300495,104080,30358
45914.38521426044,31056,24286
45930.16852909045,71780,25746
45933.96733718574,65743,30735
45938.08896256745,151534,12461
45962.311405031505,64995,29582
45976.559358926694,102309,17516
45992.5584108887,55130,31479
46005.76734160912,49168,12415
46012.164024953716,98908,30237
46016.65501354146,169808,35311
46021.68043747624,136004,32346
46057.13729796324,168553,12137
46085.11459451254,115424,24173
46097.0159523936,63029,34940
46098.24051792106,47917,10647
46117.16815623196,28701,27396
46171.50311649343,154263,31858
46174.69712987376,38405,13806
46221.925054112085,156502,8765
46222.24265683877,80232,22418
46224.06149754385,138992,25456
46229.514889007594,67834,14653
46237.05328579218,108820,27768
46237.58088194502,108230,20213
46238.94834125487,38912,8736
46258.51966124615,51669,9657
46261.999164926434,96698,30006
46268.5344237059,42905,36510
46273.12010424439,135392,27756
46304.89365979158,93645,26122
46357.10226256141,35443,31991
46363.8484753735,100713,10997
46423.35603003209,164746,23860
46442.30846273396,57618,20512
46466.342452430676,141634,20343
46497.18425022954,139520,35181
46501.56495879384,77790,17213
46507.879769773564,153821,16119
46510.738821070096,100115,20979
46511.67236569641,44896,15119
46523.261512672354,116524,23122
46537.52229611136,151405,23883
46538.06090916416,113569,21146
46542.768630747196,111077,24260
46569.1183225383,126443,13121
46583.99236324568,60393,21928
46634.146066991816,143688,39804
46648.28322993624,71867,29419
46673.9203821015,112613,26713
46707.39411398915,44733,16640
46713.852408231694,51769,23807
46720.47534413393,175521,26961
46757.344867082524,102763,22331
46790.296298403875,99338,16320
46821.80881900678,56134,26092
46837.89148268928,167668,28513
46883.41469021536,64545,17570
46905.723437267385,45070,33767
46976.42715178068,134126,34711
46989.01447672321,134502,14196
47026.656037251734,60929,21498
47030.43819025998,59087,18412
47035.43794713492,133772,20713
47041.94100502741,46151,13995
47067.53762799596,69795,13283
47080.42647075778,160959,14328
47092.01109888881,152043,23929
47128.26878883534,24383,38472
47169.28259858361,136472,9255
47213.3436649626,169408,11339
47228.78334944972,77048,35853
47259.16390569455,100321,28657
47285.12430025743,79837,38785
47302.13605208405,110900,20178
47304.33914601527,37101,29081
47307.769765089986,100480,13026
47313.5893382024,46503,9963
47350.10629358587,33235,14469
47355.81760081097,42036,16377
47361.64276759386,42620,16614
47375.08445140285,85632,8005
47382.22145374884,140980,15313
47391.51130790578,128412,11738
47419.58878612793,22165,11750
47427.57701737266,48348,22819
47451.46808837425,26048,15388
47456.157555267826,29612,18269
47484.44459473816,127937,29344
47537.94125498852,122880,15332
47545.434244322714,39054,28274
47604.5250225642,154251,32512
47616.14622372784,134579,27165
47645.417819081886,144777,16995
47649.342130550525,126512,37676
47693.72733578476,126877,14917
47715.35742349123,166724,15068
47727.73128444539,170686,37570
47733.35496765264,166123,24666
47773.36581637609,40932,30445
47782.57303819647,132959,8291
47782.840501793464,147990,28710
47786.275478111595,70497,23400
47820.33306460014,98702,22222
47845.277783808895,73628,12676
47865.85655216785,20672,29554
47872.88412500811,120124,22471
47898.355674611244,156276,27569
47903.62191140239,37796,12199
47904.61695020891,40707,17402
47905.49722656721,97412,18017
47937.241242187425,62566,11787
47939.164840572645,37861,38679
47946.26992028054,116653,31095
47950.23122911335,123534,28862
47964.14724195342,128772,37331
47966.75745020517,157042,23203
47973.89407710083,136373,20553
47976.15117546149,79782,20454
48045.4991242336,104350,23736
48066.282604910935,119276,20883
48080.923925860785,165797,17135
48116.84957265388,173693,9382
48137.94191322899,88824,36637
48189.56488338227,60218,22433
48199.44289028191,179790,17049
48208.412336745525,178149,25014
48212.17041278047,58974,38752
48218.5414517866,82404,12023
48234.99979263746,129112,10678
48235.6887014982,136481,29740
48285.137666360555,99372,37848
48302.78159341611,36532,11353
48354.35710050376,48621,21273
48361.534700294505,25068,34562
48370.949491429725,53198,34163
48383.77450996701,24142,8887
48387.05112308727,78314,28916
48388.751213574935,43732,26112
48393.07654147818,155701,10309
48396.022181820525,129279,22453
48401.82595087565,83171,18248
48438.42590681833,32296,26457
48465.53684983459,45581,25797
48523.383607527285,127013,18004
48541.59183337729,49325,11291
48552.760148847425,169983,30726
48557.59777125457,92827,30204
48571.33664815058,68928,26822
48582.829502399436,93829,22954
48600.45174828154,98400,26037
48606.87830804584,153469,10803
48608.85534301757,155361,24244
48617.17835074798,116664,11766
48624.792161083635,152089,17544
48650.216249569596,118007,16107
48660.84502820841,154497,16972
48678.926923582185,176844,37247
48684.44280966884,133826,38909
48696.95738873767,73476,12420
48816.90539827063,53553,34531
48850.10994852686,23991,10605
48856.06054617549,65994,19808
48862.05869072858,70851,21081
48874.47721864941,45160,17842
48896.09233971678,47391,14043
48909.00388624122,158590,30522
48919.88514265857,70096,39393
48984.3427398254,122508,30451
48995.40457019502,118199,29841
49019.23123107278,94913,21184
49040.71330470685,124810,24889
49050.78766160466,122373,39110
49053.82427835901,154288,33474
49062.06317631611,165803,23256
49062.80955470767,41389,15885
49085.78794081772,39949,31428
49102.1377947442,65208,35308
49111.045020154175,90166,37232
49142.015521737296,144598,18893
49149.50893613238,116587,34177
49193.70347719846,68221,35677
49209.49195639048,66341,13580
49211.34716172915,168895,25370
49216.112752767505,108228,36338
49218.27502005851,60574,12702
49243.52421373183,78627,35784
49276.982325074554,95655,17916
49278.6965288145,73988,20937
49328.95515793581,134174,15206
49338.51276389787,23312,22436
49378.05431392411,118346,33767
49378.06285815162,79880,21210
49383.89639413471,26367,27449
49385.99343726526,129972,27071
49407.97157545496,43662,16066
49419.87047720023,75818,39787
49421.075870645356,170444,9043
49464.6282075775,52665,33054
49502.325237942605,25513,28600
49527.152892046,147182,26015
49530.320396758376,124488,13058
49575.40701424168,141331,16711
49583.891441649095,62137,14268
49585.77740227871,170238,33755
49615.99026035723,108042,27634
49627.36335098359,70793,34622
49634.2035896416,105490,9553
49686.78189821563,117282,24608
49688.93620810884,107368,16329
49713.44563261944,88211,29709
49719.85229557855,132736,33489
49734.69239411902,137827,23131
49747.28056135045,168536,18410
49797.78769314257,65943,34508
49800.19400059549,53464,14865
49803.111672291525,149237,29871
49811.251146688315,107374,31843
49823.049405703685,32197,28700
49859.39106676522,35168,13717
49871.20369157032,37632,22829
49871.831069581705,146025,32355
49882.45365190702,42589,21554
49887.73246378728,56245,33551
49888.759890936315,127709,15792
49897.05151566773,148839,21623
49907.104674739254,152477,8305
49914.90672285741,179073,33817
50028.22856705865,73101,15258
50036.407665116436,23156,8879
50038.37697742676,34538,35958
50049.37113134675,148419,30862
50062.95772484807,117943,35425
50065.035709979886,119225,27018
50072.62031745038,120539,28580
50078.68718495945,37165,24373
50094.31796621265,118452,11397
50107.86271889263,126008,29580
50110.018372012055,133310,34226
50124.06754252688,26523,11794
50150.38332511918,143113,36540
50179.502658404264,99732,9499
50198.11279746699,130432,29791
50216.25090530405,20733,35069
50229.12097593074,84882,19513
50246.327187113624,119323,11391
50253.34581313623,178162,28202
50254.42465309241,100456,25793
50259.77840348357,168565,21091
50308.73375864509,168383,34180
50405.83581113879,27637,22105
50418.15858138019,164773,28791
50444.110498315495,58340,28424
50470.57079097506,99679,28783
50517.12481770211,31830,31099
50523.961013852284,23649,12843
50531.68556497338,35637,33073
50562.92599179181,28097,37830
50583.8189160425,88819,15801
50610.21031623263,79353,32433
50634.609894262154,158618,27844
50663.977431756175,173802,12647
50725.75609362765,46473,16100
50737.32908482605,121106,39186
50745.824186903956,137520,13733
50783.00828850515,95732,38654
50792.27089846274,158379,16871
50824.07210548122,33740,38683
50826.6783929337,20248,21014
50862.76611281945,36843,18695
50870.76113586681,60840,20443
50873.63381269514,99587,25753
50897.76363222215,172151,36776
50900.36120713082,140470,24623
50928.159843524096,147716,34884
50964.44978454551,51651,15103
51008.11059904897,60325,34554
51015.45182973256,20262,9777
51055.850795249666,87709,11197
51101.5727887141,67693,33334
51113.0988009089,156750,35279
51146.002075851844,105925,35326
51148.77333029082,68533,18273
51173.26971628819,122912,30425
51176.40909715994,168602,22680
51182.85831952274,85967,27819
51198.510519028896,55478,28140
51237.7674342296,59848,15939
51261.49532601423,25332,30059
51302.78264466735,72872,33506
51310.09598617759,21654,18038
51317.89877543267,93879,38147
51347.43318811301,142343,34423
51381.217167441806,61839,22507
51383.469652870604,111489,21171
51425.851948699754,62431,14795
51427.376904401855,21756,10992
51475.289143979666,125180,10734
51477.97581059057,138940,29744
51479.058602754245,127267,28508
51491.000361475664,28147,21005
51499.33044915933,83453,27258
51530.41857529169,110912,33702
51542.5150195713,114930,30917
51580.539649100974,120942,10195
51587.47249305333,93975,17567
51614.35198585993,76138,22311
51622.22317614635,94032,14147
51662.12799010069,145993,17951
51671.68379750617,43485,38782
51674.21049950137,36423,26573
51685.95064834708,132089,16401
51699.594996192434,123562,11378
51704.86528338877,61037,24749
51716.19355115731,21606,23767
51758.63733714675,109904,20324
51779.14320696574,166038,28858
51804.84593989273,42094,38252
51814.8105009113,60897,18083
51825.369244949514,53622,17429
51833.21499591391,142719,17428
51881.87319021093,174537,23663
51900.81187024183,56421,13677
51951.600223951944,151145,36589
51951.91992087808,26557,16999
51989.57548923444,150280,20262
52031.36741687242,76005,21993
52059.29511079457,142800,21471
52085.36672067596,44311,10916
52105.63045720647,78008,18163
52115.03785206085,128706,20176
52132.22197161812,139112,28749
52143.581525596535,122012,11520
52148.69979488779,100873,25001
52151.14013891462,137237,32906
52231.999150683325,128428,29664
52240.6458051373,129603,28733
52244.41476236089,174920,24621
52260.06546395849,131628,18797
52265.81997771778,102682,24173
52292.10540243825,29743,24370
52308.66530873043,74262,29677
52309.76899938327,61725,9845
52318.25633966597,40626,37138
52323.11077570956,150645,33568
52330.206783525806,160904,21413
52345.431396864056,31155,31984
52346.801154757326,74296,30580
52348.74025609285,60059,38115
52363.73913445557,99150,19844
52365.124711812736,165051,18639
52386.3703681765,78820,12073
52387.267095333926,147688,18646
52387.96269416332,125649,28497
52413.91878191723,117344,22604
52497.324255069034,89990,14092
52509.936472194335,61764,34727
52538.69728528797,111112,32872
52571.581945355516,176195,31422
52592.8107220872,122950,32986
52609.312235291916,69975,17950
52682.124359336034,91688,25448
52687.512572339045,46256,26183
52695.655170246755,80465,28298
52732.69915290341,23379,8311
52744.461881320836,132979,33643
52764.47961866436,117461,17880
52778.30844455687,170132,31079
52783.28859462811,74641,31694
52803.36906712649,167076,32923
52816.357964576986,113349,34720
52840.21991200593,119246,10718
52926.35697658415,22611,26851
52968.31631822251,27807,27306
52984.0774047995,121783,28656
53013.459554016736,102584,24314
53018.12929506201,164265,27597
53046.31204133004,148275,9199
53058.9930288308,77176,18688
53071.75948660936,20144,30779
53077.7542049938,55896,28855
53106.13598685645,74001,17340
53121.4562569573,176725,14023
53147.55274505884,71835,18182
53157.70801106202,25881,11143
53164.75000103347,70633,26926
53167.924097572446,128509,31974
53174.64494307891,117902,32615
53192.425690612006,45279,17941
53198.22547827582,155002,21548
53204.521011271194,139277,38748
53249.06871475355,167101,19259
53254.95406211518,23443,15282
53262.966799878224,104155,33541
53267.39127660564,132791,16616
53313.08403733797,26261,31905
53349.215022979515,100991,17238
53349.487959189864,91385,12500
53354.255867258675,50591,28903
53363.408590400795,51341,24651
53367.370191296926,85556,10841
53384.64085005576,136963,24345
53391.91848873791,157870,24951
53421.674539319094,31139,19256
53432.59448003224,88729,26407
53436.602327182685,150766,18799
53485.254661187915,84026,37017
53491.22315017601,45855,15717
53543.166095878536,84722,9101
53547.555336105295,157219,15805
53550.35764911679,149551,19486
53589.80672296844,117902,29799
53590.99797232858,80456,21933
53605.58166152028,144827,14149
53606.505353601315,110088,9349
53608.29322471958,111558,11857
53621.580696481455,154512,25309
53665.35558498427,45249,24937
53684.86566215333,118570,12147
53692.09688167014,172741,33064
53700.23730305863,40710,38544
53713.26390511062,124328,14789
53776.44971819845,110142,8654
53844.273247345845,148015,14563
53848.711567754704,151759,38842
53919.65155442874,140703,33369
53987.40459142585,78774,27686
54016.33217243546,108346,39404
54019.573773696364,69924,33675
54035.93484460033,103204,19852
54059.01733353387,127633,11416
54086.80318434137,31365,17734
54140.99505569417,120780,34396
54173.50645635032,143621,16853
54206.97035194146,98945,34706
54222.72481140645,26610,14145
54236.1627142766,40757,14692
54275.373782331146,172465,21928
54279.544155035735,36650,39350
54301.67437519407,158549,31072
54339.077324680205,31491,27855
54341.78028693109,158081,38273
54355.177651168546,175979,29648
54388.89451616334,92144,38017
54389.487638484345,168267,16864
54404.51174245932,91003,12478
54416.88392843961,74321,32240
54456.552185078595,83731,12800
54457.117989723396,172836,16835
54459.930182615964,128348,19857
54518.49388720203,20859,22245
54529.358766252146,34951,24581
54651.233036140424,47362,24331
54712.69311954277,31079,21277
54736.46852058437,149230,33268
54749.98437406371,58063,33478
54764.34290107372,54461,24501
54806.1120692317,130086,17109
54812.3007256505,82705,11776
54824.616042100795,115407,26673
54826.6778904693,154077,25526
54841.05189607096,155728,15051
54844.010222381556,44190,18764
54849.27208044441,79903,12062
54850.23647447973,67523,9134
54852.17950616518,145187,23871
54892.9073314856,75298,32856
54903.39111640717,74017,12693
54919.57770980233,176063,23196
54949.46063012967,63977,9390
54957.89509716226,74781,34363
54966.028423387594,51015,31979
54970.74707971329,47951,11843
54996.47336019745,107630,29237
55011.156516910865,155253,26963
55027.68059787115,32476,29495
55033.94569384262,21889,24184
55051.17901063495,130379,26762
55052.280903158055,106421,21954
55072.073028039886,37548,22164
55077.56593219209,156142,19852
55092.13390260066,58642,21986
55098.18935347469,97986,39846
55116.97647992209,135500,8554
55124.78877494689,49899,20950
55138.482096502434,65874,27392
55141.03688021096,29674,15837
55157.69645176471,59671,36632
55158.75103374388,94951,36514
55171.26919902521,104891,37812
55172.47160846417,81654,35409
55194.59838160483,137522,16350
55229.52015354512,143117,22559
55239.32279788273,81218,14101
55271.33872545068,115794,11747
55279.939675499096,140384,37981
55283.075398775945,35860,21914
55309.39797625457,37983,31742
55342.502168843836,172035,23515
55373.54348491392,54173,11266
55397.353063282346,22059,21793
55407.86927577012,151955,38430
55433.19375904679,51913,27252
55438.39342171009,109814,15122
55455.409398680546,105129,10958
55466.99145084653,67652,31856
55492.45942985894,106676,39681
55550.30835397307,37112,18730
55591.43211118993,24961,11630
55597.19710665393,65925,28911
55611.06921519082,28890,22677
55613.7220571492,166926,14726
55617.47593862102,100242,25557
55636.74257997846,155074,16764
55642.620967181436,173588,30407
55649.0704223396,60901,17606
55655.14664233413,134986,14969
55702.89789449891,63362,27249
55707.17082534436,54523,36718
55711.97908908301,107096,13682
55722.03290285821,99943,21231
55760.36154658745,123922,13071
55790.12514821381,32693,21942
55825.138053329145,85705,13777
55901.30808381897,157717,18928
55924.21920502336,119962,16898
55959.18366998349,53693,37010
56008.140357842196,140779,24804
56023.099289316924,74229,12501
56026.99726458539,108147,30331
56056.37894559216,89516,8077
56078.77568659765,133543,14109
56080.20441837226,88128,10995
56084.95990119381,97810,26023
56098.79756943737,176822,16145
56183.79752094579,93431,33796
56192.30057901554,34265,30875
56219.63674478025,168332,29427
56241.10719393239,170117,9458
56241.56947154277,168459,16456
56281.729959152144,40482,34936
56301.56881725049,132642,14314
56307.11399674245,162680,32685
56339.97288207457,139114,9506
56377.72702239317,100028,16390
56472.19447583243,50743,21029
56493.366788426974,113432,33636
56537.31688448617,97877,31240
56539.441329943744,72132,39194
56572.208800482374,178690,29068
56597.01475439947,104922,17243
56603.422247582384,179929,10842
56608.756185464896,31375,10781
56627.71142813782,111730,26821
56631.84468284061,134296,19131
56685.248286460264,84945,28491
56688.84534449904,155306,24732
56695.84345405864,171343,36644
56741.03714203306,164912,13704
56741.6603260988,116415,24836
56756.0956424263,55605,26140
56816.37418695228,129944,37295
56833.73484561715,63357,9374
56843.05115141544,42578,8604
56864.06131624539,57510,8841
56882.499134177175,68137,12221
56889.757839237995,48431,24596
56912.95194122918,127100,29259
56916.32723924574,97392,18459
56920.19075310267,137722,13397
56931.978345518975,67284,12158
56939.19820976364,55525,26068
56947.03136542418,82946,21230
56956.266528945824,43026,25343
56964.27000094225,139772,36321
56991.74314746799,44817,33076
57019.57139508887,165244,33806
57039.33260619863,50817,26592
57045.230262420395,45541,12979
57086.83926926216,104418,36313
57097.30702637962,161089,11207
57099.43411782908,130492,34087
57158.34629932609,88158,18397
57159.48615372437,91681,30714
57162.15614319943,111076,19249
57183.235150766646,139760,23094
57204.37920026695,31457,19132
57211.6297886145,154544,11318
57239.00587263541,34575,19575
57263.84811902809,159102,21228
57286.871453420375,113347,32906
57303.01608765187,174861,19878
57314.95133837745,56168,36998
57316.40958900435,99996,28591
57318.179769981805,71141,29524
57384.78488576139,30278,9318
57417.998452921376,158654,17270
57434.14630799721,161430,13917
57444.70767116308,166094,25644
57446.59375352665,85322,11372
57469.38114473992,135892,28998
57488.900777340525,20311,38496
57494.34160060702,79082,8348
57520.03793451744,60019,20367
57535.191950512424,59106,13120
57573.39548951772,171037,21040
57642.49944645196,92839,8153
57707.16859335903,80832,30295
57714.7635888639,166528,31980
57745.3736886662,29131,19922
57756.833890314876,53117,30434
57776.36998233409,53873,26439
57794.671851736384,158710,18857
57859.167850319885,21890,31325
57904.67837621408,148293,26084
57942.60317520512,59011,8293
57950.84240465569,124292,20219
57967.57711200061,27210,29254
57981.178314656856,52282,23368
57982.76658911114,169410,21114
57990.53556803246,88447,29459
58002.40582231436,40491,22572
58050.32149792991,166447,38532
58062.07700646667,100847,25377
58080.54104313088,110911,23939
58154.71233233418,76975,35065
58165.9854123516,128359,12052
58180.240261162544,53071,25768
58191.2221603233,74678,39415
58196.67346478991,82986,15268
58205.02291632087,125201,16967
58211.77214176405,23983,25306
58222.61574930608,167077,20767
58240.809563059454,98606,32918
58267.35631745196,64533,23437
58279.47067169942,94962,21148
58280.288987668435,142160,39040
58299.44252752796,68788,28850
58338.767819855144,27236,35969
58364.396663868036,148020,36436
58368.262056706124,91073,20098
58395.02123736691,177877,11645
58402.99345962178,172563,19576
58452.29607166315,121544,27584
58480.14686766417,108618,18822
58527.990691845844,106312,34737
58535.27739493272,66095,33910
58602.72512832974,174523,35776
58637.654335502026,36527,23129
58653.31208114218,102257,15200
58708.4809333342,47233,8070
58717.82478466368,127246,25526
58723.79217462049,106842,16305
58739.104272541634,39669,39004
58754.34683761252,166969,28999
58763.291376529676,171403,26211
58817.599375278434,120265,36738
58834.7444571275,24819,19347
58845.51468263139,97413,16341
58845.84309858154,32934,27064
58847.053529697674,164647,31212
58862.115996312874,140224,11114
58880.15899040516,108682,10343
58895.360955796496,86787,19415
58897.425339590045,40444,32318
59019.27610621746,140276,22724
59050.93154600316,66826,38356
59076.067226117,92067,38654
59090.68525447365,144332,29947
59120.99386180464,85761,21399
59140.308353511726,170472,35811
59174.50001425955,42259,36144
59252.19643876598,162232,25598
59291.10390372782,35055,12794
59323.093347732494,135177,19258
59327.186318307206,127893,35743
59345.08616690262,132467,14309
59345.14460031264,44217,35008
59370.12441882187,54565,12194
59376.02423680144,175301,36233
59398.7730935539,65743,31414
59398.87715126469,27155,27624
59436.32419851748,103881,8607
59437.56726181099,89067,15770
59443.0994519718,47752,22783
59447.79745283594,39671,28953
59471.51526527399,48222,15543
59476.56038190553,135132,27159
59562.03970631765,105021,22249
59569.63151910627,144563,38621
59573.17415453296,125459,23433
59597.27278098751,104940,20465
59629.101549285486,68330,25540
59631.24293344469,45357,22841
59647.71331251868,149509,11444
59649.235320939406,83026,29949
59681.01364699314,53634,10751
59699.9415790165,128069,23487
59775.09295609437,118944,30469
59778.035946039185,130971,24256
59782.154175262105,141539,17431
59798.11643931817,177275,37405
59814.390234328734,106129,20204
59819.4297911665,82077,16119
59831.232277435985,122630,24500
59887.110876608764,134453,25658
59908.23273505436,57502,14663
59913.40251411381,106797,10138
59914.87706576374,50890,23613
59918.85215217644,141188,28662
59987.44777959589,142849,8049
59997.77106021662,171951,9199
60012.505254405456,69262,8885
60095.485855102306,53122,14628
60123.67090823176,110206,21553
60131.541997252025,74911,19724
60152.506663969936,70515,25756
60206.270659530936,72916,33553
60252.85896069983,85424,39319
60260.59346996256,151227,9897
60261.33763949807,98392,8450
60280.14716824216,48590,8804
60310.364990186594,122381,39915
60325.217557355645,130398,32448
60336.75687155948,24336,38078
60356.90477244746,138351,12638
60374.63322258017,61338,35226
60410.51434206649,141741,18247
60427.44656789354,159475,23343
60427.846289879024,109255,37209
60436.42785115173,37723,33259
60512.81551211222,135816,34697
60543.6168330572,157432,21680
60582.49136639163,145714,34522
60618.80740237482,43926,33943
60661.859122649614,90486,8438
60671.72730873835,159295,35171
60691.55396730756,81502,20967
60730.44720758624,51553,30487
60738.30636046914,20498,30556
60819.644067354726,128791,30744
60849.13677759001,168880,27038
60852.751698053406,158794,33378
60872.85561670307,22087,10689
60876.73231986529,81035,15414
60880.56109715428,109530,20825
60969.90314527161,35808,19330
60981.318382821235,53578,24396
61100.698924903634,150056,14527
61124.90496910982,156348,8232
61154.0560043351,108228,21547
61158.67015156222,138082,31024
61213.7419405546,80887,18134
61214.58041241408,108818,32156
61224.3943317812,80197,21373
61278.18761348341,120896,10517
61280.10186016882,47713,18201
61295.69293051012,147482,9596
61335.58187643196,42950,31965
61359.25271794641,28404,14747
61360.00148932597,52812,35061
61403.357227992106,158742,15452
61422.75155409845,130318,20934
61428.2162744823,110550,12868
61448.76096861414,108992,28719
61460.983396951364,65105,22701
61467.11881242743,153518,23282
61468.337208462624,99232,15141
61483.87125526339,146297,17881
61531.94289728105,171361,29776
61552.23840992269,173393,33900
61583.012715434445,116046,29284
61583.024989968835,162128,33965
61609.23690254851,39271,11665
61707.28620335053,54351,35698
61707.68968146901,149538,13253
61707.812409428014,87873,19980
61717.44355688316,73795,23849
61717.493023971954,88153,30467
61723.08097953922,104995,12418
61733.78645809446,114336,18707
61741.61986740805,25021,24555
61777.93391021362,175862,24151
61799.66419613014,81152,10629
61845.8317770504,139859,29526
61850.42827414394,146921,37211
61853.34633221207,151350,22860
61869.82285185609,50753,8170
61877.517148120016,161877,30069
61881.725365363214,177898,28324
61914.82422607116,159059,10255
61936.27705322711,71300,35445
61953.33998232683,97951,10490
61996.84493700762,50282,13630
62008.59629175442,50431,14563
62025.17920920351,119997,17118
62080.174364907856,88177,21275
62097.248637061966,129160,15656
62103.08475208356,127722,11283
62114.14285047044,159001,14039
62117.69619076205,92861,12917
62138.1428096698,57244,25192
62168.42339544323,74987,24174
62183.72442529112,64406,14776
62189.26027050184,58523,20803
62190.86273527612,111817,30751
62234.37493790672,42994,15177
62235.69253673771,158869,8584
62236.23234844354,44629,26827
62252.92524456691,177596,32735
62254.6008564296,116975,15875
62309.32543380747,130382,25355
62375.60505647924,118084,39009
62401.82450521856,168175,21866
62418.26116769845,62535,33217
62441.14711629628,31752,39805
62448.25615335705,73648,15091
62451.849460331025,124405,22402
62499.674842836335,132903,33606
62512.34842872126,38893,24033
62543.205341143694,128252,31156
62549.454204714064,99069,39749
62685.73645047768,89174,31270
62707.860321073495,149896,30809
62764.27518939705,137193,24302
62773.12147408629,26785,29414
62785.824439827375,159581,35331
62793.19594564612,47586,24037
62806.4291491735,38498,36893
62810.19635613827,136385,39795
62818.75495037685,151094,17078
62833.860218411726,121840,28278
62836.72718257617,24825,28512
62853.119800576256,116122,17217
62856.37701157794,103733,18509
62883.51072939187,149294,27821
62915.29797378499,21368,12887
62918.1447501538,74041,37672
62927.35033478805,124708,18840
62937.08490273011,167909,22392
62954.62819249752,156145,39570
62955.462619271355,175381,27486
62991.629510085746,81820,18957
63015.05777745292,57455,25509
63187.904957781735,168002,10183
63233.96818237006,100831,20247
63244.742230861164,148448,17294
63254.171338602944,152318,20085
63258.68264703102,155395,37290
63263.9761566,147007,16877
63267.900885581264,163555,11787
63326.75330899681,142979,34076
63366.92053559912,128615,24565
63397.483209442034,87031,33989
63398.95278117849,46343,19698
63412.506365223155,78823,23455
63414.1403676375,145293,20074
63420.10329350931,59498,37890
63433.82542837562,33057,35208
63437.40855013878,72805,26802
63451.1656544413,177851,12942
63456.250516696375,89768,23354
63456.37276617312,124228,16632
63482.019898026345,81467,24677
63519.7304758849,94522,36208
63521.977465625976,96389,27484
63560.28075379893,85581,36568
63580.523855077685,82952,29117
63583.471232825366,154263,37967
63600.94390262374,140643,12380
63613.64190157429,56935,14864
63638.96302004127,160902,19295
63646.35398233583,33516,38225
63653.99063739468,141591,10258
63659.227271876494,86684,22743
63662.62272169559,49733,12541
63668.288048403905,76774,37122
63709.093034769496,63781,11430
63716.63074090449,104895,24960
63726.15327387447,67586,14096
63729.4796733122,125659,8384
63759.079046839164,146653,11112
63760.42777994515,41772,21878
63868.27567743818,62012,15318
63895.2441426615,47399,15456
63900.60958572008,104806,10826
63921.756529339764,121878,39616
63993.24371123648,113008,11207
64018.472504035024,28981,34866
64032.97914013427,161396,24663
64035.041824660264,172005,32455
64046.85601199555,105833,11071
64082.344360447845,42537,11943
64092.57327053405,108454,9716
64097.940339637054,175948,28859
64114.181849567394,32297,39744
64122.26771160894,112618,12076
64141.949257386346,143915,39339
64250.85881633539,177026,24022
64253.37769912297,76597,30686
64256.155407615486,55158,28451
64285.397927297454,22688,39393
64285.59476991928,66008,16590
64302.651535360725,74898,36400
64352.43958250988,44596,33981
64360.63830038848,82663,26424
64440.36306685356,21543,13944
64459.02273181462,130449,33264
64473.17022216232,29640,11732
64475.29734378228,66782,29399
64476.31509170321,48007,17461
64482.09199163445,119276,25907
64492.2732106151,144894,39582
64492.93350120545,82554,10290
64509.60303606254,35166,20075
64532.28720909605,141533,26920
64541.87742576786,177938,28924
64552.870927053824,33738,27072
64589.61080617669,172751,23510
64589.86338065559,59422,8662
64630.54115305753,88436,18292
64645.801676128714,150658,34891
64685.91407405265,44298,17460
64688.344548284374,54277,24713
64688.93537152624,78546,20618
64717.90553175832,150956,15853
64726.6922689772,86490,12473
64762.95192523357,117323,16126
64770.35453153827,173771,28696
64789.83239692174,26837,36059
64832.82854892223,98613,19040
64852.025350822776,88991,30377
64859.10443254349,119100,19960
64864.32135550477,43378,30305
64876.648586363306,47062,11835
64881.54376733707,87252,36125
64882.18299442045,170146,24022
64933.79520466659,165335,30983
64983.910858246774,142912,8582
64998.48838260734,93743,9037
65010.9713515021,147855,20882
65011.014436800164,112715,39466
65015.421929426855,25101,24686
65031.27404234774,113740,38379
65037.02120060986,62012,10860
65046.9517642982,117900,30961
65056.54386898522,46706,29378
65075.92157529217,31351,9173
65085.57924982828,156437,35376
65085.94211157231,58471,9447
65094.398508733146,43363,25856
65124.280895732285,70464,31155
65160.91170161099,42957,16803
65173.364327226926,128024,19187
65195.804694845494,67817,36366
65213.1695115344,114137,8244
65215.69445428654,166077,35728
65277.24794892115,135461,36709
65333.68509837079,179458,26873
65341.62895218264,107017,37935
65344.861960355825,141588,31291
65345.80800360687,76641,37646
65348.88116314348,47625,10475
65379.73505783682,172509,25790
65389.25161313481,114405,24122
65478.134427729914,104207,31071
65525.49235737296,161356,31933
65572.00179530731,149122,25709
65579.90595069653,98423,31258
65584.92728596625,167793,17029
65635.11030847083,100512,31420
65650.60485466289,62016,13172
65657.63565957946,115262,29561
65667.16120865206,91167,23678
65738.36949174937,90026,36674
65767.9268533763,100125,11481
65769.72117571624,147463,12881
65810.45253212148,104074,9575
65957.9626483345,132313,23804
65990.25629119673,74525,25098
66007.79377826111,39247,30790
66020.52656533547,101232,17591
66058.6816680384,168951,34802
66072.99497212641,141940,24137
66075.74674535016,164757,29495
66076.19756121954,112154,20538
66077.00244411899,153391,37749
66078.49804634888,116889,13184
66091.92468612165,83487,17272
66103.47392374951,49841,29334
66106.92095901335,90097,17662
66142.86544804342,162222,35330
66171.16330170695,78465,16340
66171.3938452294,116831,19848
66187.58770694672,169814,30466
66193.78696937828,134142,25868
66208.07610718442,137777,10287
66209.16401441941,38987,30490
66212.32663746936,36165,24297
66234.54718409496,78456,34307
66256.7351617787,109385,8741
66312.17984839951,109056,17062
66330.69536078906,73151,11418
66332.77740473497,96187,10442
66348.32514086462,52020,39358
66360.78456950939,83615,19921
66422.48713257906,33807,31595
66459.77418616832,84158,10255
66482.66304055614,75942,20744
66568.68218703843,101361,27939
66577.91401856754,115650,37334
66593.675177445,75403,8285
66624.59134066328,165957,29222
66650.67833703899,172357,10434
66664.23122217743,69393,37446
66689.70209552498,151172,23490
66806.29504655719,23700,14390
66823.48899277074,74425,10016
66831.15756552544,154701,32208
66845.77163150863,54232,32896
66885.98144889715,116943,35068
66938.4665869378,55444,39042
66947.19806255911,69252,25941
66959.78183521968,166206,13845
67000.21187393695,38095,18663
67013.34369354903,72417,17524
67026.47616084176,161096,9937
67027.55618975456,141362,18738
67053.64194037655,171642,39129
67057.49542918935,121778,19972
67096.10290075633,159699,14901
67116.01288062852,135323,25926
67128.34274362103,164951,17086
67149.56091263509,145451,12623
67154.17036814448,158825,24603
67155.9546700125,126476,22158
67156.83565805039,126928,38638
67204.04990610755,31844,29289
67220.01569637048,88246,24464
67230.96311463465,141377,22260
67255.89839623596,105676,21185
67288.24010528873,93588,10006
67349.43044772693,69909,31060
67352.27474729736,163803,38243
67360.93087645955,111034,9294
67369.4529512323,115511,13946
67421.8669024189,98675,38099
67433.21287409037,103219,25581
67448.45965345167,93645,37349
67470.61126524293,127904,28828
67495.24036965586,96417,15330
67507.43760099154,166033,19600
67532.79075957346,132480,21823
67534.58679138336,49421,23785
67537.75965625225,68191,28084
67541.81186742244,109352,15661
67589.54257139156,81330,34204
67595.18314452334,67953,23177
67598.30211772115,171629,32766
67604.09062788369,39194,30139
67617.68440390246,179332,33084
67639.06210530776,135584,32242
67640.98473744933,115558,23585
67699.39144102641,117899,11832
67719.7645142405,43166,21094
67749.50869934521,117811,18190
67758.81405661057,154454,16268
67759.23519244615,53706,10114
67782.46788471658,153524,15791
67845.03722431765,139492,38950
67848.67519371294,133511,8804
67887.46963213361,70318,39979
67896.8619075368,95147,28178
67903.1285416637,102189,22297
67906.09506559116,172330,12775
67928.12570113022,149310,17003
67932.64830774149,93677,36520
67943.84315030155,172597,36710
67973.0104031867,171198,29356
67979.49240020601,39482,14848
68015.34760797385,60875,26183
68044.73734851615,34869,10621
68048.12968120474,157103,32855
68082.21434126497,73254,20336
68086.31529746804,100080,14354
68118.75479112548,80859,15108
68138.85487269275,28411,24741
68140.56932607696,162270,24282
68149.45119581772,154818,23498
68157.1658637199,122540,31057
68173.4528004592,130185,30677
68187.53240310328,31358,20658
68230.42942694113,171939,36712
68238.95627335018,94553,38798
68243.09784450497,119202,38477
68261.58129647968,164832,29864
68266.04987359082,28705,12397
68292.63785832528,62648,26513
68306.71173901773,121918,8715
68342.52282495388,78365,29416
68410.5155486991,49521,26368
68432.0975406143,156872,13785
68432.36246623968,148138,36497
68471.39164970932,31009,15011
68507.4431375975,144761,10713
68512.32997425774,126452,33992
68513.89205745111,172278,23198
68518.8371800885,139380,13691
68528.73387851143,146247,28235
68530.46156927975,131878,39145
68547.57589205593,142865,30379
68548.47031710036,116757,37294
68562.35130516259,173766,33022
68578.55158168796,82473,16569
68592.15570040936,36341,39746
68594.65062352766,58365,19082
68609.79033198068,24060,30245
68623.0918637533,173069,22893
68676.68003374153,96439,34069
68688.00128650351,161449,28354
68729.3860884808,28337,8438
68734.89404727338,178660,11189
68750.00338265851,53432,10888
68750.75470377244,174650,15373
68752.69312273622,118057,32698
68781.38425081717,127581,33876
68799.52132525096,164977,19799
68858.87462422672,153053,11626
68874.38925574883,141116,14122
68885.00348765551,49236,33544
68908.57581559627,44553,25792
68921.81946297243,117647,11199
68940.6674864851,158162,25669
68968.73065708885,177473,14008
68977.73620805558,142399,34449
68982.24995350301,57941,36124
68994.92167764762,74229,18995
69013.78956838854,83357,22706
69024.51026416566,150486,20842
69024.78417834234,124642,15327
69066.69824288701,134061,31140
69079.41309502264,149323,33271
69079.65185880897,111346,17439
69110.58437413636,95738,39420
69114.21466629526,36760,11008
69118.81308615192,60096,38339
69156.91928903677,155592,12704
69157.77722022105,91202,38072
69172.0890157043,65702,29761
69179.40563579883,136539,26307
69184.71663093448,176652,11623
69187.1097846176,156304,8334
69207.98467736166,43257,34353
69223.88967113876,101120,26023
69251.19630708259,67505,37801
69281.24769513014,158508,13996
69291.86420444782,42334,31060
69319.08747486844,59500,10049
69334.17639497799,29935,17268
69411.22631753191,153950,26340
69456.55184801875,25533,33063
69471.5715819796,37942,28274
69504.47678848205,89198,23540
69506.03971964114,59812,13517
69519.02658009075,62210,8367
69526.53647760402,116140,37910
69587.28010717023,29813,34409
69649.42503331898,72685,10408
69650.13646838229,34847,13288
69654.43897276452,89156,8230
69678.30822525674,75738,19715
69685.84084597418,152473,23438
69688.62309938269,136288,32200
69690.98664761434,153996,35640
69692.48982761864,149633,38059
69693.83163140855,81578,26513
69715.77345377118,61184,13568
69720.66503276059,52346,15212
69746.19011254919,107558,28122
69746.680651632,37785,33154
69755.88679357902,114908,10865
69764.81566692899,95038,24636
69773.49964691234,82504,38272
69797.31726385429,126446,27415
69822.88424805978,173141,16583
69825.90390887382,98822,34719
69853.78994525864,24184,12893
69873.77372271645,162975,16744
69898.86093389809,106234,8211
69911.82339770053,145000,26295
69939.48494860463,39123,24718
69942.86347294759,174477,30933
69948.87072551232,74047,13291
69954.13964470975,115308,32488
69996.57220983529,90486,16736
70012.72121283013,22286,39808
70066.74153753386,49508,31041
70081.37564869378,149792,23404
70103.59224638004,95853,24651
70151.70344747682,136883,10381
70155.43392504113,150479,36985
70158.2350375669,89229,31310
70160.59080154054,124630,36899
70161.01880440323,87005,16136
70161.65428394664,161559,30498
70165.992482801,123419,37553
70224.05548809553,104899,26784
70227.72160656923,157949,29970
70296.49605675084,150757,24967
70310.6744102953,76558,39207
70316.72535061334,61489,35724
70325.02745677109,92309,30562
70326.6374558662,170245,13920
70348.5960476818,21921,38049
70360.3239795656,134523,14740
70368.94167570614,36048,10540
70375.66402206353,139173,35003
70378.91461853293,98169,34175
70397.06589450789,127821,36446
70399.79629444482,155038,38524
70411.20914115418,158924,22757
70433.08178770308,162744,19331
70455.92564876321,48937,10864
70456.02109886972,89362,21545
70458.25571611631,85457,26329
70521.45934540858,70272,32693
70546.2674251884,103361,35344
70561.23886840712,39902,31799
70597.01068059714,42412,27034
70602.61311891214,109103,15468
70605.34551324378,105236,34376
70632.27848730849,167610,13808
70635.17149738569,83110,38003
70648.06002634559,23780,26247
70648.97628556467,137921,29861
70651.85063033311,53746,19264
70679.51967284536,102690,32642
70695.1389408792,33692,28221
70710.49402922757,154143,39978
70728.9424529469,96735,39304
70872.35680273082,130494,35957
70879.94268177464,51462,13964
70903.1672722643,174406,24588
70968.19567699787,48125,17448
70986.42590578902,113421,30051
71015.81518043109,47785,23675
71058.2619201262,170082,27921
71121.47623071888,105500,22937
71124.29259085775,174224,30432
71168.49780928876,93963,17261
71174.92501247712,68348,28856
71177.31236975924,27300,38131
71182.82007531612,114441,8538
71229.72757580139,160443,18482
71327.64410034762,99612,24379
71329.02070479549,85443,15108
71342.98023723769,24008,27681
71348.83086368702,143973,26493
71371.72534600279,60525,34966
71374.35416992166,106577,38251
71376.25957208245,52044,30903
71378.43697666473,176123,9399
71396.64281568833,149105,35641
71402.04618629067,98602,11614
71436.34720817744,41343,23456
71437.30073907261,115552,15252
71440.00744099088,32279,27169
71441.99120155872,58274,32598
71463.9277593035,147035,15584
71474.13822686332,75565,20664
71515.14212835,65173,9995
71523.33087804852,154996,14810
71541.18801673032,149046,32324
71569.35339579797,159750,16681
71575.86018523754,155338,34389
71580.66785311756,21290,20825
71595.38115747101,59422,14853
71610.41310886473,172932,31235
71627.73381402335,140596,37653
71641.97636713128,139867,36873
71642.11555879748,22222,33694
71643.00493246147,132382,11918
71670.27492422734,127562,18275
71677.02094309972,76388,24094
71741.57178032627,141586,16028
71768.06286390332,117303,25536
71792.14108814903,103066,13230
71821.55514740356,96665,39417
71857.16626052735,156942,36751
71859.49366434364,103882,30755
71862.61182593404,177391,21615
71874.15807505029,114950,23197
71902.77150789014,128592,37300
71912.68989143746,151790,33112
71921.61751650239,116795,12587
71921.75612740574,72591,18374
71930.07405186558,66464,29800
71943.00600678485,54554,31363
71964.17648412456,127754,15390
71969.84916660338,21906,18749
71976.32212228725,74906,32710
72001.52353224212,97026,37477
72007.6516977734,126196,12796
72007.68495051585,25300,25970
72012.9033785956,41275,17282
72053.06850833767,57968,28262
72070.98689278317,40396,33250
72141.96254202865,61334,13889
72147.70641651089,39423,9287
72185.55451460536,41267,14954
72189.72822377307,65635,9247
72240.2678597766,42958,17363
72243.58645318304,37571,13224
72265.48012700047,42695,20493
72284.91276700501,99135,11231
72322.26251676538,20435,25828
72329.02558771375,108218,32537
72329.88630943249,45939,26025
72355.57647915583,152911,32132
72384.43642975029,72116,20345
72390.98666821232,75451,34301
72429.0320741356,49962,13074
72431.71904676236,30159,27382
72444.28356203302,87413,13199
72473.2137506421,26287,14464
72479.06813206365,144370,28973
72488.05195616352,138756,8304
72491.62881099286,168152,19839
72533.97061897464,53863,29332
72544.7687780746,155181,22998
72574.06121278611,148417,39577
72574.72954843083,163470,24261
72585.41418009426,107858,34449
72595.43726192725,77979,36120
72602.91374103095,76496,37015
72625.62226861491,78840,35708
72640.04427954671,42491,24900
72644.92541823434,45816,33595
72690.95862466592,138611,13503
72740.74959776251,179719,24307
72761.92684141913,110696,35652
72764.32706688382,169525,13988
72774.70018560466,99726,29732
72777.85598376305,164807,26668
72795.3060299732,176462,12388
72828.65324265277,57962,27030
72845.62064772919,54764,14215
72899.43019809692,89560,31110
72929.48043196737,177019,16347
72983.54207495702,99761,28991
72993.78238177532,43401,17777
73023.61056177432,23472,39409
73043.23169968408,160030,37599
73044.77149960777,129820,31689
73066.82340706575,40221,37436
73081.07653705018,50630,28830
73125.6976015066,162862,19223
73140.66519926526,58121,13802
73145.62337660871,129801,12680
73170.1812094288,166407,13941
73231.40295692722,131897,32106
73252.8335224088,20039,10590
73263.68145248976,25976,11790
73266.51668084435,68953,11750
73362.17936181561,170539,25235
73370.00370792636,82834,8998
73384.68342408378,70237,30172
73388.98427545548,30734,11022
73406.29439514021,117633,34119
73560.14726109595,32562,27751
73564.12128311372,39582,27313
73580.14739099849,27039,33481
73590.12424629237,83044,25680
73604.61794979876,86048,31167
73605.11744822976,142751,16407
73629.64217040442,98495,25257
73645.71851757294,34619,26487
73655.73285761732,130275,12296
73742.38156020448,124634,34815
73756.48383989128,93355,34618
73766.60934366238,23061,20492
73767.81559499573,72328,15990
73787.01275363224,24183,26583
73791.28997161257,65890,18132
73799.97044833684,51143,8682
73842.02881154342,44038,11263
73902.10107736138,37636,38831
73920.68650872163,27482,9141
73924.86916534204,105755,33445
73932.56657805023,22595,10730
73932.80642647484,123926,27870
73947.66534635214,129571,13869
74029.71810917447,111444,39745
74034.59312480589,68886,34861
74042.71417095704,135421,39025
74053.5501024964,142568,28422
74056.21445891996,39564,26679
74062.7768127978,65504,38359
74108.72758828914,114942,26012
74150.38896240253,167605,31255
74196.03946722011,137557,24141
74201.62685002085,167897,37305
74209.09771124546,31200,21146
74229.34826861147,108880,16580
74240.24659222784,162179,12840
74321.02791795295,158211,19705
74331.90342047243,158592,39318
74335.06808644433,167744,19755
74339.46861428188,147256,18962
74368.18453142072,128360,28432
74376.48409519947,29539,25984
74381.2521783565,174147,23044
74403.1364130514,43801,13919
74455.47874185801,119678,31417
74458.3824313386,134049,19861
74459.61997082278,179133,16433
74464.80354112806,77010,15681
74485.06631289776,23567,25862
74510.17353200009,172577,11435
74523.5205958362,130457,18910
74523.74421172241,112211,21331
74538.56290249394,107937,14308
74641.0611148677,109169,30669
74678.43012091175,80152,34034
74686.15536090745,114815,24364
74761.15138385793,50823,21715
74766.24357970897,23393,30274
74779.76475521,138850,28858
74842.11113235679,126408,26224
74855.81497511627,47525,30832
74883.78959282974,156079,27945
74887.46331747794,31162,22286
74891.74064956389,145099,20031
75007.93182398618,56348,33924
75014.13093329582,102904,19016
75032.41224008966,106228,8617
75115.96415339434,43045,18151
75138.68234720513,105568,11348
75143.03207992492,169928,37056
75172.22879765632,84611,34411
75204.61205021528,146641,21805
75209.53555925397,51962,22534
75215.1058903066,170741,27109
75217.90105082751,94880,12392
75219.26661355095,143822,8807
75284.31085853904,137484,14772
75308.11451588133,70157,17933
75327.90205618639,175971,38983
75342.51249311544,71944,25354
75343.54748199256,21228,9634
75386.62039408923,47818,12573
75405.85987922523,66501,22139
75406.34883192868,35803,29941
75412.15946281678,71182,26993
75466.85790784676,149388,39928
75599.95793954808,108577,19323
75602.14252834307,109500,10087
75617.5640900326,35842,29677
75642.18815784469,154232,27898
75647.62502819556,35833,27527
75656.47394653497,59771,10582
75673.16864064288,95995,22792
75685.83818202035,22436,26319
75688.2236274255,138116,16595
75696.54996358554,113815,28259
75718.9077687225,164100,22309
75724.78287392965,133270,15532
75733.62878219847,36196,36979
75743.43060046512,76454,14598
75743.58870941271,92217,33438
75746.94807896674,140687,10049
75772.33944514408,104152,29268
75800.89700669778,56772,24043
75849.46353430585,133868,16987
75870.5256287558,158559,12952
75885.50867505482,97158,11331
75886.74884365151,166412,31513
75935.78196483222,44373,20993
75979.30884519005,137466,8566
75982.34495274766,24802,16188
75998.5142728526,157128,13549
76003.67831308673,157761,23541
76003.75021144668,29481,23932
76069.37581301689,38189,21106
76090.70488191544,153216,18945
76106.16678779408,57612,30338
76137.23112278583,133421,11815
76140.57441957388,51057,18471
76146.81322821468,128889,33935
76231.10993431573,122459,9804
76245.94685695415,35196,18519
76261.4436287622,168928,9081
76286.75752212266,109674,26742
76305.39314908594,103227,20504
76312.52732220714,23958,20103
76316.09662747946,146860,20504
76352.57495512151,90767,32648
76359.3152675634,122896,28219
76380.44395571532,60490,19242
76457.22123979975,151864,11084
76483.44524012627,128101,38809
76483.99835727084,121076,28862
76500.94824215092,43690,17536
76579.21736106658,173897,36782
76591.5062525054,27547,10267
76597.1674144665,108413,38875
76618.13897173085,65641,15464
76631.4131193007,90965,38093
76648.05026640177,103682,24969
76651.08901919643,92524,28406
76673.24593780102,129414,29517
76697.78377491162,160929,32873
76705.2184537655,121050,19521
76725.79592564724,25492,15535
76739.31363250334,21444,24255
76774.16210334489,136937,27254
76786.28863417788,150453,20202
76788.63465322246,141283,30682
76793.43635114857,106832,9784
76800.38514709788,122483,38528
76819.75039224849,144416,17616
76821.21274841185,31909,20212
76839.0080194461,61304,20948
76841.77266459007,78962,20397
76845.52312423081,136587,35525
76852.20194066162,158435,37017
76959.68850983499,26861,8625
76962.06670030185,101248,23847
76964.9403290209,133197,15586
76973.97681717115,38541,21779
76998.01799804845,54662,23462
77016.8753879791,25484,37001
77023.48106638713,63535,12967
77069.90357687575,30925,32983
77109.69124347698,97362,8749
77111.96714164583,98691,34038
77186.07651819866,103076,8093
77192.99457460183,44574,30971
77212.37472991404,115953,27246
77220.35367500213,123021,19961
77251.68950776808,72166,31465
77262.84712689958,135969,23417
77270.29148367552,59446,35514
77282.95933581654,44911,21122
77289.06666337888,114376,32744
77298.4295614295,57089,38119
77364.9290879241,159355,39417
77374.7413063649,21838,19220
77389.7093979983,113136,33458
77389.71637447167,29757,18074
77401.93420154907,96001,8515
77426.43764182023,22291,30056
77458.05076607058,108952,23996
77490.45001451344,60762,35240
77507.21904345504,145244,32722
77523.73099222363,131237,24200
77531.25890567015,169350,23877
77554.0057111205,145446,18970
77571.56886096735,75155,20307
77594.41319442676,118935,8188
77640.30614296012,48080,20490
77700.6369131897,133610,37264
77719.19744440001,28850,32760
77734.96242258137,155772,10102
77787.02965830588,170002,15016
77908.09804403549,126000,31554
77908.99968849396,137605,21800
77928.28240382989,71047,36007
77944.01905946397,60855,31635
77984.10964933221,179158,24364
77996.5223779385,115429,33809
78009.96929596338,139936,22053
78088.77243519033,82315,39992
78114.2012239659,66510,15808
78143.70576949876,119910,28172
78161.90112655217,167602,29304
78188.82259130698,98838,27620
78211.4803268654,116894,35430
78241.98251309637,149391,27188
78262.6006322754,47519,17183
78267.82517249697,101289,37347
78268.25583149437,39915,29172
78273.30965368875,121172,23975
78360.59366881764,122356,22642
78386.53864351349,84170,19887
78419.40634936644,95682,20009
78470.34875867853,60314,21499
78474.92707207825,35893,13986
78565.67752243894,166659,24654
78586.23483286994,98536,38814
78615.16774664655,120116,37598
78629.00009767828,77374,33035
78634.77231422468,158997,29043
78648.66084143955,68552,8122
78676.98446855195,170790,17206
78681.06707408348,162025,9707
78688.93157246371,88821,27718
78715.87751183815,114583,38886
78742.99832500449,118449,14432
78743.64191044014,40004,26072
78767.53277630261,128687,30461
78796.79237868104,131098,8287
78811.77453630458,129989,28195
78828.81914202304,112367,37729
78834.22613125021,127040,27542
78838.08670786303,61752,21505
78944.83022155854,54557,23736
78982.04115396024,101417,14394
78987.82947266249,29785,34035
78990.08391599961,90200,18387
79005.14110793319,65072,22822
79011.96355099921,117788,10464
79032.3980691833,112745,33794
79054.56259365415,59408,17543
79055.45833922316,171969,24321
79081.19013213147,55092,35713
79082.17512341082,107958,10147
79088.58433072513,60859,30630
79090.65614542365,125505,21419
79115.62610869107,42996,36506
79124.29971232936,29071,37806
79179.31592597613,138835,27142
79186.90061019616,152357,29493
79242.04826563068,124251,38430
79278.30210214254,98904,37222
79288.71182483007,160256,39587
79297.17086472895,108129,22193
79337.97354601075,75061,10719
79346.73694720119,69238,29275
79359.72043096588,94457,11591
79376.98435275801,83847,11786
79396.4902064292,69159,15845
79417.28482476134,77991,23839
79422.52711141454,99452,38453
79430.48687897682,93261,20907
79484.01941963466,72749,31848
79496.35169579241,148448,10991
79526.69520129834,158337,14402
79555.64892201037,99019,25178
79569.01241514864,33641,14182
79592.47441773962,154743,21045
79624.7529611984,150781,32385
79669.48395940452,150042,16221
79676.17258588635,32910,39789
79731.42382182747,85421,24170
79772.28016982772,40295,39070
79788.44756211895,39162,11851
79806.57909894417,143186,32628
79837.94473801713,127865,11334
79879.15689946033,104239,14741
79894.53697616211,173847,10882
79906.50932792219,46640,34822
79927.90515055261,137407,24542
79928.97725814574,172965,35907
79929.30113780248,69502,22681
79962.95251981716,43667,36014
79965.61176038887,177648,32260
79968.06199943546,76174,28405
79993.24403805002,175260,9831
79994.82703943511,62928,30489
80015.04807685922,77539,32780
80015.62231595874,55726,36059
80019.45538947922,161621,18341
80031.60751211802,141782,24591
80031.8535297993,158474,32744
80037.70082051442,43966,34929
80038.86805677484,59565,35740
80049.11236152248,63705,23188
80082.00325426576,50230,32085
80096.46036390298,104856,28413
80097.9504034281,42048,12596
80118.94452770281,146611,39459
80163.29157258438,58615,27663
80188.78547252339,50415,37395
80196.81561754138,134404,9086
80211.15427249715,54781,20445
80212.19039926697,46081,9028
80218.08710486985,154683,12606
80273.91795348104,64384,18128
80278.62027701108,80186,30641
80280.38058954758,155799,11454
80307.6155695913,94346,17533
80335.983928649,57543,21786
80386.91614971851,151961,16850
80405.051075783,97622,10459
80428.31351443661,54960,27509
80429.4201273138,115391,35333
80458.83523256464,50961,18549
80475.16613070181,47844,38491
80539.05469557358,165574,30655
80541.5333894884,137456,29466
80589.73598746005,124148,32960
80593.59549253431,44957,21053
80594.99189322504,162644,35529
80597.23697006161,119944,21608
80601.9921321148,132272,8681
80606.02467607612,131816,38292
80624.70901245491,110755,37226
80643.20416518375,32062,8766
80713.91015940005,98624,30525
80714.70496403759,60537,28495
80766.28589680238,92892,12099
80781.32781752253,44761,18306
80785.01747506364,43946,18028
80830.98108442435,93124,21365
80844.28863070713,152014,22932
80900.58262758476,99658,34164
80945.1162787659,145323,26648
80993.2769451576,98253,36954
80997.80063473388,162823,25877
81037.49247858682,77830,9051
81058.5308561017,50644,12933
81079.14236442774,110961,13208
81088.94426581879,124517,35549
81124.53972783413,40275,22635
81138.62652426922,50334,30393
81190.68212433434,179285,37049
81192.32598730866,31967,32067
81194.81869944418,114718,14434
81222.89662082342,139757,30496
81225.26104560912,56649,37765
81288.72916340562,95270,23504
81311.79297433079,160514,38747
81322.88331868076,41931,24595
81332.20262918113,53872,19989
81333.80487983531,139598,39219
81336.84462985634,144367,25827
81338.929937945,30268,14981
81350.4016703222,48093,12842
81370.35534123269,71342,14517
81399.10538911232,155994,25996
81409.0132637322,68517,28308
81421.9694150553,83890,34541
81430.10246880315,33910,27313
81443.10697882799,154557,37562
81454.35296985919,20694,38480
81456.60222936423,139294,31370
81463.50086224843,138368,24152
81464.57678836907,41302,37206
81499.87238339591,104436,14456
81531.06615642649,57232,10512
81537.0717167886,111109,25073
81703.87373518637,157336,24577
81708.20462538545,104302,31618
81724.96306007117,31369,27332
81727.84957356799,147874,12270
81737.79219296266,34224,27971
81738.93198483072,92302,21326
81743.08137945269,153097,27535
81750.31657754703,23526,18995
81751.8356693148,129518,32176
81760.09890628504,107105,30763
81762.07346961593,140967,34051
81811.55651280213,65742,12759
81820.13846381321,26637,20050
81843.63722734526,140932,11981
81858.69188508941,45128,36588
81876.93081143,103086,21796
81905.0927666015,141768,21624
81945.0320436215,167752,13209
81972.42159786876,33287,16011
81998.88115268326,59322,34435
82041.48524693775,102211,30088
82103.97275749069,172658,10824
82176.06970381674,117149,16495
82188.32792649795,173928,16578
82221.03136885185,129137,12298
82266.86581291123,76817,21844
82281.57945877066,58028,13597
82285.46012651006,23526,9557
82317.99967912737,147338,20966
82338.51801397774,163081,30414
82361.5167822741,42371,23516
82369.51731503296,25552,33370
82373.00162307148,114010,12440
82375.2864210724,58887,20371
82383.74041206196,146976,36557
82428.54829319176,41406,39617
82445.22776889762,72245,21060
82453.91961672228,147735,32989
82463.4300389117,106062,39661
82478.25840358867,101139,11247
82484.08415920209,176428,29968
82486.38208641544,22624,21336
82508.79339432798,126391,39548
82533.94613878799,136063,11237
82558.964353093,170844,10848
82619.10578601231,108285,38842
82626.31234312805,57727,34677
82627.63722557893,41081,15365
82661.68631604088,79799,22044
82666.5477956854,34262,12934
82666.77808433416,95324,15014
82709.35231608174,87240,23315
82719.68263700286,129184,27304
82744.34318091378,94692,29257
82753.11722230686,152050,31335
82758.5301653383,132514,16620
82786.07737320835,152277,13993
82787.22792093016,111483,37967
82804.11866918016,80739,35822
82813.92808825575,166681,9176
82822.99196457212,67928,31099
82864.57196175013,37174,16707
82911.9200873137,44903,34448
82928.06754416862,162876,14367
82938.60267543093,72894,36946
82965.99792552188,35749,18327
82970.45722570572,176975,29544
82998.51040009546,122086,23205
83006.33691991841,168893,15808
83055.23960405706,62118,21081
83063.64745752409,142334,24625
83094.63084396024,48708,35056
83115.043421238,106301,23568
83138.68788732585,97949,24128
83142.82507335473,90544,25203
83168.54056553202,145751,37911
83179.69649027697,37147,19240
83212.77124939418,87209,29953
83238.083771037,148195,22523
83249.82898782616,28053,38831
83254.97471227957,126097,23065
83262.38777148335,159938,24553
83343.88560562518,20651,18040
83354.13212903548,159881,22389
83355.24005726466,60261,12906
83357.44382566413,91064,24976
83367.06204086081,142008,35759
83373.89728453103,64892,22455
83395.89987143192,41157,8418
83468.18214184404,47877,38801
83473.23081202136,93768,8127
83482.29634654266,148532,37508
83528.97984895298,46514,11367
83546.05559646529,87519,25735
83554.83369972542,136624,20313
83598.4485457496,46059,23721
83604.66065184746,74862,19724
83609.61056454766,94181,22230
83637.58855253998,46901,9326
83672.74240295166,53457,30464
83697.96026637133,75262,21670
83720.033308555,105370,16595
83720.88614571882,110409,19329
83743.55852185737,127451,20809
83752.7226628378,81521,38299
83772.07155050505,136172,18969
83775.77138648376,151969,19978
83790.56929393447,116260,30083
83813.36109633399,66364,22064
83828.9928031644,90696,37940
83858.38611252928,153404,39220
83861.99267934481,118986,19177
83866.4820966954,43035,38503
83900.84650050045,78370,35009
83905.88433581938,123640,28264
83908.74948184955,43783,35255
83929.51046924003,31856,17958
83940.89918606472,81112,25274
83965.52193570333,116747,24536
83995.1236005849,51941,35520
84024.88165939478,32773,20604
84032.84595325938,24045,37681
84043.27387689646,133985,27614
84057.16224979238,31973,20078
84101.14479393317,110863,27485
84121.14880934327,131052,34334
84124.01163209078,144098,21115
84198.27771229966,133383,27922
84217.49272778763,97736,27892
84239.94530516023,125865,21456
84239.99076451453,53467,8428
84251.77066255365,145013,23349
84271.5955984743,96615,8981
84324.1521538474,20158,23715
84369.37113048392,32419,24056
84377.13626322146,144053,9937
84394.17026500932,78274,32370
84414.92514663092,82454,22140
84416.89083260964,97564,32366
84419.0599284922,95925,15625
84423.85617624229,27950,30126
84456.78090494579,92190,32406
84469.46356204191,63957,34091
84497.66247065064,173771,9762
84535.76172715287,178326,24934
84546.8467998803,41672,25485
84548.41176497523,105591,24248
84578.07551506085,176669,14134
84625.11250787224,41885,35338
84637.71858662053,27820,8340
84641.59427697287,128077,33109
84654.01183422301,152498,23125
84677.00719956182,160034,22044
84685.03059906788,24452,35837
84709.38104271052,63609,36862
84727.77178948563,157466,17491
84753.43912655413,49350,24514
84826.27542991233,107017,36594
84898.35148865373,162394,20401
84902.01074689373,44676,30880
84907.19764376296,134878,11810
84919.78154761616,59688,31982
84965.01020699859,107080,31517
85008.70086408251,58014,16691
85011.34525752289,174802,22370
85016.85103930744,135323,11622
85021.31930436872,37770,12400
85026.31090897077,52018,27097
85046.2583669424,56698,31466
85052.47161707845,132511,38551
85053.70250286357,121048,29471
85109.56968064305,153045,15983
85116.44159251246,36070,22859
85140.75762040514,154188,11591
85152.9014443223,118671,9471
85155.91522993933,99077,25871
85167.39027881082,60747,29214
85180.96509615764,148485,34062
85190.76721427462,95263,16192
85202.1546416013,75623,14816
85208.83305951174,81331,18109
85234.64673975384,91784,24640
85245.16947244447,143113,39834
85250.83077672495,117447,38304
85257.76948935963,135108,8843
85279.79886325613,157287,32257
85336.5478523052,158316,16046
85359.50995477612,88483,25672
85369.78132132039,37090,38343
85379.79341519454,111003,18362
85431.64635533268,161229,23340
85476.91971990098,48838,27816
85488.22071039527,80056,13080
85521.64370298623,129657,24959
85533.36779495385,54355,17728
85599.84911820112,48016,18044
85614.61291429521,29048,29246
85642.21787911512,54985,28610
85651.06429806091,107541,35233
85676.5568919359,119954,31812
85703.48112758598,171193,30845
85743.85894747579,70524,12843
85751.44231944456,137165,18665
85776.03255181486,140286,33202
85788.49080939054,145865,14525
85812.86997905052,37428,26164
85815.55526574644,160189,9334
85841.85719488379,137250,24648
85853.05896150655,102985,36151
85857.22781557105,130287,19261
85872.31698474205,115524,33210
85877.2072650011,155541,8778
85904.84055494693,154626,19706
85931.95089602192,149499,39036
85949.3422098872,130191,22924
86004.12518418186,168905,29509
86020.48206392318,47034,31778
86037.15238862083,83531,32962
86066.95843668531,86757,29511
86091.97487749228,93953,17167
86110.07911916857,28464,8736
86146.75547890765,157252,27631
86152.35433381495,100545,34978
86168.5252422612,152777,13835
86179.1152532119,66090,15578
86215.77880894032,111425,21207
86217.62718045965,97314,31825
86245.49937383551,174551,14035
86248.65119992886,179740,15547
86269.49168898731,81985,33202
86291.45036868413,56356,8446
86362.87524387732,163609,13195
86413.92948236171,146283,15031
86419.17396399323,75213,28137
86458.86209618297,47242,30703
86499.7298102418,165599,30275
86521.33888523902,104653,22224
86523.6008413935,80305,25128
86532.04852904193,70114,25410
86537.64451046559,148366,22486
86540.76471981546,82200,8930
86567.1131584881,24891,22123
86586.04644666328,126928,31267
86596.38944295059,124941,23678
86609.57091487964,57385,8516
86611.72075895866,104821,20010
86640.65796399402,132104,20127
86650.85458421063,78043,12606
86652.32040089053,92062,34803
86663.10632349543,80504,14315
86664.18429878131,54119,21108
86685.21215950855,163037,25387
86694.42836370843,27107,15206
86709.811729645,138042,21673
86710.93409049921,64582,14040
86732.37785922995,64772,32941
86748.11255760117,138867,9913
86752.70171935539,56544,18491
86776.53617079984,117200,8963
86793.08150419976,116480,35907
86799.27225770231,62735,11924
86828.01291162922,133484,29163
86831.32435536395,60396,19328
86836.53113159584,61197,35671
86852.93264313732,52959,9015
86857.049015625,163761,35233
86868.51573684496,134520,18897
86870.48749641805,88801,28919
86911.42310097734,94711,17093
86957.64432536458,56852,36349
86968.63626956118,101615,16760
86974.25071334872,25387,24875
86989.4984497719,164202,11407
86994.25641393593,87900,34198
87014.299886354,65289,9824
87045.13748566262,107600,21767
87076.12074771046,148251,26701
87100.40993612455,47525,10731
87125.12068864831,166615,20977
87131.4536117175,84805,29239
87157.19055051812,40165,19524
87176.01504697256,77858,39409
87188.53150766503,172159,9309
87195.8130963005,178579,11085
87211.42919610006,31391,11889
87220.98251909051,58727,31503
87236.78775134025,175500,37806
87256.4128367527,104558,27930
87288.25578025286,127435,11782
87290.75054872932,171919,38464
87309.2512107805,123286,35119
87315.33892610848,99882,22238
87345.71723236112,178026,23746
87348.04002311219,129942,37288
87365.57026769417,111524,20190
87389.06302773433,168310,21964
87408.28273729328,128637,33324
87441.4446107956,152191,8827
87452.74391664017,70127,30373
87490.92292765461,168385,18722
87493.84258379885,156560,25680
87523.43595860312,78647,36945
87585.79230296735,34811,21714
87589.0076213065,175843,32683
87611.57977338384,177862,13881
87662.95109344732,72781,31516
87663.89354974721,160864,33782
87672.55481444717,123863,27336
87682.62469734176,113729,17347
87699.94729319816,174243,26595
87708.85675495709,148632,16373
87721.56502459229,27987,14311
87733.24606234788,24017,19963
87753.57214340393,44290,27512
87768.62407730983,164328,9760
87789.94045675795,20358,11702
87790.87512308509,92607,36439
87804.93300593297,78470,28791
87816.04652786176,38043,18124
87854.4738738608,142812,10977
87901.24500843651,21646,9865
87949.62430348044,137350,31649
87964.53467441024,118068,19514
87970.28458971511,175633,37610
87972.76019337472,54906,33283
87991.93409772465,76024,20829
88004.25785249282,170363,19227
88054.21554919449,133639,19164
88066.10070810515,63882,20166
88072.51598624678,92576,16564
88076.36733987536,38971,26687
88087.72202546221,103886,8048
88103.19699880549,176970,35136
88115.14891314934,95590,39536
88115.55300754715,172424,38693
88157.76294942407,156555,20052
88180.2932345586,96572,34855
88208.46248367432,97867,17373
88233.07120769036,108789,13993
88235.21886477432,70314,39264
88252.13976438649,102472,38521
88256.99437341103,116602,25785
88257.05708388948,22467,28105
88273.10067874646,27781,13990
88289.39837901886,26712,14301
88302.07096131814,23944,25692
88314.86357794132,148862,35477
88327.08632669582,62865,34665
88327.93835501102,143359,20051
88329.66296581856,78112,21559
88357.95497089239,42054,13508
88380.92254693212,103441,22780
88432.54361009403,70039,36330
88440.7302088422,21025,39793
88450.54739597728,45122,33329
88465.17092840213,177185,38546
88501.70903258542,105779,25472
88520.40315904166,58200,39862
88578.94509414404,128947,19089
88611.32919355329,103493,31932
88620.24130582844,131886,30122
88624.47675146272,38437,31465
88635.4495215155,117209,15621
88649.98898584578,38793,26131
88650.80416989491,106281,17244
88657.30907029024,36736,20186
88672.50861775175,150831,25247
88751.29964565257,167761,21123
88751.53279564682,146164,34676
88773.11808417524,154312,27863
88781.76720255466,68559,30795
88786.55763639076,43406,10252
88793.2526450332,30635,25875
88803.99754716117,170206,38231
88806.43284364307,151753,22802
88813.29618707112,25879,22097
88873.01912752379,100006,30271
88892.45601719918,163871,33410
88898.60626445641,121583,20143
88945.17638107967,115563,9106
88967.0144274745,137413,11903
88995.07268397117,121214,9667
89033.04102712842,99863,22183
89040.68033285982,85420,39932
89053.88331248403,42148,15392
89058.7352227868,21296,25310
89065.00413541065,58112,37302
89068.46860423347,85256,16783
89076.91854949994,173913,21544
89087.12027192266,38883,13416
89088.27755885174,76968,34628
89107.43549529211,35192,34475
89121.40638778955,179633,8077
89128.1235029305,26467,21547
89145.80406111824,109780,32109
89174.92488389972,147388,22224
89179.84814099093,43829,28523
89185.63083286941,164870,25339
89187.09020611069,145656,29821
89196.12400460172,149036,35933
89217.91350822488,177195,15685
89348.60382661712,100021,19764
89362.24396403723,80617,26157
89419.58577914565,97723,13851
89440.31203766623,131775,13649
89451.63764439862,87114,33918
89464.737745672,170396,10881
89466.89075249182,71198,33068
89472.61210676043,30022,13583
89485.3699174028,151714,21492
89485.80295888688,38727,27826
89543.55098156452,56084,9759
89576.3128003504,168131,38299
89585.0183274228,169633,22604
89608.9792696041,108713,12321
89623.91225205205,176502,20871
89632.06508181249,107029,17079
89637.13802563112,130572,33261
89637.23879865308,82751,37072
89643.33130967592,63729,8772
89644.97380109559,121977,37167
89660.14253405062,80018,10838
89670.45288687259,123486,37196
89683.57972071385,26632,9403
89734.55708450289,159228,20292
89740.68610533868,28260,15311
89757.62037999916,160553,36625
89771.91205390394,34968,13875
89779.36372967962,172514,31040
89790.12342877653,76914,19602
89791.52417213823,107655,29858
89812.32022338788,86489,23402
89835.86930464134,57774,8348
89855.70351099488,81095,31607
89902.7419394536,49605,39065
89910.2343962703,153048,14531
89917.99115491904,112084,39051
89979.33740964328,153763,37761
89995.70939331983,152761,29641
90009.60864015218,132941,12062
90059.8288430038,94451,24731
90068.74067031613,63010,15089
90074.65363184518,70771,10271
90076.91179170691,97041,24804
90111.25269413016,152100,13616
90138.66747744357,135691,24207
90153.36339345979,53474,19911
90158.904410008,110128,12349
90167.7380832272,101449,15916
90171.31152406389,131942,36657
90188.81478578049,38602,38546
90192.78522543825,156076,14392
90197.68966032872,49161,34421
90198.98308313188,146475,31945
90216.77367451042,22896,24665
90222.35702168361,163131,22651
90228.82356415414,68456,25290
90276.71874192603,77987,10792
90277.48923763448,129956,33315
90284.65899259617,155500,33215
90287.35344035288,144621,30661
90295.04942825613,79841,39667
90338.09114442754,72950,38866
90371.48315500184,169919,32151
90395.59779310804,173744,37744
90397.46548596489,106412,19101
90402.98897759862,133463,16943
90429.97607149874,113754,17782
90441.0388621629,68587,34094
90473.4305550982,178447,11801
90502.4735529539,93870,22892
90526.22984005451,141602,22465
90544.08769286446,168604,36249
90550.80819097285,100272,32427
90582.88237378067,42892,39627
90589.6446466754,159003,24541
90599.82821157301,80325,38908
90599.865707884,93539,20575
90619.76943308084,31783,37954
90650.08463198054,132142,8769
90660.11264845692,33851,25335
90673.7864983819,24880,17085
90675.77552380259,102057,32868
90716.60772890037,118420,27528
90720.1311991879,54485,30101
90761.99279495627,162704,39681
90792.23105397665,142759,19616
90796.88387357834,49650,28464
90798.75196636812,51851,29292
90809.4841196981,46744,14183
90845.73852691536,141457,29399
90878.11885455571,76292,28769
90890.84397540026,82175,33021
90923.25589783925,176545,36306
90933.25441393681,120793,27107
90938.00020071013,75177,17393
90961.45247413687,101841,15583
90963.65986390586,121146,30433
90975.72118817699,124499,20627
90994.31425419479,134168,31628
91002.60375245332,124350,15290
91007.70889820793,59995,23141
91020.49575985779,153831,11469
91113.30493792394,48952,13676
91129.31706746959,151946,19290
91135.32646053612,42789,33651
91154.42118138268,106044,20537
91173.43375367917,137566,14939
91225.80360982844,109787,34439
91245.68147442571,175193,39986
91256.15995802142,135313,19983
91267.19836424869,162460,18787
91289.32529917672,140993,23877
91308.21346445598,126038,26441
91320.04872290249,23272,23420
91330.13227618704,168550,13480
91331.77453762898,154774,25232
91428.03745205888,145046,29947
91447.16501337658,76115,15414
91447.33096062906,169036,39574
91471.10037873145,120262,19822
91481.28674808856,109873,16038
91486.85603706869,109362,36287
91487.67722511942,124834,26499
91499.11648313052,22271,12310
91514.51210697427,159408,17244
91607.97902793632,118982,37601
91661.31343619312,110138,11594
91669.19673887697,42804,11547
91701.76406552928,164977,13752
91711.75812241832,97941,9762
91725.89210829974,45727,36439
91733.12467174817,75240,22762
91760.38679611805,177428,15395
91763.37032050357,51718,20631
91765.24744807718,156518,18255
91794.03818145301,116589,17919
91802.66086414854,69517,17965
91844.06246930466,119345,28731
91860.50941534046,61044,39368
91921.63004683024,136373,18797
91940.6075803607,60203,29030
91966.63770867934,21711,20370
91987.00708362191,57814,25835
92009.527870289,35850,35403
92010.85784301141,112017,19240
92019.04944962099,174773,8080
92060.50903478244,58911,10879
92063.16296846786,135630,29738
92064.65365513964,134698,33806
92075.93221333544,33213,16035
92093.12503418273,158552,21311
92093.49765398106,100392,15655
92151.05033529151,92353,12532
92157.87793180435,138234,27854
92201.38828575797,137953,20617
92208.62570284681,160291,8906
92230.29366541939,117506,31866
92250.39960431891,56845,9405
92264.28166477883,68762,17342
92265.40664076502,42459,16030
92267.05374136433,94949,26651
92284.34898229537,96160,17367
92318.28776784772,104810,18894
92322.93462997738,131117,11576
92368.68815295292,20065,34309
92419.90153197548,74861,20606
92436.06729952012,69436,24950
92447.82471555925,89341,38235
92468.31108460802,52377,35672
92485.24261543511,52113,22919
92519.9951099817,133266,19515
92534.36635928266,153199,21551
92606.71934501894,34587,24922
92634.2340066918,104635,12110
92652.44339301095,89613,31346
92677.82013739878,150070,18161
92683.34005020701,21214,35959
92685.40492897925,81928,10699
92727.61675478486,34203,9188
92745.72163473093,74172,19163
92811.29245799879,133687,27903
92828.93746556451,178278,13616
92830.80117459048,152691,32557
92838.44071570259,174126,30295
92863.45329572793,65631,21408
92868.73921947088,30647,9840
92897.77786445175,46775,37893
92914.39319854266,90002,19424
92917.95085478509,52641,28323
92963.2020619624,178982,31474
92979.81721280597,142425,10073
93038.27485557312,47374,15173
93048.65589319648,165569,20922
93071.4068139612,81120,29734
93077.67790167098,170274,31625
93109.2149707525,117889,9704
93135.69921374008,58965,23352
93161.29165678663,79439,16326
93194.11074433466,39368,10832
93243.22515752725,115167,8799
93246.41124200488,109401,37964
93267.68832004553,99908,17565
93270.45441043882,133701,27005
93276.09520077401,80210,30538
93330.55572114878,81667,12651
93341.69564939194,83895,15051
93352.83408408843,118277,20164
93357.65862656663,158704,25250
93383.94504160012,81067,11113
93402.02956265258,97250,23830
93406.13043461413,22199,11921
93426.6686377977,56221,36446
93431.30707823823,55554,26886
93445.16286150673,68267,39646
93445.39332015661,117061,37434
93487.83954149131,39473,39343
93534.0740445498,91690,33808
93610.92775057947,54656,37488
93658.0876709556,155074,39460
93662.12762410202,148001,25699
93690.62845401089,165812,37443
93769.1356578364,160103,17984
93816.04652360827,55019,14530
93842.73841091618,177227,35744
93885.62263881647,108066,32340
93898.0571660444,87034,35245
93907.34940809506,82113,24040
93927.93603314889,36392,33028
93958.67343224007,148438,15788
93968.7210166801,77651,12502
93969.03786292479,84602,34126
93980.45495651219,62254,30964
93991.4411479607,20254,19213
94010.77029094403,115144,13594
94022.28868386216,145387,10206
94030.30608444788,76971,22097
94042.54836439718,152424,11315
94062.71841809466,63920,19443
94075.23881677871,100622,11537
94083.41715792498,171182,24563
94088.34005568642,21011,24432
94097.76563716217,119271,27329
94121.1671864705,177907,28687
94134.90017403671,41891,12653
94185.35931001397,100948,25381
94195.96143006756,112925,17133
94216.10442109639,70400,12757
94221.0095927811,62903,34418
94269.76960025204,84297,27090
94271.1256885685,47709,34823
94279.64465168776,40411,10877
94303.9782189562,56888,37149
94317.09519581051,68091,32517
94330.34241191832,105297,10976
94331.46706820886,138039,39045
94380.6400229896,164699,39183
94399.96219551803,60204,28906
94434.9754353017,69432,39281
94437.33609507848,149830,34447
94463.63826583058,72006,16672
94485.81977072898,172163,24635
94525.44111389137,106877,38425
94529.199954977,158855,11635
94544.73519193169,152737,17033
94573.36853170223,53007,28233
94576.95278187671,28041,31095
94577.32601762182,101795,28071
94635.81125557549,29105,32448
94667.74599267772,48793,9309
94716.23152108086,43693,31489
94732.23796191474,121320,9344
94736.96797788463,135698,15592
94773.77810938044,89583,12276
94775.50026870798,74467,22505
94802.86456414108,85756,36104
94846.76933410547,127903,19684
94851.05980681471,128891,22125
94854.07244169954,175149,8758
94870.32016413956,50340,20407
94882.29231177608,78160,26935
94972.6658871853,92102,21786
94972.91282707197,78153,36100
94987.57116542941,59711,26582
95014.9180198854,23524,27710
95057.60946527457,177592,13904
95083.47658489626,73635,32742
95122.5674954674,70796,35791
95151.19905828527,146641,20822
95165.16625211228,109695,39781
95217.964286672,62248,35768
95227.66015496476,162863,38148
95230.74878306623,67220,29743
95251.17611491492,105629,36967
95253.39024735987,35607,35516
95303.5773908971,164847,33875
95307.84810271095,155906,18773
95383.22350126176,112551,9378
95392.36416515309,35899,15846
95417.33502519726,67706,23701
95446.35301764925,71434,30872
95454.6605619315,108113,12107
95482.27224111577,92038,15674
95510.47713863544,37578,15594
95533.08346697445,87504,38657
95596.16287670411,106228,26080
95618.29447734739,27533,15686
95674.38538929274,93545,37957
95715.2305749939,35793,24880
95742.45464095393,119829,30782
95746.93541487484,21294,19441
95751.01891995831,129010,9951
95790.88368906295,94351,9585
95857.63691768948,55266,32499
95874.00583547167,62996,16256
95880.55337712933,62824,29088
95894.21902598454,115305,12583
95932.97122702825,159630,38232
95949.79270652469,176416,14134
95955.64742263046,79856,16386
95982.62104789502,30338,18393
95999.02812408017,157714,9134
96024.77267159843,109360,18076
96037.26275524641,128347,37486
96047.24230336086,132967,14901
96060.789065337,46162,28999
96103.47203760789,33063,39081
96127.43797060208,68252,18888
96171.67621037152,176537,37823
96191.9163056385,27301,31414
96196.71893998154,149484,8450
96247.86451893068,38242,12228
96265.34536788265,56121,25796
96296.0309116141,138406,9855
96326.52256773667,165374,39841
96330.00341941719,115529,23756
96361.59495607864,107152,37131
96417.23185136773,108131,32565
96436.94168327315,87116,8696
96462.61794708087,94296,33652
96473.58528142775,47491,35137
96513.73746586383,65378,37793
96518.50341962784,175959,30084
96536.02494562935,44129,15661
96583.29036579243,21291,31856
96591.97455486182,177522,37897
96598.00685078185,107304,14958
96609.58386788935,99033,30412
96609.6658532407,172143,21117
96642.12411830745,47659,12609
96663.25089068293,51216,30275
96691.52791641864,38758,29812
96777.50328705783,93838,35463
96795.47580074088,159317,38842
96798.99788382353,81916,27768
96800.79296077273,49125,26392
96810.73580374956,96622,26443
96822.01092368878,100502,16810
96856.03020463153,93330,14294
96901.73161900547,22568,14470
96914.37030335613,92284,15218
96948.01415831991,21989,24285
96948.53282592139,113769,36349
96976.70450012815,39246,9988
96977.18059252374,74235,20276
97005.67247400111,40670,30960
97010.49160919759,43690,18791
97011.28705196475,101385,11764
97101.45057295288,84500,37673
97159.35668952725,66788,15317
97178.56600334223,106092,16731
97179.56043948361,105477,24443
97191.56433264326,50719,30766
97202.42330723519,56264,25933
97217.86557554624,169550,31965
97226.38526813373,94382,33604
97240.52714128865,86561,17823
97287.07309858645,155090,22756
97302.15938618685,102758,28308
97320.48138341813,154916,15349
97364.78330181188,112591,23000
97367.59691415283,66202,38764
97373.18521353582,45091,30918
97448.25513961374,165540,17936
97480.23021857037,139070,39200
97494.96383679542,79059,29764
97539.26285910748,130207,25114
97549.67487405166,27622,23769
97584.31326657832,170868,35068
97599.27646287625,73081,17873
97612.27565599675,100198,38704
97618.23065983507,175975,19440
97623.36587179906,99393,12027
97625.79080136426,64444,33390
97627.73701033193,20108,27984
97662.9680284232,83636,24431
97663.25452320413,106109,33699
97708.97959326193,64708,22750
97710.11574070193,24793,16635
97715.96378733164,124788,35729
97740.0583182104,86078,36401
97745.75537482343,25947,16898
97753.63900712678,52037,21291
97761.64659979816,46937,8453
97826.61365318843,170703,12466
97840.12215750745,35060,19893
97888.74415814459,84202,14784
97918.11030818862,73662,31483
97924.42105708415,55939,18673
97939.73386257573,94514,27844
97956.68602627594,79223,23356
97959.50887830491,155095,37828
97969.71590837119,137133,38059
97978.90609070333,63221,25933
97981.52368136434,27827,28783
98018.23329509376,167352,24819
98020.54107460067,52621,37951
98127.17822622361,140081,22130
98133.2339953463,118814,37359
98212.39211367398,126485,22515
98244.98333162503,52594,31350
98263.26686952004,91249,8279
98268.60107793099,99599,9020
98278.69744644257,122217,21350
98280.6468693972,60635,8076
98319.31029267483,134450,37589
98350.76387460175,123484,31342
98356.71205182902,170897,31667
98411.96080613523,43087,31280
98422.13645192453,84061,32271
98443.79179062418,29538,19450
98483.39019731816,144129,36944
98491.18016765085,42050,22270
98496.86934862661,73099,12680
98500.50838966026,65063,16386
98507.71815101654,129484,26074
98517.37701124414,140640,39026
98518.09595410786,109640,18431
98532.2876479659,34190,22465
98545.42262663067,134969,29405
98599.6601269093,145771,24184
98617.88446480551,35610,30330
98635.05449445886,106947,17243
98637.87693023679,161300,16247
98650.49825687738,53477,27876
98666.6394179481,170392,29358
98691.4340239483,154693,10484
98704.82585400624,104239,35765
98715.5684377204,110166,37072
98748.52275809656,135627,22872
98750.00404557497,144278,10827
98753.21469804546,24161,25327
98754.25857690627,119773,11127
98766.24027140952,20179,34905
98769.18202694133,162552,18509
98847.53566219255,162182,8890
98909.22957815812,121527,34006
98910.2590152659,58719,37258
98941.69523081738,97944,14683
98945.26028234254,114659,38468
98975.4659988913,85362,37092
98990.74178026528,74551,39595
98994.76904056584,159064,38409
99112.08306888792,82414,25845
99115.17063648578,74646,15849
99120.28350616478,129442,9170
99125.7140102282,60677,15858
99138.74687236204,132922,21721
99143.67769622391,111240,9676
99151.44882017151,144482,8158
99156.22335414262,87456,9610
99163.61013236594,72265,37133
99191.98052802593,100271,34125
99202.26774252356,132015,27415
99210.00947792128,34083,19362
99213.41079382513,57513,25115
99218.07212329155,106741,20765
99220.23946220106,63437,14542
99222.16249259835,146101,30715
99250.09638147923,173176,33563
99256.45687455602,104176,14956
99262.7557702884,61951,30703
99271.75121680241,96246,16515
99273.49806830594,67187,27614
99317.94540760183,143748,15655
99355.51405798414,135574,16130
99359.42406955348,64725,37055
99390.37994655388,28892,27607
99422.14730526943,142092,16917
99433.20544388112,130085,36279
99486.69522837283,93509,15340
99510.13897895705,121312,8707
99514.78129222008,160756,25787
99533.7578413023,56514,39379
99565.53726582482,126358,16972
99597.40705713704,176934,16916
99603.03332421853,112370,35146
99616.18888138415,68692,34346
99629.40828826927,162520,19872
99657.56358472783,154437,25856
99711.93296889361,140386,36572
99738.2304796715,152978,15150
99788.04060367974,169619,19719
99819.61678981909,99174,22506
99844.9777311211,120113,30670
99858.36043326352,152305,25045
99877.86404380637,119113,16225
99887.02285038214,164387,37623
99925.20935430775,83020,20708
99937.79028588823,87156,14717
99970.30197640187,162131,8208
99976.33656607204,57127,34825
99994.22907429005,110162,15174
99995.88403399181,173480,21213
100014.94347572608,132813,22546
100021.2591341339,110928,17922
100026.54839013508,120041,21105
100051.54793788856,163947,38728
100056.75498942405,93302,29968
100056.91309757397,138751,38064
100073.52765982033,87949,17590
100075.61616076795,69604,8483
100085.38818111274,148094,27360
100102.23628207551,118674,35522
100105.33708060214,93282,9192
100122.43018607858,151509,13638
100144.4805533359,177678,20401
100152.25522421027,98400,11355
100180.92286827332,23942,16421
100202.13989253777,78209,9576
100226.33132706315,26413,14068
100281.02989797764,174906,29347
100312.71673419986,93081,17433
100358.17789320313,125296,37941
100380.32892898585,123889,26555
100403.46999211321,159378,30509
100431.5664614386,65803,33610
100451.17223751779,85612,15949
100473.52850568343,74910,39397
100476.02737554905,109524,15068
100534.32545732854,97212,8769
100541.71310099257,66587,11247
100570.04630790022,112421,14493
100604.71049025771,37173,25125
100604.91360763618,36562,33035
100613.06533090194,83232,38856
100652.26984237012,137117,37369
100690.37282292232,147898,27456
100699.68464083924,108968,17381
100700.65727753306,139186,8992
100761.0247315209,177680,38529
100777.27499474605,135908,14379
100813.18420352844,60386,13723
100814.53448502508,73950,38686
100816.29251651932,85129,31350
100832.18373258425,33249,17867
100856.44838192285,72773,13850
100860.84759517896,58574,33902
100873.86389864888,164545,14131
100892.39373280361,144859,13600
100917.20303437821,155009,12913
100925.4250028482,63691,23872
100935.03571820553,97478,35756
100952.4507875625,98096,19624
100994.1093210728,140408,26108
100996.9495901984,106798,22685
101066.60538706077,178778,26171
101071.1082521897,106785,39792
101167.8867031419,45520,19271
101192.37806044288,29375,29468
101201.01373692424,175714,13472
101215.76357121204,48242,24411
101252.75742017645,103612,24606
101253.04364319454,26730,26903
101264.20803138595,72972,18193
101267.85180852104,174325,34827
101326.77204190077,143140,19146
101343.12280646602,107330,14301
101347.02578658196,178642,31921
101389.90930444376,58462,24591
101421.04237507499,51004,34474
101423.87161901622,51749,15890
101432.85879951749,128868,23664
101454.29298588772,132600,12770
101471.57260365644,127697,36119
101481.22461254963,89464,16108
101481.3273435344,87045,32191
101506.99419376279,42039,22450
101507.03216387953,69567,31204
101512.58976529837,174036,30172
101522.9423926724,160276,14095
101536.51105469455,97054,37934
101547.33185674297,132809,26914
101593.06956371068,126008,17443
101630.41188667848,117698,15277
101649.03419514185,55695,24280
101662.16944562794,23178,25587
101674.52226912556,140573,35933
101674.81040035414,59766,13269
101688.66799151605,144233,29459
101695.8984285041,34179,35011
101703.73484063135,111153,36792
101705.9246771825,177160,12164
101710.89332457542,159392,16936
101735.63656879099,23745,34758
101749.41153345039,125141,30621
101783.715770453,82529,29713
101844.93185516275,142210,32767
101850.79997235828,32785,34485
101898.49656297448,113689,30205
101914.13154848067,166617,13477
101956.71106762529,32413,8497
101976.80317263975,44049,39327
101994.41172079905,138142,21984
102012.7299761355,152863,33692
102051.37564772171,91338,24368
102063.8196377918,84742,35611
102081.63551055868,122004,26789
102119.50449876719,101290,24927
102180.39744209219,25105,28106
102184.04067340937,141473,39880
102184.99502932343,84574,18563
102242.40974351284,139715,34202
102259.33756547603,115219,28234
102276.8098122404,150368,37448
102320.41056854447,127428,18348
102329.0227460021,148232,13175
102359.9985545032,98764,38872
102464.21531975312,121539,24657
102529.6185463074,50284,16132
102557.09432506551,24482,19916
102569.41410950033,50521,8690
102742.34189158968,46142,21936
102762.52790356397,162394,36382
102765.20306371668,88072,26806
102775.65803091109,20727,16629
102789.56761022602,125809,18675
102797.28454538684,43423,14595
102802.35772632806,122370,39507
102830.92970516109,57170,10566
102835.54984158196,157143,30052
102858.78995543909,102420,16315
102863.42061931649,52805,18969
102872.45850957229,119422,20974
102904.34009187826,82946,38977
102912.6669165146,94417,14785
102925.48371104854,123518,37966
102955.50891353132,94276,9149
102967.83244225118,75128,26995
102998.71686561455,124705,15424
103035.35967972259,68187,27665
103057.43678841162,65257,18779
103143.04686886605,127402,33016
103170.0708003656,96853,33335
103171.38463904602,154635,37084
103172.94984015623,139751,38876
103211.28825627289,171282,35877
103217.47107604622,75593,24812
103233.80533266379,153506,16701
103280.58764754003,64952,12992
103293.13347876901,137369,31885
103302.59219561335,68813,8411
103312.2631113332,162314,36391
103316.57713125962,104031,31865
103331.5450801845,70278,23815
103348.02644974331,29021,24974
103371.63355706855,49760,11793
103377.00849072744,112088,26749
103403.58188276656,36446,29259
103404.5929181672,157761,22632
103423.18207586335,166006,22063
103428.3900003282,110271,13632
103453.68741914425,124033,21128
103468.74347301674,79884,25120
103488.57115959769,145660,16393
103488.62798460363,35283,34315
103510.50051240363,74709,38877
103527.67459068415,87269,23295
103542.40852022421,49361,31056
103543.91484300958,137290,18581
103553.59306355007,176356,27841
103556.88802162948,113840,33208
103566.87512134017,51394,14714
103581.04036302511,102774,12246
103623.82411467448,132812,38390
103624.94154891728,88535,17340
103641.46824945415,23256,19302
103653.41524730917,59030,27705
103658.38928829251,162848,38929
103702.50939255698,177981,29322
103725.87628755344,101409,31933
103728.14861357599,166227,21940
103733.18029732071,78005,22346
103778.37139568296,107398,17803
103782.62844100385,171303,20143
103790.40911649221,176810,28237
103851.42286587883,34952,18159
103853.65544605856,157689,24173
103856.45396992924,94419,18350
103859.09176516051,136616,10278
103893.3631891442,87814,16531
103928.79753074885,27759,25482
103934.16154492697,27432,23834
103994.68978984482,160382,16105
104031.51005893938,177317,10997
104036.80670540032,133268,8678
104046.2630749823,153185,20607
104104.84050320894,117018,24304
104130.87238458342,141112,13218
104149.36095872664,128016,25740
104225.82239744483,85455,14147
104237.55395531487,62590,10601
104266.93439236959,102507,29925
104267.37166758248,157089,24426
104270.24356155207,28275,14926
104272.9969188249,72939,17250
104312.91167528753,112597,10291
104361.50215769961,26668,9211
104361.78129805687,124646,11458
104381.83488617871,143508,33855
104393.75981199004,22183,34527
104397.31429049665,162829,35127
104407.1779890859,39806,9457
104457.54665259096,129603,12176
104463.99532543222,79909,26307
104496.01896953484,140511,32554
104504.88613891596,23070,30958
104509.82049401024,68820,25270
104511.73498069917,34194,8506
104539.91219402237,39269,30862
104542.28506246212,154026,14869
104545.26649923471,119803,26358
104583.84132289399,82347,33032
104590.94597765226,158057,15327
104605.79574942899,23235,31812
104634.57698727059,129555,29449
104652.77918306644,44250,23370
104684.58551781953,175314,21921
104734.46309247911,168659,33272
104799.60052293625,145263,37048
104811.41967618596,27582,14314
104819.2545652714,146555,27168
104819.48743803873,135225,17053
104821.9525022227,90114,27580
104865.04272226816,151762,11748
104870.07862077848,147506,32188
104871.18078383734,97967,32817
104886.46528650617,131492,38170
104903.3316738447,37313,35366
104922.31914005475,69712,22753
104939.0600461881,131198,37199
104940.66361253701,156506,21743
104968.36674301076,138976,11963
104992.90339204366,117707,13854
105009.10320569803,173401,38505
105027.5747221608,120732,36699
105036.19321289653,33392,22612
105054.22690274393,119309,17158
105061.09554379765,77040,36770
105104.467748508,52049,29288
105113.64706655631,118091,28876
105138.48705600956,155920,21109
105161.3556109616,115245,28611
105176.08316503282,72287,38367
105254.1365707843,77660,29403
105287.38352414237,29238,34030
105301.96109538164,151660,37006
105307.92269191268,22405,22860
105321.55044102426,87994,25787
105335.76535676097,51607,32671
105337.08178673343,175920,19116
105342.21059884917,79619,37448
105469.10364614801,158703,13084
105476.03863754924,115605,35692
105481.14977698134,86089,32214
105484.04761748176,64396,32079
105512.8730638202,71313,11566
105527.13324460556,23339,37160
105533.83644736766,116498,36480
105558.88563944763,68358,16795
105570.49734118656,134163,23199
105570.66517195992,171040,31942
105576.11987591395,78670,15807
105619.01799590612,107441,12357
105651.88400239687,170752,13110
105660.81777085645,88916,29900
105666.17137280163,47044,8803
105673.27843314019,103123,35186
105707.89788004562,21804,15810
105721.84298845867,153071,34125
105725.28776937212,74352,23669
105752.47202182378,64423,34506
105794.63121071784,101817,28745
105796.61394892207,59419,38827
105801.18172420464,54621,31301
105808.7184763531,118218,31044
105818.72862167831,50873,10422
105831.43037252165,50714,36507
105857.68969794556,140220,13723
105872.04189195443,137678,28703
105882.21802167548,130981,23130
105902.15974826357,174525,18317
105909.59204826069,85631,30144
105941.15162305649,43821,14533
105950.9187378635,45799,9085
106025.54902462546,173121,28150
106080.79162738677,70403,39752
106085.33549648609,67597,39955
106088.76904414894,139426,34778
106089.8456942148,40190,12680
106108.00919448951,44956,15917
106144.76196660806,94998,30017
106147.89005908184,154483,34444
106175.56414428167,29930,26219
106199.94695579473,52388,39106
106209.44350361924,63242,28695
106211.13331648463,160197,38083
106218.25081807627,114732,37619
106286.30988425673,108295,24766
106301.66343688607,107176,25534
106314.32303057838,163571,38964
106325.25640055271,136543,16358
106363.46860940382,99996,21614
106365.01466965134,78368,33164
106378.87233675056,42903,32050
106395.25551150576,118901,17788
106409.5607980154,149795,23800
106412.01913535998,131705,37675
106449.60217682952,167385,33358
106479.38600267869,156261,18402
106491.05458743293,158233,34133
106546.42627211942,28694,9586
106549.64903000317,164208,32634
106557.40689526913,53269,32433
106574.81093895118,66070,8096
106620.55562543719,78384,14357
106643.97072124845,103490,23897
106644.73359917795,62300,11914
106746.6365041489,35262,38854
106799.46327164068,89269,24336
106823.86032208346,36152,33019
106834.98940749759,172456,19038
106935.32788533432,36864,8557
106956.7104563278,32267,29520
107028.14016451022,72941,38505
107051.8159448294,60521,14741
107057.45386598996,33805,21862
107077.29318600596,171228,20983
107085.86530545843,164123,31186
107093.54368193856,104355,25754
107131.2075785881,154804,13756
107134.32115079471,47233,37229
107143.8137221545,52165,36452
107167.95561547618,23897,18162
107208.82387533307,36987,34053
107244.91586829547,70315,30148
107259.9721388929,133952,12991
107297.67995282222,34158,22092
107353.92451772254,126229,23139
107368.02896591788,25069,13771
107392.0351638662,162180,10591
107434.83623390971,144583,21818
107440.56599047485,48395,32195
107463.90536922698,96985,12875
107465.01084179035,64001,12231
107502.97159420403,61172,21835
107553.09781508447,58644,8432
107605.77216681515,33766,20044
107627.30473425405,160028,34517
107645.46219717678,79452,24306
107745.81949637178,169360,16794
107778.92463742009,85678,9784
107896.67234551081,143534,31393
107901.57416642252,148430,26356
107909.7433670537,102631,36963
107913.586574571,50757,31656
107955.9306870892,46845,35198
107960.68390147036,45604,25712
107962.11896968701,46604,19728
107967.0601716117,112255,30768
107976.49009748652,85163,38739
108025.38382869969,146953,15458
108029.29208179277,88325,27951
108055.92647162222,154235,32365
108071.96262757416,172085,19631
108079.5297701653,163893,34652
108094.67348080395,60012,39390
108131.9722953485,43998,34883
108137.29898555212,122988,34461
108207.4892366164,154813,38573
108207.80387412416,79452,20169
108220.66434450386,99035,24061
108230.25201184578,74889,18597
108233.41544655546,117927,27435
108242.59886101005,153821,16270
108282.95891313365,160351,35893
108295.34326362317,50204,39628
108296.13410766471,131475,25910
108300.53746452047,97100,24010
108322.39926469102,124403,8561
108383.06164209783,80109,18784
108397.08226635693,133784,29153
108397.47274514694,76020,38665
108422.30049594484,39684,19139
108423.43542881652,164671,38420
108452.54928037261,169122,13844
108467.63116505342,160272,18280
108525.09095623484,112448,22283
108531.28845283054,41065,25621
108548.77297992741,85042,38216
108549.75112656325,41486,14119
108565.03871985346,53726,25589
108570.9679684651,90967,23325
108575.28898875056,125171,38512
108593.70210362416,173581,24001
108599.93695831075,111361,30168
108613.28961310395,28588,21020
108630.64439593136,92082,31304
108633.67157263205,100510,24984
108639.68409617091,25595,32589
108659.8347740189,99252,13302
108720.23933002699,52694,26304
108740.417896172,138893,32443
108747.68697987024,143655,33126
108757.14522159132,86677,27436
108759.82369402448,74995,35760
108773.06118095333,40083,34964
108775.34178856351,137022,16043
108777.58945029354,91621,22038
108790.82807203109,163953,9182
108791.18771747539,49174,10556
108795.64965117215,42917,19880
108799.19259766558,63462,16095
108831.3721746044,173720,24046
108872.485823075,45508,33440
108901.82304031414,30943,31285
108958.84652456178,96635,23217
108987.74033506967,104379,26196
108995.40409229601,34940,10152
109000.71063575806,157177,25971
109002.7839782596,151755,21026
109006.98143263739,133176,19375
109032.38459623247,116250,13295
109058.38667808077,28746,39733
109086.43174154307,77533,14083
109110.74426392541,70156,16127
109159.52013789379,84343,29569
109199.02078134086,33907,12598
109213.91367244218,38030,31855
109241.56773947406,57419,29146
109242.77546676679,24368,27556
109243.18283137705,20633,8424
109257.00188536385,40650,9548
109292.04936352595,33674,18555
109353.69829773577,65735,34720
109372.40142256187,30678,28719
109381.42076680392,34548,12238
109410.14631455751,161922,16732
109517.61714571806,57423,29652
109518.0208797108,163962,30463
109520.4940458203,133162,27145
109593.84903763137,124569,34869
109640.29958409049,97920,25903
109678.08485176897,107828,38080
109704.75792361824,82770,8705
109714.41642706268,176242,24179
109723.98115154167,36453,30898
109822.32016741014,139114,23539
109825.33937536221,60021,31157
109825.64424982815,35521,12581
109829.4374445255,38360,38960
109836.08508031195,175003,31836
109842.78394480995,36046,34438
109872.14067835952,154404,15488
109876.27561614645,151661,27604
109880.66601223417,169774,27368
109930.078282351,82868,12925
109947.59745830281,131577,8309
109949.79204553243,126084,26951
109985.57489203237,165165,38698
109989.73775209526,75141,8825
110007.32570415526,125780,36577
110021.15699640536,152357,23313
110030.43468124478,35909,15062
110043.92493876371,34121,14593
110048.34951266495,69430,28894
110058.04331941942,61685,38334
110112.47872471808,98780,28178
110119.73606630087,38631,20094
110139.98147959841,103064,25898
110142.21406523991,143523,28225
110146.82184627304,131946,33396
110182.89741851829,137909,29744
110185.8994231936,78797,21682
110217.81420017888,35159,17885
110221.79341525045,142078,18992
110242.92680171762,130066,10043
110260.74684332692,30152,32044
110271.37086371663,120090,26847
110282.7037151046,142571,28422
110326.90972232107,85473,23257
110339.93226362341,89441,35877
110343.77278741769,63580,17790
110369.41148661615,115077,25190
110418.576549344,147473,19802
110458.96494893322,53831,12314
110469.32895372044,28859,23259
110508.38130671099,137559,23922
110514.36189379162,121345,14634
110521.6681633667,56039,35350
110571.92142815646,132442,25270
110581.00364257948,33430,35388
110581.42960021044,48398,22059
110602.34448051183,32826,23579
110615.01588883664,90477,29115
110630.35382124007,176450,15380
110713.15209593798,154713,22057
110715.56597380493,82272,24495
110739.23399309415,89839,13287
110752.68758318602,143336,12349
110757.49249813231,97615,28330
110761.82258692462,44086,16885
110798.21266850023,70131,29488
110814.59701001426,178873,39000
110830.67777018333,176560,19124
110840.33140947123,82397,37417
110862.3355885531,30502,30356
110880.6703182539,86511,16814
110897.7798447429,20317,28088
110912.08309069648,73082,33654
110922.09327448913,86704,22882
110941.17962623105,176615,39668
110979.10274736663,139447,19944
111024.85991670768,125207,14602
111043.95158257765,98742,35576
111045.01535586518,147206,11363
111045.95321336035,98383,13478
111083.01079492504,57048,14486
111135.92669059978,172069,19574
111171.88995229446,177130,12644
111174.40770266631,129782,13153
111175.11113558742,20395,16916
111178.55680928993,79784,11807
111265.23773699059,154158,35782
111269.28532835133,70676,11163
111270.78436550988,27025,29977
111311.65491476977,98958,37491
111398.6507731679,148075,37464
111424.83201834901,177556,19946
111426.19358194484,32375,30505
111430.26428996278,124886,37456
111435.30105865706,32560,16406
111455.44721147601,71976,37306
111499.96092701523,130624,35259
111524.94674173732,165523,8417
111531.2714865069,55900,22577
111608.21178727719,177621,33738
111672.2472302546,26691,27179
111700.58626951242,22111,34194
111705.67946931334,87499,23830
111729.98327363077,33103,28843
111776.16107082205,23529,16364
111777.34528366399,69910,32705
111793.52041742094,95842,30770
111802.90995666596,102535,28601
111806.61028856154,128497,36502
111823.94976448402,48789,14369
111877.15587129457,22193,22487
111903.44142329798,110914,26665
111959.01355327049,95127,9792
111959.5326492003,107519,20396
112061.59191609362,130645,29846
112080.27633548845,135096,30323
112093.49293359506,71085,25507
112114.69056153981,169177,23096
112115.66586981276,62436,15180
112126.93353591843,43574,37949
112141.80478654684,123623,19971
112148.81180931766,165269,10195
112201.31083266399,77078,34772
112219.960608085,80967,29910
112224.95358264819,105748,26745
112230.29816836145,61851,20761
112236.17838023018,151338,34594
112246.20687070464,30426,18545
112275.30696000796,89739,29505
112275.44476450529,55292,37366
112281.30288707041,99725,20240
112313.14439198651,131401,38002
112397.79462575403,39982,35701
112430.99754319445,34702,21116
112436.35303550003,56845,9674
112438.81585110968,55298,13615
112446.50210423925,33178,33219
112453.50085695247,120205,15921
112473.48754165268,24592,35882
112494.92700506056,175755,31827
112519.72202263103,116094,8990
112533.0628852422,57346,34062
112535.5288319799,68156,39500
112556.3480853639,142510,28809
112597.81703600126,96511,9002
112605.46458174994,67528,34195
112606.15743365521,170619,31336
112613.51861798015,110339,15664
112654.02328341902,168250,30536
112656.53293309655,159727,26610
112657.8813962012,63421,23590
112685.08230947092,62417,9829
112692.82723912661,35609,17832
112752.47030893064,154008,27509
112754.90658241445,28158,9785
112765.1642159234,82285,27175
112766.35714495229,130196,18773
112787.78876208456,154816,31971
112830.36022578807,63778,39540
112858.10390640846,41312,9067
112868.94230864929,163562,25497
112892.57512006833,73147,8527
112927.11719101119,179645,34083
112959.18240987934,143670,30395
112993.07288790517,65996,17749
113003.59703336167,104473,20245
113030.63769909595,44084,27527
113049.7223818123,155484,33245
113126.84915601864,177971,32082
113145.68434214589,69254,11725
113158.74743307347,177970,21222
113181.42292979955,66287,28994
113190.61194335704,128359,25289
113217.77458952878,61533,31259
113222.18156421845,144112,9530
113264.92734967415,25110,23036
113276.61576165592,160152,32741
113284.2540602032,155318,10945
113294.3708452836,21312,37753
113296.06417793618,79853,13989
113337.2113196882,70322,25300
113343.9332161593,166245,24089
113367.82165665035,41031,18130
113405.54485153285,140415,8423
113416.70920107796,90602,20358
113424.04896680788,74318,27669
113437.6526782815,59278,17059
113445.53480602354,47581,23093
113449.75915451297,158261,18479
113457.70868133823,48123,25581
113498.78771913717,35592,14270
113509.43671591945,96811,15575
113510.62814518572,97541,35329
113522.26349328595,64210,16492
113527.67388759277,103888,37507
113528.95798049108,47418,22595
113536.68821900236,113976,33744
113575.96719982807,177260,15857
113589.21465589234,146729,20253
113607.73405843433,26735,10622
113613.2936138111,83086,29977
113617.82435550747,103564,12005
113650.22916881133,98985,15366
113667.62746191153,70984,37792
113679.58928574227,89012,27344
113738.96120869549,101717,25160
113750.85018205605,126762,31319
113752.10822460751,56434,26888
113759.47520814987,59991,13078
113764.52896073376,61787,27349
113786.7643854035,69142,10290
113804.26931568659,154019,24973
113894.55962539386,129776,10334
113928.97342015001,67113,38583
113956.38093935065,117684,20481
113959.7741047221,171635,30444
113982.59984511569,89785,34881
113988.078726481,176474,37951
114053.04909893793,104924,33919
114072.38422459227,131077,32902
114103.08301365252,136273,12777
114114.6513432286,103363,39648
114135.75856693863,28567,28604
114157.31076261018,51455,13997
114161.61047684125,92766,35911
114177.51465559639,79904,21039
114179.3040911903,68439,27328
114196.47875967865,176569,31444
114210.03953020275,113706,19865
114333.89531454685,137993,8892
114340.61918162931,147173,37355
114346.94026086575,153407,22031
114412.50442402792,121009,20123
114453.96867197384,30858,32070
114461.31267977209,21424,33125
114461.99031018515,101260,23574
114501.25081442205,21388,13119
114513.78383248117,44032,18113
114532.97431748765,165824,22069
114552.15230743913,90379,17353
114558.17395920564,87356,37993
114562.75001520904,141460,29940
114576.45906475285,173455,22271
114576.99434322704,122693,27655
114632.0516459729,98169,19844
114650.56868591794,146220,27693
114665.87460717604,28660,39702
114682.93253953771,147238,15298
114686.57052082449,28792,20036
114715.28248546779,77173,17493
114750.3120715907,167991,9677
114755.87329268057,29450,8191
114773.92094667874,23442,35134
114788.56352955935,56789,19106
114800.04888770886,161847,38829
114803.31772376195,72851,22208
114822.17397760578,65486,38358
114825.4775072021,77897,27495
114880.73158720642,22832,11649
114882.06055672566,67660,21472
114891.2285912031,85883,13880
114912.24898460426,25113,10138
114975.85037354466,94858,18068
114984.3980178988,56555,28353
114987.19801617863,143834,20120
114994.71331092167,103611,12580
115012.19037251401,117812,21596
115065.12520238418,55283,20222
115072.95925052241,160732,22175
115075.27074970801,172714,16180
115076.40619736111,53561,19490
115091.39933475266,61190,29982
115098.61120794062,32016,9464
115100.1881054204,92532,34940
115162.14323805759,79702,13808
115184.61255633475,39735,29241
115207.10866032226,78033,34559
115243.73447813992,104012,23309
115244.7062016723,80605,38953
115254.72665553712,71763,19694
115263.08452880468,111059,12611
115281.22296664129,161216,10789
115282.95516679065,131725,22007
115287.60704496986,175364,17520
115301.21222534736,148520,25353
115305.29310605935,163962,32853
115330.02398252148,118125,17815
115339.97571828254,68917,37819
115346.63367602362,170542,13829
115353.64587312548,58351,10730
115361.33480593485,33290,16330
115373.83287198853,113075,20100
115399.90513369943,32188,12218
115425.41283298725,115041,17723
115429.31862520902,70384,32276
115444.97182468473,81729,35733
115500.09786365123,78346,33476
115512.80727067021,58306,10219
115529.12104266463,123131,28190
115600.87215765139,137896,35028
115624.97433988022,41441,29784
115656.93797117888,111243,39755
115707.7631087822,22720,13677
115753.69411005662,150089,21268
115769.93203131174,84317,27455
115821.60001534794,27662,36833
115831.57755931349,99229,31660
115851.34400011225,125025,24877
115853.64600949564,68850,33294
115856.6858604217,31807,9407
115890.23726703304,98153,32568
115899.42285207845,72565,10058
115941.48523261001,79048,38947
115951.38370136147,178630,36358
115973.05106030883,105699,13423
115984.40221137446,165845,29876
115989.62195627969,86310,10360
115991.67086494357,38779,26263
116035.60338695745,81077,34952
116060.08636018104,175466,20682
116065.47785402123,106090,21338
116070.9996588962,159736,17432
116077.51121135835,162557,29946
116084.13177951552,51559,32024
116107.99678143328,88588,21805
116167.36745220801,126219,31941
116173.4500140106,129470,20133
116189.5693845728,132532,18864
116191.49891825762,98689,11251
116192.24557919794,21014,32040
116207.89446113072,84260,17382
116263.05267434451,40910,21391
116318.15421693235,28529,14206
116342.16166031102,135587,8888
116361.04797253876,176092,16500
116379.44871841057,75312,15134
116389.6404374344,101589,21304
116400.49803524229,171250,21365
116405.14798357428,101489,10835
116409.61368888705,94664,21947
116437.35162543834,65492,35745
116438.71693362691,105975,21898
116449.08843901457,118179,26818
116473.51872178375,87801,14598
116475.39159942804,28370,38703
116488.11552139098,133564,29950
116494.02941090334,53939,23288
116511.43880580725,70017,10504
116539.56544802849,175944,34170
116544.53499433688,158235,39709
116664.14570977942,108961,39782
116665.14171205621,103590,8573
116665.37259369738,60657,19550
116675.66337860891,156966,25141
116740.41494266722,62619,38056
116750.07862761925,23741,8673
116751.1337568937,104579,9079
116759.58724317997,123241,22232
116786.14724720421,61024,15735
116809.42356204276,56552,30979
116818.58170152154,48151,12543
116825.21846672447,120353,25913
116832.44233923877,52498,19514
116853.08728209326,112930,19002
116878.76339213157,101384,10655
116893.68007165864,154988,33046
116898.10392006868,154463,11976
116898.5685486913,162896,17139
116902.22366790524,79245,18446
116906.88604337812,149558,16592
116944.7430592575,22176,37300
116951.95746354696,79181,37078
116979.39302533929,117465,38550
117018.95784824915,105887,30966
117021.64871806354,139291,34687
117023.4514639507,59931,12709
117038.2524948259,170554,11969
117043.05945125742,67111,17604
117057.80097071844,136723,34774
117070.94182143977,56948,20858
117071.17865557026,36978,35618
117102.8727853725,64701,13026
117126.96716742606,119656,18090
117157.9160507711,56505,21512
117170.28539131812,42512,38061
117171.13120927649,78996,25489
117191.65437167058,137142,31321
117232.79484110184,51906,29771
117275.05121423003,60482,39462
117296.52516346147,79517,10928
117298.25925402994,130577,12764
117341.68840470827,152411,17235
117343.62562772894,40825,12372
117356.13370918456,117203,21305
117386.25268630618,124276,28785
117402.19589169597,74339,21600
117418.6861010477,144950,9333
117430.60458321223,131975,14243
117432.28935215872,146893,11270
117522.11829499996,170685,14074
117545.32573888244,39375,12774
117571.29955274054,90829,18110
117581.0153129302,52613,14629
117617.93653284629,154948,27689
117620.27460170141,125186,36101
117621.91233627971,45881,27131
117654.74338981658,20002,9955
117664.60220511573,30943,38618
117693.50751131261,129892,9072
117699.49106902891,138428,39974
117708.91402219786,101276,29324
117796.15893653649,121272,32071
117818.36040271673,112935,39462
117818.40562235123,118031,17081
117841.99236693892,157849,22472
117885.98890373406,172596,20476
117886.7155551107,25838,10328
117935.5205207195,77702,9022
117994.58956705773,79844,18287
118075.07988758864,39361,33215
118076.10019838448,162803,25888
118086.37876898545,79790,32660
118090.7427378611,120575,23366
118102.74866857231,71919,22639
118153.53152568616,125380,17443
118170.5188684379,110999,17290
118180.51997242628,50926,29444
118181.88357050461,53338,39125
118219.24343392954,113567,14407
118264.14409957992,175889,39196
118268.9616574407,122125,31562
118292.93568812241,95106,23100
118308.9078640634,40723,33430
118319.25858097138,170329,37058
118325.5716386494,53462,23941
118347.16059721171,35903,26468
118356.20847154348,66234,10639
118425.75294395267,127581,23978
118425.97749790586,68783,27330
118456.24261131835,43116,35349
118464.86208301845,141555,29320
118489.97044095167,157031,36892
118527.83696650858,78090,20575
118563.16433346042,121983,11140
118604.36631430866,99634,13920
118618.09889302247,74799,16206
118624.84371858643,84311,10151
118635.7387799844,78381,12136
118693.32584196073,35290,10063
118825.5637231257,104085,19714
118887.31852965728,28218,37603
118910.63645198927,156767,26748
118921.30416972909,172606,15765
118944.9448500259,167084,36399
118966.90537792914,80902,19267
119068.97898545559,99498,20618
119073.77739676024,70289,11643
119077.37749946043,105430,21294
119103.41888584774,22115,36559
119108.71810920206,35439,8539
119217.80117768355,91787,33973
119245.52138539018,97323,15391
119245.53493792751,51511,36488
119269.03934062214,175061,10874
119289.26106811149,65000,34878
119312.72773903994,23368,15314
119357.70625969795,134884,24534
119384.54513483123,124422,26419
119392.22812240387,29468,30800
119467.19007703678,176712,31403
119492.00602217647,46355,24406
119582.437359812,46779,19265
119593.29150052035,72330,10895
119673.2510639959,140887,19522
119685.78941146392,152838,15968
119731.75564158084,76038,17689
119751.89945630747,138604,10879
119763.11962828574,125170,10986
119766.87612941088,43864,36448
119777.07318249464,41930,10791
119797.8681147438,116853,10665
119801.28182443489,147361,26136
119816.67049301357,60161,18498
119821.62713727621,128233,10018
119847.39702657494,106162,9144
119856.71142149458,32153,11776
119857.07927988628,104933,22965
119886.11108946572,150805,23915
119887.30854394512,96229,12781
119950.27990004933,101174,32554
119969.2769137009,146978,19320
119999.42711797525,133604,18516
120006.06748761666,60530,8864
120017.07849356506,68246,20454
120019.0785416766,74193,25849
120021.46671901704,20657,11176
120029.56867719017,158317,13942
120034.89434730052,146214,37162
120050.45633797844,71213,11957
120062.32831474235,159346,22670
120082.74360899319,99662,31693
120085.66945329243,136149,26319
120089.8541014266,69885,17067
120102.22849241157,59644,21805
120112.90440095823,176758,16187
120127.2805758547,110750,27739
120129.33074159271,125295,14963
120171.02463118153,82601,38451
120179.29612350644,74378,24000
120179.64662814494,92145,27249
120186.13197398171,144785,24277
120192.96648517574,86778,10982
120227.33603197108,120187,23722
120239.21053462259,101506,39584
120292.92464929774,79938,12219
120328.09083615574,27532,10487
120337.66414286738,64249,21778
120343.45172300875,85161,10331
120365.94434398848,150231,24718
120442.57329486324,71588,30391
120472.78203611993,140975,21165
120472.92382653792,177550,38116
120473.38332905335,113970,33448
120479.76645748426,72587,25459
120482.49385909807,99670,15084
120490.22166722412,35603,32006
120534.63839597526,146130,9651
120583.42866652546,113236,17446
120592.02098221767,138079,24306
120620.6739795253,151841,27563
120698.05671962236,99806,19896
120705.70714455582,89688,31193
120724.17082560803,142225,28009
120726.83320934018,149054,31725
120794.68925999697,158874,36262
120818.0575779653,121575,24272
120852.42933547132,44261,14613
120853.8888863174,151509,21400
120860.96379238034,150371,15679
120864.88236243345,84949,11752
120942.26591235147,161857,9823
120949.3667278022,116319,11177
120961.5819852377,110345,8592
121012.19927258769,98357,32553
121073.95480442316,106173,20027
121077.07775227808,107813,15979
121098.71780254255,100021,23654
121099.63817444663,43705,27366
121114.38892405719,89427,38241
121116.10119964677,82312,33255
121121.03841971346,61692,33418
121131.79650447979,137784,25852
121149.85199250314,164483,15977
121172.78651498083,143389,38717
121211.34062417553,57079,27329
121217.76803037332,23172,20427
121265.89244624665,130566,21359
121272.97532728556,115452,26414
121308.99312850939,52834,37535
121329.01569395972,93112,33422
121339.76395977182,142725,10977
121348.749279754,26253,16555
121358.46250265413,143030,21732
121379.34169405878,110585,37388
121419.14735396768,150241,33748
121426.27605446627,44364,34378
121453.34786815553,34654,38038
121474.24952022995,94221,12419
121496.35003781451,115664,22897
121510.62434363781,90400,11513
121521.19692966179,116888,22985
121523.32734281696,136944,21665
121535.19572791168,98622,16234
121578.25339140208,176971,11687
121603.36593207938,132753,12440
121628.46887830959,170158,20521
121661.81981929959,121174,33070
121672.12626444473,126185,19510
121726.74243120568,160542,35201
121726.77354729171,167912,19234
121727.15868584916,68566,23809
121736.19631451662,135044,36078
121756.27964188819,155710,24882
121778.0753591599,30503,28344
121789.51699444994,52159,24261
121805.45063776396,28233,25906
121805.9212938134,76166,34839
121838.17187206223,165816,37058
121851.62860975566,132378,37002
121864.29008465304,101825,34897
121879.35211066437,30370,13217
