arrived_at,num_prefill_tokens,num_decode_tokens
20.401205745496018,26556,479
26.833687026995328,78513,171
53.505540483156985,162964,144
71.36154230792587,28331,115
73.329135301095,80990,358
91.75614195548462,167127,201
116.93314401131626,162853,314
121.91367239065274,174472,242
155.06843427511467,21703,488
187.8477515169257,130785,274
194.35879069360257,76443,590
223.19443563083345,46793,147
232.7528066464438,114104,533
241.1833465683385,89342,513
242.07180018024127,140435,374
244.73845500688313,119230,140
260.7995099166128,114800,395
265.0705189249988,38233,123
286.7211634123228,95861,140
325.3854658147742,46476,294
331.89933741414006,115638,183
341.145792419189,74921,443
347.3573788419887,38717,411
367.5133476975318,160021,473
373.1290903139823,141178,294
379.4218758586833,166001,212
402.501051645391,34663,217
436.9983180607405,102694,305
443.23073472260864,75307,567
500.4931608276778,102490,208
521.8028241195375,123712,552
570.9987373826201,140285,173
577.1531724682304,84651,481
593.6350683104445,88876,482
611.2046611528109,172969,304
620.1928895835366,56262,360
633.7981339662915,32351,540
636.1209271339978,61938,505
658.9397112778913,176345,132
668.6548058325516,176208,339
683.7176055395609,165024,540
740.812978393757,50029,449
784.0326839227579,89946,493
804.5192136330352,49242,250
815.9294966047253,138940,101
877.4319024421942,89045,597
891.3183043272933,66832,359
940.069875827978,98235,530
960.4446243683092,179637,201
963.7619211032782,62349,376
1025.1278718952212,159029,570
1025.1393130896795,104975,350
1025.532691359076,115153,549
1109.9599552332757,100612,222
1111.153366562717,168729,584
1112.7939962886976,147399,517
1114.228482224577,159645,492
1116.9165007562367,144592,584
1132.8779274069993,89483,370
1174.0602050925459,130923,593
1178.8202278414244,161373,486
1205.0017888994328,72730,465
1212.472872074505,117889,324
1258.447539411579,138354,161
1264.1454083949086,36784,273
1264.570581034187,165207,217
1282.3265958235165,21885,136
1306.935734251713,35433,217
1308.3313191803363,28234,540
1316.3536653229066,154782,221
1322.881493104668,147248,209
1338.3787892676883,169695,395
1351.177403001669,143987,513
1361.63064301342,44726,149
1383.147087314312,112876,316
1393.7371423934376,34200,444
1414.9320225456215,45799,131
1425.236102513185,108946,509
1464.7987321089,85183,198
1469.018311633618,137601,171
1479.9778447516253,93018,336
1485.7263254767342,39761,326
1518.7338409096149,164264,150
1519.7720965189378,161711,528
1520.0694532599907,44448,574
1548.0826344040247,81965,185
1558.5140998029026,146185,209
1598.5119832853197,35370,184
1608.039601511597,122346,235
1660.253917546954,139277,246
1671.2524372778464,165691,438
1696.5983781145615,60579,197
1703.6380353656214,35331,396
1730.2542580888623,35979,482
1737.7802928503268,33144,399
1750.7356834834914,159231,180
1751.9069095910972,153124,141
1790.0291212260606,37962,404
1791.4367306879024,81657,306
1793.990821328356,169336,226
1811.2894253548886,30418,417
1813.0002215893298,173006,389
1827.7958889657118,88358,204
1849.9525407579229,102361,222
1856.1269647767872,54308,443
1876.8679479412756,139858,261
1929.7746205075514,39016,104
1942.0349447244853,167585,151
1943.5566048346825,75877,359
1949.719754636306,111490,551
1951.1451921235816,84037,289
1957.8542941592136,134867,526
1973.5252730262564,99303,413
2056.046077415347,158658,104
2078.090244573733,165385,253
2131.7835713485015,47154,580
2173.8790808015883,89328,159
2217.9724120695896,165024,179
2224.331065246253,178552,207
2249.6205438439515,73371,451
2269.735990202256,89201,358
2283.1453895536806,33316,147
2303.263378077299,92530,122
2303.334417876132,54293,426
2381.3738455581893,62357,479
2393.0358771267693,132115,387
2393.2302122215415,39724,583
2436.160034268232,59073,379
2436.8938977413795,116787,398
2452.976594240412,132666,165
2453.831171681386,115591,560
2507.9187139407286,30458,560
2516.7761114088075,85412,441
2518.9454987530607,166770,552
2560.488418090216,60515,573
2613.6396521724578,62598,599
2645.817116601189,66413,551
2656.4476996882922,67018,477
2708.11678692704,127928,510
2730.2844116813435,85055,236
2733.752389561061,48336,295
2774.8929666840177,143388,213
2779.34516131109,140665,279
2786.627523319071,79662,214
2787.1065020141964,70627,304
2795.064238469875,38198,595
2824.749143054117,112050,428
2838.991897369505,160565,269
2895.00742811481,50236,549
2965.40745932497,66810,397
3031.094056363536,89590,119
3033.388867051086,133918,276
3059.468049503835,102228,323
3078.106741399076,154066,159
3087.8357581885557,171149,197
3093.7157312880036,134309,100
3108.391796255214,161151,451
3133.81043680997,71651,286
3145.0983898537684,106559,419
3152.6334837023437,52669,468
3198.694554775854,152939,258
3220.68037940415,105506,306
3244.5745903194556,165335,165
3248.834497025984,119390,446
3276.4117030853313,65620,415
3293.2495316758964,126450,380
3329.131796736483,99658,246
3333.850868875475,172039,410
3355.1180280983813,141893,326
3366.791682824331,76020,361
3379.6098445605185,64483,437
3381.382000191287,155122,439
3401.4266459504925,107867,147
3435.548206573831,81569,444
3442.9816422841645,72200,175
3443.4762149973485,84184,343
3462.3738246858948,39091,333
3473.0775917104725,170908,199
3498.4191039445013,120657,353
3508.62404852842,58684,435
3531.894900696548,47941,498
3542.9676911134898,66107,511
3606.353240517867,155779,337
3607.3837045160512,85325,569
3645.1055049469524,139658,168
3677.4364274396107,159233,386
3695.5361408741774,136017,413
3729.284833459944,152324,318
3764.7910437879764,163621,328
3810.292018873861,144433,330
3816.292282614975,84812,530
3836.5958075492304,156655,348
3856.305860648849,91984,325
3857.9188578216326,94901,220
3864.2601172398727,103809,557
3879.7973124955324,56273,177
3885.0574003545858,60056,461
3889.872171065759,128755,308
3897.9080498987746,142139,312
3899.1938227717487,130138,299
3946.2374148344456,173112,584
3970.0206085144805,170913,294
3982.983309782234,112211,252
4010.9891573432883,129843,375
4038.517279094305,163165,509
4057.0063879936783,77812,349
4061.960790793565,134251,348
4062.5498782383584,108114,442
4085.285003498382,125989,470
4088.892546015779,142523,570
4091.623328179024,160017,113
4139.111151375185,175161,388
4160.8645839166975,42006,429
4172.058346665887,141031,193
4173.090205735475,119379,267
4177.846729147862,105680,272
4206.491795350242,119385,242
4234.379118244436,130510,229
4270.4045190675715,143288,109
4298.052499112024,33653,587
4306.666937277868,37987,499
4369.731322159138,30553,486
4370.361754682494,84823,202
4406.917221295437,59946,222
4409.615776634592,49986,388
4468.652772507796,141905,458
4474.57360944675,116703,185
4493.196250503909,50024,498
4527.414722105567,101536,155
4544.70219953864,101777,394
4567.325774052237,118384,303
4624.090295291486,71990,138
4642.024855078537,83661,152
4665.9180480457135,99058,535
4688.9747109610635,51733,507
4771.484421742038,30766,277
4786.702034877992,117142,135
4800.804842714408,109451,106
4838.690739235843,148503,154
4850.057129395328,114945,425
4894.491063911481,140517,462
4897.811946604933,66173,475
4912.5642439784215,90800,415
4945.590204850094,161078,496
4958.803708003721,134183,522
4985.0665351052685,90358,265
5023.238670564241,42718,242
5065.917669956725,83927,484
5078.416545122033,179994,442
5087.9446845934535,27523,353
5126.014534359604,67668,349
5130.782720256174,87725,274
5137.343317401318,176278,459
5179.7664870080525,165697,105
5194.305830755742,70084,143
5199.830285080258,126542,350
5216.031826206658,82999,453
5228.960652262386,148665,329
5260.454896857464,44393,250
5265.465099334595,83780,256
5287.275602189677,116736,342
5303.4007083779625,110113,317
5417.266249143928,164281,269
5425.937693738168,138946,238
5433.261321812008,80434,161
5458.812584322022,102719,161
5485.976914596892,68535,198
5490.853654419117,146929,241
5516.64317905729,157530,405
5523.296731654121,46352,526
5527.613080166955,79633,284
5531.568482691819,23708,462
5546.845674252126,91909,123
5620.067015715574,165059,249
5643.975034865624,53103,426
5684.544102726482,148680,152
5725.771378984869,170487,245
5738.446200575494,135466,274
5742.521934532656,33468,229
5799.147861087944,145233,158
5833.680293738449,125043,351
5835.219689439458,34053,177
5838.451196570189,167545,585
5845.69458283039,85061,160
5862.0267957753695,129097,410
5880.159884257535,79162,497
5894.946744990177,138099,565
5906.640530470348,174278,319
5913.928344415697,35789,412
5978.360323717873,46013,585
6007.132053483872,75318,235
6028.73344712187,61171,222
6032.552143172183,39677,180
6032.605729347124,138096,452
6050.624473163626,96351,116
6055.890149004151,94112,459
6095.1563036553625,38659,451
6100.472727269989,89351,503
6131.804869532583,174609,438
6164.388059781551,71857,317
6166.826357788217,78932,431
6170.052971704532,89633,523
6173.121503872157,35633,184
6204.586378424982,175987,483
6239.359129730793,95657,324
6242.01498950959,99715,458
6252.315294575414,91367,356
6267.845068755285,134755,141
6286.07295662787,133253,476
6293.85460493389,85632,113
6295.7700021486,170784,400
6356.001657908521,90650,395
6356.822924905249,65925,340
6371.459181646047,135927,569
6377.978122104952,173440,323
6398.123487896036,148902,596
6400.037025775215,111215,309
6408.145579761325,47420,539
6411.652296502159,127910,455
6425.334817215183,124976,516
6453.918835422964,29619,332
6455.762452489189,86164,265
6458.226643171445,125952,542
6472.682128470057,20301,436
6513.389470902397,141104,311
6514.504040267896,155905,285
6533.994828319845,150676,420
6545.66422265277,33529,204
6551.877948722114,54344,574
6558.67231476972,147064,162
6559.2582020281925,179612,509
6564.728459648482,61517,259
6580.735937578336,164769,308
6582.692807725943,49743,336
6641.465009824673,60362,355
6695.422966034232,96509,360
6719.866491089001,128918,527
6733.041389816405,143789,224
6745.246445818902,57917,296
6749.475943013964,177123,360
6776.907411606942,55784,542
6778.354741571078,128774,274
6832.792165121849,153100,236
6867.149279635365,94144,471
6874.241559583248,173862,396
7010.532928973538,148356,543
7013.750285860097,161185,347
7022.216471564313,164681,490
7037.896739323557,139365,577
7045.662332382717,69454,457
7051.1196609235585,120393,219
7089.880302813355,127682,122
7097.5399867913175,143987,461
7146.476064437295,119937,297
7235.6352239112175,59873,353
7302.583298099164,53094,357
7369.834521525603,107030,545
7371.949835750703,135423,151
7386.878731155141,139780,107
7412.513370017374,127473,545
7433.784914543352,60464,138
7446.463266619519,89474,273
7465.987234487611,124197,432
7467.6617226365715,106131,536
7490.100824841271,159885,294
7551.743887211824,147912,546
7567.318686323457,37936,220
7587.266588127737,95334,216
7614.735443422637,133763,600
7616.808086433985,46347,327
7620.447273763342,98503,562
7621.034763485508,105032,507
7622.189871920948,113969,291
7633.456362632801,84014,371
7644.078689501168,67200,187
7647.927808759651,179774,545
7657.570767793734,83132,354
7706.368442913841,57517,218
7718.734800496704,86578,335
7724.630994321279,22463,560
7757.288510960853,95400,446
7773.108039626661,39362,326
7831.202351008203,174028,253
7851.576501718339,131230,453
7857.33276265645,99199,201
8004.842089425691,146670,154
8010.257427031303,169926,283
8027.361900845561,97392,111
8103.645752361534,123758,240
8103.808371009171,32856,566
8122.457103220721,150214,526
8169.35762343552,95024,497
8201.432717237865,179138,510
8210.119917388816,69841,417
8215.890280494079,55855,421
8217.93456611717,30334,258
8249.015622117411,28746,396
8258.09385758341,54448,146
8306.170231929813,105647,482
8316.910307739869,72637,167
8347.79387679868,115907,371
8361.7287400565,91441,525
8365.324302027908,146313,595
8398.17266812155,108792,511
8400.619856365403,39739,172
8428.680651529417,79143,540
8451.240879790199,124179,595
8488.623776628318,166096,287
8490.51664793165,123435,107
8496.659616388744,52398,332
8505.855476178533,88724,399
8515.449300207478,117379,155
8537.91784653808,143594,112
8557.245692168593,167169,267
8606.608077265302,78030,431
8607.914150418985,141704,565
8632.065546766937,127032,159
8635.076819478169,29754,255
8745.146168760799,50440,149
8750.498530436776,160914,169
8760.340107103308,117258,443
8820.008581183036,161608,314
8837.71122332292,60507,553
8848.430144567561,45957,526
8861.87144564981,126985,580
8922.404153686746,28576,453
8931.661694045702,136230,327
8991.7996495142,115075,150
9070.990033896724,116294,378
9117.383888332617,114024,131
9127.538484838076,69757,595
9130.14429712398,139201,146
9151.88402405954,176538,597
9152.315800568136,107427,224
9242.18999392735,168000,205
9243.611540909335,165282,206
9261.267842033192,81079,268
9291.044891758735,176233,101
9297.539417272237,57929,166
9313.079362946444,65743,156
9334.717867410842,26758,167
9335.01730437278,82372,401
9342.841788093832,65677,235
9343.918223498818,130352,369
9346.331075307291,36661,343
9358.225193979522,114906,362
9376.236790808622,138490,357
9381.245794867431,31367,472
9411.823885614924,156695,254
9424.075240308423,28165,131
9555.312577579754,125281,318
9578.486034345786,148521,464
9626.578574353522,39265,560
9628.26339821057,179461,175
9629.622171757186,92093,419
9649.67422197367,163748,464
9657.54056910762,176602,371
9664.52881801725,152527,409
9675.778191492016,49992,536
9697.045775505967,164529,469
9737.168454490915,132740,331
9780.969843179506,128478,273
9816.107640978837,124524,312
9842.265624817395,101932,318
9849.760179523924,86817,291
9911.166071014766,144326,134
9913.07922116113,42377,147
9924.387550900576,117687,515
9927.175446528514,35723,400
9989.93271390122,167241,268
10012.10677033098,127691,281
10053.474012803159,130870,544
10102.975595801352,33486,595
10109.758735963418,101906,280
10111.946119331138,153015,208
10115.308107012845,146403,214
10152.890414334395,111780,532
10169.14099062497,50116,490
10175.671339581975,79286,513
10186.882598689976,167053,598
10216.054096899305,165945,113
10234.834791206918,90109,114
10238.81396065347,100998,571
10247.118956807399,21600,192
10287.902262452313,168457,436
10298.144936831288,57191,479
10318.202181633993,28036,146
10345.619403967832,76395,292
10356.508172233496,109363,180
10365.750566971912,105035,497
10422.493512558585,176296,143
10465.463718225485,60784,180
10493.547661845954,33044,445
10495.249704643335,136159,438
10506.28316997095,179141,326
10516.978151659867,76510,486
10531.341147021463,110484,320
10533.69182822905,175486,349
10548.662240065807,100850,123
10553.64476488949,177109,128
10553.799100566217,99015,584
10558.544811640746,55975,491
10564.446184134305,106015,161
10564.601382877365,132893,189
10567.367913479276,159613,460
10572.598084710982,166466,526
10594.653393035207,112842,136
10604.772515491188,31089,323
10605.150903186928,40411,541
10612.661088085237,132534,393
10623.025576115602,129495,248
10625.47284720521,25467,594
10633.326831389459,140611,525
10656.7253481902,114857,145
10668.204625090473,47751,224
10679.647178252435,124975,368
10681.285420893742,101336,481
10689.580986152563,107311,498
10693.262633267479,153820,424
10695.684001194819,153680,199
10742.956777792924,111586,279
10768.950240080101,58716,220
10771.11987053837,87100,201
10774.930954117443,60073,489
10803.402770673703,39753,190
10863.84106822394,149529,337
10891.925821923942,171904,329
10914.785475745575,167978,429
10934.958987187103,104727,542
11005.749608380585,102873,177
11017.337509234085,142924,326
11037.297566547417,92004,402
11038.453795751318,152995,137
11045.886894631065,138466,119
11047.058342792254,95255,139
11067.752310957454,43670,414
11085.784285683798,120789,336
11103.149989259628,30753,330
11151.098887190494,169856,433
11155.269884991194,178598,343
11169.187595594492,36219,330
11171.37277719326,110030,465
11173.134743059545,65235,120
11178.828307459578,134755,324
11193.67793654733,179856,181
11202.725862302641,94158,298
11213.236845240597,108700,447
11231.45723136543,107726,133
11239.457553636574,166266,447
11249.231147106257,86059,470
11287.383479416161,177994,547
11290.642644105972,41365,398
11312.432450875356,111703,258
11381.084049547966,122749,166
11399.163449847216,42208,258
11415.534123993923,106108,516
11418.268711473478,157990,147
11439.039281140937,130993,360
11448.022232950285,115052,258
11451.99766550616,76149,274
11511.000712558121,147473,198
11516.138417801025,56061,179
11517.744516135157,46513,359
11547.214243182505,158027,119
11568.904244152944,54353,405
11578.359428467049,62532,192
11613.957436603858,63395,469
11625.470885968494,127704,286
11648.033536392815,82267,596
11659.780425199762,94692,485
11687.389575222956,137683,219
11702.661446653634,101125,594
11735.731737175312,142949,562
11771.781682574754,116427,447
11830.580131150584,135499,336
11859.92488847626,120105,357
11874.917537113944,62482,518
11879.372852853585,178508,170
11920.644519077892,33678,428
11933.745778855708,117311,383
11988.19694376837,155242,535
11990.860207764426,41987,490
11994.354713419865,137786,563
12008.75902794384,134680,146
12067.28810165932,78205,518
12079.285901619789,111641,576
12079.826547481438,33960,302
12093.76993725328,81807,297
12197.922480422281,118281,214
12198.494329246538,45974,529
12223.57890917495,107894,505
12226.736545638663,30040,246
12276.61053065897,143851,456
12312.180741474322,142974,329
12331.289079836732,40768,109
12337.201319889762,59195,380
12393.544992843288,179614,370
12404.552085508905,95524,221
12411.718502737158,32517,222
12422.607031417896,139829,132
12424.956995586392,151027,405
12440.31672854528,155102,394
12445.856534141509,57637,249
12457.072224813177,112488,223
12473.982520580998,69103,440
12496.04787693308,157228,599
12504.992495319086,157903,378
12519.150715816977,153070,383
12519.561593704591,143243,122
12539.755541725464,117858,229
12567.267900203402,113610,503
12568.666900171322,83209,475
12590.073485198453,47174,495
12607.51433689969,107167,168
12608.421308219258,163134,273
12642.008739769697,65898,525
12672.213499871032,141798,456
12685.235615457526,67783,515
12688.132722661696,139977,118
12695.07973853739,31483,505
12699.529359796432,30985,261
12753.701660993649,155104,303
12844.123209817837,162352,342
12849.96541413437,70096,246
12858.796822011653,32531,543
12880.123482373581,91622,163
12912.246589643359,134544,555
12922.463827953332,135274,558
12985.15393225525,108876,598
12989.28991965707,150422,288
13040.912227510173,156125,236
13073.21612529174,131280,140
13084.479818588004,67305,379
13091.436003486742,46895,140
13099.383558628373,97500,256
13111.192329660911,131703,185
13134.600821395372,112155,328
13135.466387463652,112421,414
13261.324243717125,91973,427
13339.592001640762,35036,138
13361.83713398647,126485,286
13376.230490043365,61939,587
13376.863205950604,179271,447
13407.265387633293,29122,164
13408.657392245324,116030,285
13418.310398347348,168699,116
13436.892590666414,137944,585
13446.163942608118,136376,490
13447.76398106955,56095,371
13456.908096867683,102414,432
13463.441815902035,49739,113
13490.0533227169,150821,365
13499.840717837824,167239,160
13505.910895715977,88233,460
13517.732569645425,94862,455
13567.385691619056,148765,202
13570.002390460346,39412,331
13573.793093442013,136683,144
13607.061813657187,103778,441
13615.598406767522,37023,381
13631.223613088072,98631,535
13634.65137003651,65636,506
13643.623797256976,78783,162
13727.795413246953,56405,221
13759.043929409223,26890,284
13775.193617283658,116707,339
13807.751941705643,164610,166
13826.684278949331,42600,133
13834.085004224415,145479,369
13844.664630487216,127330,521
13861.77327128225,52853,597
13869.399289949277,39441,330
13881.940232519999,155622,276
13884.687225652682,164520,427
13902.411478127142,53825,321
13916.389302505258,34526,525
13919.040765157912,60112,255
13922.639024271353,104583,578
13947.350504522215,110707,585
14003.922363887948,94461,533
14005.565226732486,71459,425
14068.197012175477,91945,164
14087.814789881862,159848,147
14101.780925037827,64206,403
14158.592106069655,60421,187
14180.093900986772,178633,272
14217.064307810204,167749,121
14251.950714135659,27437,141
14252.881266517896,171197,235
14273.942383607373,169982,313
14293.19475459162,27939,354
14337.158694251819,163019,248
14357.697961405333,99192,347
14363.315478106466,126454,252
14375.401512711718,35705,180
14386.983798288593,146943,337
14391.547498389942,179032,173
14399.043767500872,103706,475
14487.539727171716,110536,599
14497.713505573729,117134,363
14514.208313062056,103654,223
14526.773208838706,90116,330
14532.47143067606,45378,125
14539.327209717767,120702,542
14558.437065718319,85082,592
14598.532283501887,61864,516
14606.465438268022,171437,469
14613.965560477583,61770,355
14724.242416148183,142372,355
14766.494221107994,150382,111
14768.381513738477,123086,358
14780.602929832401,83105,210
14798.112821961484,32755,125
14804.720614898635,176635,551
14841.73166027715,143361,246
14857.118870672328,48179,320
14859.994775688938,89329,472
14869.10188889151,125710,287
14870.027844630717,33410,391
14886.530211429364,115033,383
14893.340667528619,121279,358
14905.31029826585,164141,243
14940.205295246853,51145,165
15014.049246637385,123259,291
15045.734128647267,108889,385
15101.654900755397,57818,201
15120.104243647533,125221,356
15120.925994788056,30201,170
15145.932742283348,144189,365
15158.145240079539,178927,557
15172.63823365511,105974,576
15191.628366152496,62598,301
15285.002790180328,98442,403
15293.203504493666,153618,372
15306.664382818397,167567,253
15319.547432135998,24361,288
15327.594020533788,48732,313
15345.12110592897,26985,405
15357.992641454113,171643,395
15363.156225991217,33462,398
15376.252023704208,157424,422
15401.79600441326,119664,175
15436.277417973264,83490,116
15453.27672560667,48808,197
15453.659105124587,102232,314
15456.94318876098,73448,310
15470.879045302641,143628,546
15508.606206667771,36326,461
15511.578120749036,74353,387
15519.440440251781,145402,369
15528.89899108401,65398,335
15577.535598691595,109738,379
15586.283601267156,89300,412
15599.523553441539,84623,242
15615.856382615018,78947,582
15688.028658415533,98017,494
15694.850431782108,74336,453
15719.265234300976,103110,345
15727.844101074845,91685,247
15730.443407236402,162394,294
15775.66468271329,123424,519
15784.13119622181,58397,248
15784.99073432429,40717,277
15836.533707966702,87225,482
15849.576855668916,72970,523
15865.045697430289,167329,456
15871.384385482354,48633,415
15898.394512810875,82726,224
15899.436499508787,159209,215
15919.755658843707,33760,151
15930.42053867195,143837,151
15953.283862595714,56036,102
16020.058890126194,61403,308
16041.221322254303,144701,344
16062.248570850319,95299,264
16068.969646890318,35509,564
16098.252602337983,170505,218
16113.573510422337,29777,567
16164.459226235349,129546,551
16200.813685374584,29526,528
16210.93026706289,149861,195
16266.098854208905,95882,548
16266.8625756397,98221,390
16285.328024865506,107829,245
16297.443541765186,162422,368
16311.06445261205,55179,535
16325.096617041188,91522,198
16358.186774360234,106686,183
16384.456519280306,87440,467
16388.57730927144,108371,504
16395.569146967195,70636,189
16414.450326462327,126296,523
16425.61227904174,105964,144
16435.85658570864,45004,194
16515.857493510048,145161,265
16570.780445163055,21790,233
16580.45679775905,137109,485
16586.668834512042,106409,254
16604.136369129206,170176,105
16610.2004921475,114254,454
16615.592164387657,50991,338
16622.921081788907,126277,451
16636.885099217867,101521,453
16639.383119669892,97342,288
16658.45391078297,77443,590
16661.321361829283,60156,332
16688.866852052324,178790,291
16699.61865153136,163978,567
16712.34748960089,160907,510
16734.16599416068,77255,490
16739.852161006605,176189,547
16770.81626015083,157758,328
16785.83912313024,114839,139
16835.676469137794,49414,131
16870.971894593324,152510,203
16887.977351683232,59282,184
16895.930791882172,156404,326
16898.402187312586,73844,467
16915.902652609584,43839,560
16930.1849768109,34584,332
16933.014965645852,128901,333
16949.61315269537,166485,336
16971.954852697574,100784,470
16972.395071314688,86704,518
16972.455471860412,77121,396
16973.972143159714,131069,276
16998.07727425915,161862,130
17052.61667508134,38092,578
17065.392552170448,95259,309
17069.361115506836,55501,492
17089.879042644072,130195,291
17188.710367180778,120264,329
17229.456451256563,118958,292
17231.129518796235,161374,168
17252.328936262824,111165,160
17256.26076108263,160839,301
17271.312019680397,78376,527
17271.381606497143,25959,600
17278.468388229376,162723,317
17293.651290848167,80205,226
17305.998185519627,60664,241
17310.175121572676,49581,116
17343.334892950046,129901,414
17372.38814661769,24101,223
17377.003639044073,46449,404
17377.686697104225,176705,444
17401.98644643404,32760,225
17428.969584183647,125451,324
17434.30990677701,76955,486
17474.172283737513,34796,171
17488.19167158404,95828,219
17522.024842534815,171023,263
17539.254967007553,104060,221
17546.43894196132,57554,438
17561.170520773514,128412,253
17567.606439789855,165940,585
17585.519890997224,65910,420
17608.230611528088,165712,353
17609.190986799596,110286,582
17629.809091326355,119917,502
17644.675305589215,129137,309
17647.907283418823,118686,194
17675.989615965977,144130,223
17713.84433245486,98836,539
17738.43539650083,141379,568
17739.62241377604,128180,595
17750.39689996,158934,168
17760.231058985428,86845,204
17768.248462414496,40727,572
17780.19745214345,117275,147
17795.53916320495,69933,126
17801.791274173433,178589,408
17802.598290330334,39079,196
17835.257602735805,174031,470
17857.518959438912,76889,345
17862.205301524828,107284,255
17925.14559784572,24019,208
17980.488791792464,50753,482
18135.61686697793,145546,568
18141.173962207988,178440,460
18145.749981267938,82739,382
18153.510787640145,94202,294
18166.067359197157,114177,257
18172.131711795108,154431,551
18185.88604258357,45849,511
18265.490427376913,143074,489
18302.108482543634,73248,289
18309.614632214656,31984,388
18349.52912065958,58252,108
18355.572155355487,173100,396
18381.032321586295,97382,178
18385.40021306604,80298,294
18402.269826760516,84416,355
18418.268558092615,108490,231
18447.09291657225,148089,594
18472.807997592994,148606,335
18476.492071634202,112320,186
18479.507565000535,163273,350
18483.575554418636,162117,428
18546.617145527456,157348,117
18583.15267413891,39485,583
18617.227196625445,32717,491
18617.355282389162,56042,531
18637.27829077814,37817,462
18640.552911029255,77336,358
18652.729386784176,35846,416
18673.036618815342,146669,437
18686.41954457803,21733,372
18702.46287937686,23106,108
18717.538565416722,92021,374
18793.405016104953,24493,357
18826.95477149114,132872,512
18883.127186561993,66993,154
18933.159824028604,157464,176
18938.674072794285,158007,229
18972.44525268692,90077,507
18982.55857922067,117793,591
18992.97702132573,168111,224
19085.55200456521,79207,253
19108.59490057009,41133,434
19204.364037417276,28305,147
19214.75727163251,118872,382
19227.6827381882,22477,459
19231.442696732393,151034,532
19242.822728492913,106840,389
19318.556299562137,44998,558
19333.57857172206,31154,217
19338.32892543862,168579,343
19344.653164304178,39489,450
19396.615068152238,162352,388
19418.08034834322,67016,575
19456.079842805982,24104,592
19460.72247212884,57798,485
19495.09533738279,124410,575
19496.69650385326,62585,388
19502.197670795038,122015,446
19547.56632387143,106960,296
19575.746063063594,56687,504
19665.015930564055,40559,356
19692.38160606134,110664,127
19694.437455432046,80855,529
19696.018714530062,178641,493
19715.050091225166,176135,303
19784.47424555224,105557,115
19804.58340402996,138109,351
19809.762404159876,164975,581
19819.17614528618,68690,448
19836.80789950726,119633,143
19866.39078247459,97431,508
19872.04997479258,39269,142
19878.288705924388,119614,464
19908.92808684356,60442,478
19918.801622869432,114555,154
19920.721280421043,100810,327
19929.644444431866,90717,152
19932.48740126264,69123,320
19944.402137308673,165421,362
19954.888602647778,26884,145
19963.625064685235,44396,405
19981.853307605947,105047,542
19991.583706477522,96506,311
20001.39761713225,42203,471
20047.677828419895,83633,392
20062.403287068893,119806,186
20065.392787665976,98939,237
20078.982563010595,36585,185
20090.389697753933,130389,253
20103.631635690475,40164,284
20109.430654920212,84642,469
20129.04903674216,175662,415
20133.400921907403,48042,169
20140.66795114762,123728,270
20177.522277453743,119585,511
20217.161070662358,135401,271
20228.42508250902,175816,169
20235.571021961307,178128,585
20259.33906811841,145569,260
20263.250542228252,124396,595
20270.938445113305,148714,595
20288.093188135797,83550,266
20297.52705893699,123005,286
20299.945293466444,167810,202
20317.886187785512,163033,192
20340.782200482776,164205,113
20401.936316459087,141011,582
20426.58150230472,134938,508
20433.46884249818,38129,519
20471.118453166324,127254,444
20484.953544791417,99385,223
20490.778825991903,60407,466
20501.781521919256,118825,137
20513.704353271325,176744,345
20531.161509170357,160081,359
20582.56968990048,129655,378
20583.318850664647,114248,459
20628.49050483952,160746,404
20648.82269369424,42277,155
20678.12546692405,113063,185
20698.951202752192,31612,388
20781.170691398213,124757,595
20809.11236071167,132841,154
20809.324436608204,87826,213
20823.61905508366,155999,385
20840.993762418006,170794,213
20852.79758132958,122533,337
20882.395817274744,174295,453
20896.277400834228,110431,112
20909.462795351392,97445,312
20960.114724999385,42506,159
20995.709494598355,57139,278
21003.18563599594,139362,501
21007.820931299393,146596,278
21020.75240763616,134862,469
21044.61723716872,103600,134
21051.758282704886,50168,111
21089.591647896126,48668,446
21121.785419348118,83940,364
21125.61960662964,61978,269
21142.03235305333,141124,218
21173.99793991342,68352,195
21194.457586833327,133281,302
21195.050123775913,71727,330
21212.989847090867,121930,102
21237.387529229254,73945,242
21265.300326752604,36400,395
21267.446509428395,160742,195
21276.554107944157,71661,334
21278.97385807489,148315,370
21346.552637020966,102157,405
21356.39399874819,122903,400
21358.820004677706,112270,532
21371.064646468538,65227,516
21393.45659714182,97973,570
21412.52007554227,42217,444
21415.396276743406,50896,222
21422.684083727137,67984,291
21446.330693793694,153909,298
21457.164608815317,56141,394
21466.84536054951,68694,349
21487.03002519962,65412,384
21490.681229476882,95716,171
21494.824138103933,138227,417
21495.92617544166,114119,587
21496.11876856633,55791,199
21529.89011621522,167215,358
21551.062747384756,127252,450
21564.597434798496,136353,350
21568.25795459374,168215,115
21600.03898621431,77810,249
21600.703816505782,78941,375
21607.516201662525,139884,389
21634.65233051595,149843,381
21648.952252510382,170133,158
21655.188712778607,162372,521
21749.164313035413,162093,521
21777.440604266714,135701,379
21782.372480070757,131451,152
21809.00774736593,84888,252
21850.566176721786,28449,330
21856.664510832135,42802,324
21896.757199853084,50772,497
21930.17165185727,75018,515
21956.930345802026,111915,540
21981.739897838648,132241,184
22000.890028905982,74164,516
22005.527225483453,35560,391
22014.16799121835,93684,405
22029.645097071734,104843,460
22036.56925813871,170139,236
22097.466593162822,154850,560
22120.21153394706,44962,169
22186.025413510746,127897,570
22187.24773344993,92698,543
22208.58397639461,54784,227
22211.746160162413,104435,524
22217.43470074684,122944,350
22220.50172550792,90442,421
22231.198119002704,138486,138
22251.280227450487,44404,306
22265.777669042425,92935,455
22320.86042538925,116749,332
22380.876961508904,105796,397
22380.926484474272,44416,474
22452.545140377784,113905,535
22453.853639958907,160096,303
22458.767301712425,132628,522
22463.52867596204,90395,265
22498.77388744043,108540,380
22516.025741975274,168410,536
22529.310636334285,110109,557
22552.259456749784,32690,123
22554.357219115245,140476,108
22557.010418660284,61414,325
22569.205597496835,132145,203
22678.160834349077,54580,551
22699.157116802013,61674,547
22753.13661574134,91832,147
22774.396961112026,85638,142
22783.696288428455,63391,126
22793.79122341192,100087,471
22817.83347223107,81379,319
22839.145838451575,44951,100
22843.94708528108,40431,167
22861.959345564246,156169,448
22873.737498988176,22113,456
22882.156409770552,51612,540
22893.130903688187,54648,344
22894.600138501555,120419,145
22920.843431788064,46850,152
22928.36208638153,98447,170
22938.010771383375,54903,428
23037.07741572921,57448,135
23052.199507907542,22221,412
23073.197105468458,135369,279
23098.830893983508,59681,570
23109.4415954998,135968,540
23114.34029789089,46336,171
23142.262800114426,174553,473
23151.954002467864,132561,261
23183.269760353778,84955,241
23203.961145119465,85055,383
23222.33697533196,179276,245
23252.526080690906,27031,534
23290.081582993014,99075,205
23304.66739936475,153568,196
23332.2215175965,97474,430
23333.343807784193,82741,353
23343.095287941753,83198,355
23363.422058414562,38615,370
23407.336986877097,23163,284
23461.676102142712,54598,298
23501.114984925443,168997,315
23510.21058570403,65290,490
23522.94647562144,39134,108
23540.65023984954,23615,234
23545.510608406134,35851,585
23576.65605827963,152804,246
23596.463992917335,151346,492
23607.201636046615,125454,142
23627.66453264472,160943,415
23630.978080153527,41914,258
23632.62445324319,73267,598
23665.63591079612,160611,267
23675.545835328256,37331,258
23699.537211093753,82557,129
23705.144185075955,133897,159
23717.223914926748,179601,128
23724.624621274776,66044,161
23724.879538394176,55969,459
23725.107848651613,150131,587
23733.62238237271,155586,500
23768.19885017994,87960,185
23777.498994610574,90454,475
23821.003028779192,27695,271
23853.91550952379,91298,368
23855.235570485762,171165,421
23856.839608903912,139327,361
23865.76922306634,150969,539
23882.504315111753,116387,180
23888.394852836114,46975,557
23905.457054786948,50234,216
23932.458615030027,20673,122
23971.594459196534,23221,225
23972.53590413691,115414,296
24023.10719368159,66913,576
24087.656518721968,29270,383
24120.159277678256,129935,214
24127.925598070586,129119,568
24153.40548798422,91108,522
24155.027239567404,117729,161
24168.97198795365,33807,191
24174.02305056693,155207,123
24235.639883033287,38068,549
24248.153174654715,94005,496
24285.419981794585,105799,144
24301.52800517631,22089,288
24306.00766208109,167798,501
24313.25316851084,83591,337
24322.4391471869,149331,495
24352.35115181665,163277,489
24384.14126368553,59470,103
24438.02347959913,26267,219
24453.621351086473,22515,586
24461.781238211952,118638,534
24488.575764650315,100612,153
24493.168918419167,82434,314
24506.715531963408,35701,597
24622.628685887033,93354,147
24623.52654682291,80679,559
24660.87831878409,128280,458
24706.064605274332,140182,598
24733.62314647799,172245,148
24747.704387666763,123376,138
24765.629040770542,36327,322
24787.34951364386,54264,221
24794.246587580106,102577,574
24826.51719528383,105524,262
24838.574473111086,81239,138
24896.064133188684,55680,499
24925.470406234486,48566,179
24927.703741178615,137851,338
24935.242264717435,51650,374
24944.114560930644,74430,331
24951.486842965875,89470,536
24954.041545864275,61317,513
24977.21228521241,178152,120
24982.054246111536,105929,175
24983.96713470814,85069,595
24992.76027840136,154600,125
25015.37369535328,88201,519
25108.87829733002,28147,587
25119.241755862502,138541,384
25146.81450663013,85497,148
25159.21404883608,56645,162
25159.454628479154,78271,166
25163.870879762206,125010,290
25187.05630343841,42030,398
25204.69982718586,39657,111
25321.98889741687,71839,562
25342.757324385213,53761,147
25389.851313689564,106913,162
25390.724005928405,140847,125
25394.402203287755,170440,321
25428.88632091964,123546,354
25429.484833545746,131847,188
25438.222192243713,69060,240
25444.788233832303,58962,117
25463.832114949793,84431,431
25470.82624804323,128001,551
25486.827032754143,35985,144
25493.390892490253,55975,314
25497.840213274467,157839,227
25517.76607814292,162516,506
25518.160542411686,120269,500
25543.151850934268,145746,378
25573.565297135814,110186,567
25590.243440844693,104306,298
25596.54959587396,26832,263
25614.731745378896,27681,558
25648.019066286848,93644,129
25681.092493546203,143649,371
25689.938173955466,173089,219
25762.91586379661,46249,226
25784.30845653582,89868,373
25818.195866833696,34656,491
25930.68816925394,77517,394
25968.169926756822,121822,281
26022.900782112607,65537,190
26028.298964673988,103362,512
26055.09520477436,114052,567
26073.003532025243,112191,585
26089.77399185986,57251,388
26149.046460754525,149034,377
26156.440306014803,148564,119
26158.332177038403,80980,408
26163.27088756126,158005,344
26163.28456216274,72812,512
26166.081060599146,66520,570
26198.51374477416,104826,130
26198.956875769512,173776,460
26248.78925369692,49077,533
26263.732658848494,115653,591
26265.238590082412,123703,400
26267.36875067354,99105,265
26270.30285890851,61288,474
26329.701627976407,147716,432
26337.33513657137,167318,455
26381.40807875177,113539,214
26403.312340370783,65967,293
26410.641745009616,97205,165
26414.554946343756,20471,585
26438.768749191862,170165,300
26476.81233315286,168762,116
26480.83219102488,103418,571
26513.92162105824,77906,427
26530.595120702386,150071,172
26538.639580875308,40396,221
26547.157329237976,103759,185
26567.37962219967,43258,520
26592.065912961876,108014,328
26592.29513392008,74967,227
26615.924758608817,111876,231
26646.85589946866,20335,124
26656.609057663707,130009,596
26660.247612980005,128532,352
26702.9501923275,112073,379
26712.36139025707,145695,503
26752.270858405653,79135,183
26764.27446854002,28758,250
26764.680114552386,88453,587
26766.892602542484,109602,187
26810.665460841854,62180,474
26812.22474401822,44406,273
26830.254291095534,146546,460
26830.883964170614,63253,410
26874.984652743093,61183,127
26877.119833961384,73883,598
26881.333865889952,165257,469
26933.292757199903,161590,235
26954.904151546732,97961,221
26956.92080985906,122996,392
26972.875975336145,148699,178
26973.99690578137,21000,318
26975.831063204445,177342,345
26980.28580590172,26746,205
26984.032460337017,96496,600
26985.742225880662,50279,257
27016.473092616983,143455,350
27061.525668303497,89469,146
27082.06265088525,121587,194
27091.33578395968,119993,289
27095.466010228916,31696,234
27107.053111669517,89048,215
27143.34287840662,167913,131
27146.619878810823,45350,143
27168.680791272454,161937,311
27239.28792652949,174593,216
27255.418809289313,121477,519
27270.20607797055,160381,451
27310.538269544075,144472,393
27353.221102309188,144849,253
27354.866031069716,29103,357
27371.802254292612,155480,509
27388.750863921134,58652,161
27448.369635341413,137713,188
27507.912353803244,63821,597
27512.674709952862,70521,164
27513.546975613604,40543,449
27524.979491612703,58765,527
27543.05920930437,103820,566
27569.032426864513,37566,144
27578.856127351024,124164,382
27586.750393837043,92404,366
27599.005980270493,23241,502
27623.112930018353,174029,367
27653.549316666446,49496,312
27656.79128101702,168529,401
27674.269180714193,46267,573
27676.502002887613,46474,502
27683.242050343353,160413,550
27691.669952083754,127712,235
27701.32908640437,147293,392
27720.108104916486,29821,188
27726.551205271175,57710,416
27745.31453386949,125308,119
27755.3912938938,106899,453
27760.81642925239,144575,571
27767.07189691111,117633,110
27775.317645902847,99444,259
27781.897358816226,148875,539
27805.7239432417,45747,597
27846.359844834966,55228,253
27919.522524079384,136158,496
27954.476227284824,90626,473
27965.25979400857,43406,196
27976.917565143565,126737,479
27990.16838561368,155397,544
27999.533615277138,34734,363
28030.889018430335,37201,259
28055.61683091134,125744,169
28085.946388901502,157438,550
28102.764131942047,65544,198
28144.381872640155,72619,528
28145.56896592334,28669,333
28146.606609629747,114470,460
28151.047237339717,116561,521
28163.527812993463,124056,425
28214.825927938684,28011,223
28224.145100732967,175724,328
28228.055271879814,144408,400
28244.08479029208,110242,183
28280.44527036647,87806,483
28315.987046757156,43695,245
28316.543732650247,33015,183
28355.00224494995,76182,538
28360.006145174448,79011,446
28364.638002759613,127349,362
28365.043125454908,22332,342
28413.541669124,65403,407
28445.817095719227,78659,229
28464.564517249026,100074,464
28532.80429125119,92188,316
28577.972397308175,111412,335
28583.77940881707,142342,254
28606.393617528163,124111,399
28608.55227401832,154090,439
28676.467788804308,118102,387
28697.312926217495,179658,244
28704.40292746748,48338,346
28705.722242066266,92478,427
28713.587155582492,92583,233
28734.936383016644,98326,196
28738.18509806059,82993,560
28739.354099648484,177295,306
28760.9615127409,56681,469
28761.477209976416,150383,251
28767.483811697082,129724,307
28777.313257991627,29258,398
28801.938011328642,169957,517
28806.150337259995,78291,451
28821.44900632541,144711,564
28877.941120819774,113977,359
28885.08018700337,64560,530
28906.51655746575,166341,192
28913.47324174823,143412,165
28940.485523875053,166546,490
28989.236391154976,107984,435
28991.10722213449,113135,214
29018.375186282727,100500,315
29049.40709996353,106852,290
29055.444322003692,97083,337
29093.549231917557,143348,127
29133.80633973878,172980,397
29191.56219570427,38668,341
29235.603612800773,151197,161
29276.026726561286,120052,371
29283.113302065853,34172,545
29321.629147471904,56009,202
29330.02052604063,169265,557
29377.442287981656,139949,173
29385.049450564817,67279,498
29386.73473111335,107196,423
29473.045091272255,102159,424
29474.240379859802,138503,240
29478.939196394662,64198,395
29507.858702533824,148339,502
29536.700694037012,43079,166
29555.7639246156,132567,306
29566.972137391527,145147,296
29567.06573883258,159927,202
29593.301284944697,23690,556
29601.0797328881,159207,197
29601.44130413798,21081,420
29627.89667425759,79314,455
29669.805675844906,101813,166
29671.97315963006,151946,401
29679.28214304959,37114,521
29680.218071495976,96238,333
29706.244780114586,176334,368
29714.489594869432,55072,275
29825.625734175293,148497,283
29853.360870116685,63223,585
29900.841253852137,125746,109
29906.02750776274,54394,208
29932.518448847084,174584,358
29936.220591310128,116099,464
29957.247936526343,29794,292
29999.08536805159,87053,494
30014.388263608533,32736,404
30119.114781550412,48341,434
30155.287199244336,32644,453
30157.748409076205,136474,294
30160.38694983619,86253,342
30184.59134300017,73869,455
30207.742037021388,22439,254
30218.666653349872,46471,439
30233.35892576147,178763,458
30236.309527518843,47502,361
30261.680907804763,50863,244
30264.101957730614,47856,354
30268.531023884894,72363,498
30274.634206509185,157139,598
30279.13895108931,127415,251
30282.634916016403,163691,354
30330.87323616881,146003,269
30336.217895029506,23342,443
30338.08220500273,48948,527
30355.155697018014,149526,176
30414.849967382936,154140,138
30440.565458656754,46552,563
30446.476843286342,80597,333
30536.075685526135,97600,235
30548.558459713513,46164,516
30552.39866999851,30340,536
30559.264459385915,101974,318
30586.093953779724,44903,535
30614.487171850873,32029,104
30652.697859668744,64698,268
30661.546481981393,134744,589
30680.99349637721,44366,290
30714.737625237194,67938,158
30724.980071662183,139678,239
30761.10231263607,145369,509
30772.056940151615,63720,157
30774.900002383918,35373,582
30812.102890421764,47187,313
30860.536291223394,146530,510
30877.36661016474,134861,192
30896.266750599363,114004,413
30896.851541992564,54250,347
30947.465859600525,49605,554
30958.062096255966,32051,132
30964.127836691354,102375,106
30988.51418037986,157577,492
31015.7363689803,168114,214
31091.97590247747,108683,365
31106.785004712496,44967,321
31128.462232879625,85162,346
31136.947531962975,120893,176
31173.478652679772,166366,556
31261.59131403601,34304,105
31282.21405352497,61137,358
31320.003119147954,149980,545
31323.619266182446,148882,264
31329.1314857374,92917,125
31343.273541193248,164309,429
31352.790356800113,81603,140
31365.0805741418,170217,329
31366.92331548835,150667,328
31374.521061843872,150383,481
31395.711182127725,46907,306
31406.343267292737,166048,381
31406.34666189037,43827,505
31424.8837523486,99848,555
31439.083017594163,74224,435
31461.345826097437,109352,286
31496.240785601534,78436,532
31508.360367947258,166840,492
31527.699314089416,144029,466
31549.109562749032,138628,158
31551.159898946044,78129,101
31559.511374848465,96541,380
31574.273641796553,47871,123
31619.71032138246,149085,171
31654.21163606798,127272,154
31660.07998748177,71359,196
31662.65361226615,122995,210
31674.868226115337,69959,466
31683.11601308176,128650,123
31735.359870285018,174353,163
31764.940801871082,138097,334
31786.426417867326,152172,168
31852.830616015926,21137,371
31879.482952944636,165024,578
31890.824185026584,173385,347
31942.46246107765,66452,454
31959.743751854036,53654,153
31969.54479569543,177429,410
32012.40450089873,152149,551
32022.116193032503,179644,568
32045.702807323458,85074,240
32055.84844540857,109878,596
32062.816163048305,54962,170
32073.462101974965,154294,253
32110.501775387824,163604,540
32118.036727855837,165118,423
32122.93793129024,74974,419
32148.000109350807,110516,571
32170.31774313543,66612,357
32185.956938496605,104510,463
32188.409451517262,112337,387
32201.502213712796,169589,582
32223.50391544999,129439,445
32251.0600232126,159959,246
32293.049191795722,130726,513
32293.306246977354,47910,112
32302.89505734946,33910,443
32304.060456727017,89986,484
32334.85236940511,95134,449
32340.62097665101,36261,453
32371.30363416566,73477,485
32386.88523531318,114026,516
32398.93654417704,167294,542
32404.016523245915,167133,299
32409.442083011174,95402,454
32431.284366073804,120029,298
32442.06085309859,101960,594
32458.125657193446,23398,480
32463.915094079475,136146,524
32469.027098862018,116401,486
32486.780452041505,178174,200
32516.715743120705,70724,250
32528.629435765175,39521,195
32594.28452649361,154701,161
32603.755066339414,132330,242
32620.020663756084,54096,182
32637.561393838077,86850,102
32645.58775189364,60581,120
32648.92545930139,104575,405
32649.969342590695,98945,351
32681.17355493543,164221,283
32682.687017534776,103324,369
32687.655270781062,68200,366
32689.067507316206,152419,181
32699.822238712488,160780,306
32701.751257503616,77985,552
32706.55079150096,107001,269
32715.501481127307,77264,586
32743.44095999956,159067,343
32857.3042366757,22307,158
32879.413257147375,136828,223
32926.38509611307,83917,590
32927.19897884248,104131,295
32976.72166688828,49720,297
32982.65183325398,94141,112
33031.10984339373,118293,363
33063.5822777181,136800,349
33064.479121949225,70465,264
33078.90572219215,45154,185
33150.15331563506,161026,373
33150.30046737505,37163,207
33172.49404086089,75882,542
33195.62343612973,47243,205
33211.056606631486,134094,431
33244.99515995828,38905,482
33268.16517921578,26226,335
33293.40204044528,29931,144
33294.92342665205,66659,506
33300.728012956926,38465,394
33335.2047200168,87803,308
33345.02624545317,126023,321
33352.63401623071,122105,444
33355.152215262504,21546,428
33380.63194498338,36577,487
33408.03650977076,31931,458
33445.74709004798,113768,575
33459.72383485031,95978,502
33482.88335348179,179007,144
33489.495630532234,134734,295
33499.54991137543,28079,342
33502.94963379665,77636,169
33530.41750542879,163058,251
33594.862267388584,57768,252
33617.48223207111,117813,590
33677.18405531405,165103,547
33693.38081013156,52305,121
33693.4816607574,176409,301
33708.88879430613,42315,256
33713.60458002619,110138,208
33724.247420816326,154362,172
33727.7572242763,77878,415
33763.762942626374,70941,158
33767.76511043699,168712,536
33768.883575748565,163878,336
33789.577996692555,39174,248
33811.85364717995,85716,150
33816.252061994186,172199,349
33876.79235461327,113621,165
33899.04428077787,81481,151
33905.757572063936,38299,560
33910.05856420847,147365,330
33918.0188055778,100130,455
33935.56837746966,168256,390
33944.635034650164,102924,590
33955.818111296816,21266,260
33961.47001564068,78071,464
33988.397356358706,134327,241
34025.06274771504,55207,447
34051.47084245906,145817,336
34063.25948987411,100077,349
34079.304085551,66077,430
34097.964059571976,93561,539
34132.989121217426,161195,200
34139.098837690224,40044,472
34140.666718104185,24883,534
34154.81887523501,28177,516
34172.25911316111,126203,493
34190.09284693453,29609,382
34196.131613066966,161473,341
34217.35263398213,58963,287
34227.320641599836,174560,475
34266.241826382065,55096,337
34280.14974738461,43738,303
34289.19665441071,22776,439
34294.6559604776,63474,487
34309.09251908292,136974,181
34313.04069954409,168324,437
34354.18571595622,58325,476
34380.52141586318,114056,120
34385.46038690191,147832,218
34386.75886358596,116845,219
34387.633898410895,74204,365
34435.29377582163,114699,298
34447.979051802,139182,551
34448.93005707281,104953,152
34473.2601607472,156674,424
34508.65782950604,89026,396
34524.37843839211,65573,292
34545.58600924412,115760,400
34566.77402613356,40404,364
34572.57001665979,78431,364
34582.98222351234,110448,349
34614.449884293994,178390,103
34628.38644259602,56429,325
34632.00742966208,40208,363
34652.63456029766,75447,176
34656.77272342263,114954,408
34682.04029532251,51019,438
34687.27658828078,106566,468
34689.68243259632,145518,345
34694.41470875726,62269,431
34730.25369807021,25884,224
34731.13575237712,170336,403
34734.649722499824,154386,120
34778.94078034693,58499,128
34782.579405797616,67195,364
34846.09493581884,177117,596
34862.67907182623,24881,549
34888.10607570465,94305,584
34889.89906738979,137755,410
34988.50550857995,146266,187
34993.45842997415,127680,407
34996.538060388324,172737,520
35025.714510960475,153904,235
35029.386278976766,109829,572
35041.469605849845,174821,135
35046.69206502062,121046,167
35048.990634858324,73044,367
35088.254647166876,152214,450
35099.142123395955,59206,410
35101.167248538586,144746,561
35120.24440960423,30233,549
35150.88175027208,151944,485
35153.38205189942,146416,437
35156.17485423321,178197,376
35191.32454030395,133114,367
35202.242684628836,31387,457
35217.33533013331,80158,580
35249.75544093824,119938,279
35267.541022323065,171026,150
35278.62575683429,86720,344
35307.66238308868,41972,245
35325.90299695597,162535,309
35331.86586166005,21433,463
35359.089756345,21864,395
35373.87528056985,156252,103
35383.27630939218,73849,452
35415.89844458419,127176,285
35418.15248626591,131692,433
35435.759869637746,88498,537
35451.12180584257,168024,287
35470.050654905805,124190,486
35474.60608129429,164730,501
35490.915210562845,66850,289
35507.29367439939,146814,229
35596.61621665545,171427,276
35626.37784065449,124367,476
35629.34943063932,51217,482
35634.57078666053,62413,151
35639.39841733587,125004,502
35647.661444158366,164330,414
35671.545683341596,33645,182
35681.40224382563,21386,511
35683.312396664856,58096,341
35735.348880572055,134131,145
35736.673395849226,78135,289
35738.341891887874,29897,470
35748.04264575285,125026,414
35769.395108562945,95096,464
35835.620316547924,35063,584
35865.330101878564,65946,427
35878.96903975532,22807,203
35916.98726786258,155830,246
35921.319230613146,177159,361
35935.82493836527,80731,414
35939.53907337082,29453,284
35945.00825735346,20075,599
35948.43457841643,92335,499
35958.632222793356,123584,307
35976.273881986934,155723,107
36002.980245378145,37987,570
36004.87010452167,94578,471
36040.28159018373,172812,278
36048.819709434145,92484,215
36067.46625244666,70993,332
36120.56986007979,170708,102
36126.62191694256,126727,359
36128.87331143356,38975,357
36135.84324737356,50673,511
36150.24484755634,87552,548
36165.684473475936,170704,228
36189.38042091489,118849,388
36202.59905119224,83772,487
36210.89908281708,140284,448
36223.249506438195,173833,541
36223.80414025589,50479,232
36225.20302660656,77771,446
36249.361043532546,102766,311
36311.58196993155,155398,374
36311.77738534368,89035,227
36318.55098710714,124577,444
36346.18015910723,109651,138
36362.35363207272,66788,343
36369.88747639099,77295,557
36386.940307536046,67915,584
36414.361035341775,69851,355
36441.08159806507,81567,476
36446.62452722348,89574,205
36451.83124950992,85456,528
36471.109218625,60893,498
36473.36563500922,40575,446
36535.737054187295,149149,414
36535.86996838823,161944,590
36536.73361241416,146429,290
36556.12045408324,149064,559
36640.602225591676,170606,544
36647.0265348219,67938,491
36696.5669306033,93470,303
36701.58989101076,171169,165
36702.7032780401,130933,344
36758.856629963644,28536,357
36767.389045197124,65822,334
36842.410266897416,155844,335
36849.996019806524,22206,106
36872.41950148514,119464,397
36874.543337065035,114791,413
36914.130486859605,69060,380
36920.22973826182,90623,341
36983.883903359325,109940,287
36987.94860612308,131134,207
36998.81189625448,117598,286
37037.339588843475,93303,330
37041.30590606205,54377,394
37064.47391067305,46180,469
37070.766731287,81814,384
37082.08711250156,119846,200
37085.23993494624,59203,342
37118.003717004314,66296,315
37131.85058012627,155530,373
37157.3499572806,147564,253
37163.12958983719,168854,124
37173.29290319106,62819,130
37178.146244328804,86660,343
37214.66974849979,45244,330
37241.96770431884,88096,284
37250.90302929402,166143,577
37284.11932523628,110214,110
37294.73176102108,112036,544
37317.4945791362,178748,201
37334.695327740184,161148,189
37412.31854436784,94608,281
37420.18207146988,153809,349
37449.99245898186,137160,555
37451.62550198827,95110,337
37471.60331309646,57971,544
37475.27156898754,108444,315
37495.225566058514,169851,307
37533.021936428726,38702,140
37536.556667801764,79825,260
37544.178311110845,96377,463
37550.40339605399,123666,238
37594.13356525185,115201,482
37611.81583429029,138040,311
37615.477906109976,26055,164
37641.500243274684,85967,581
37668.742063651254,40988,207
37672.394346804154,47003,148
37673.71270743993,144042,380
37674.81927145508,124074,368
37703.78235799964,41823,153
37709.87084732849,60704,143
37731.145366950484,122195,258
37736.355940796115,94494,326
37756.051652020615,54413,369
37792.51885658868,27489,117
37814.30491977453,105249,542
37827.23609867186,161710,578
37833.596571903436,136613,169
37903.42487749285,161371,190
37921.297414011075,139680,423
37948.9364183487,167845,322
37963.76048241713,159928,258
38011.68151525675,146262,376
38016.83436341755,43476,326
38024.19394057666,128056,233
38027.579303997176,22767,100
38042.397343713004,55730,276
38049.1561529496,160272,104
38072.43645429341,148956,584
38100.60502076191,98541,104
38129.64252796415,96787,405
38134.90141685043,21892,380
38144.25814049643,127934,551
38160.702965544784,123481,227
38164.268030305444,122163,524
38173.77585053754,88938,140
38184.747763599735,82799,364
38213.67190332557,91267,245
38234.580370502816,159445,514
38240.842338119226,69283,536
38242.26074595076,55815,248
38244.59943175627,139365,416
38256.65705240664,148973,196
38264.38924402402,59885,125
38334.33210292502,25801,195
38406.08211561682,93954,237
38408.75363955414,134928,472
38408.91839811604,43644,177
38409.21508478707,76934,275
38420.118010298575,150651,290
38432.57866250908,28319,269
38434.25114521582,58296,128
38440.449796410314,122871,136
38456.11963639828,67606,198
38501.32911882625,85556,518
38510.94078383096,23307,162
38584.399727126634,85263,297
38613.90008206423,136119,226
38640.659235682535,28784,201
38653.01389480407,44631,366
38674.9466526084,74643,342
38684.80384430584,101817,579
38692.607391234684,31058,481
38748.03387723617,156557,162
38753.87605410163,98332,201
38762.815133602395,33654,542
38784.78906650473,49603,220
38804.83197475218,105069,107
38808.49506137507,92377,399
38811.04376657247,83724,104
38880.41291349175,172325,501
38903.88511032954,176293,179
38913.17027089263,43456,227
38916.60261490905,43960,451
38935.883099067745,35742,130
38944.669256704285,60348,459
38960.04190660033,48152,164
38973.42438319581,103031,385
39004.50083607051,111047,512
39048.97556598405,70584,110
39072.35089568695,113891,470
39075.245219572236,30351,348
39099.77135880418,166544,250
39115.42116217402,148474,197
39132.14774121428,162506,278
39139.96954595335,142786,240
39180.417442228405,176940,568
39219.81998326254,62033,135
39234.968894900645,137803,251
39269.20036219581,161978,287
39281.30598150261,152633,294
39307.76544372165,24907,417
39346.639795178606,82596,264
39372.17092051298,161284,519
39381.974748150344,157381,449
39395.739897626816,164563,178
39414.728537477145,104567,309
39435.21184390191,48957,149
39450.02502978371,37479,122
39486.08467694979,54019,191
39527.43379451418,72973,154
39540.71994733957,45887,116
39557.64648244403,121868,436
39571.1098302119,174743,231
39572.116455405005,77861,410
39597.422443469775,23430,576
39648.197507749894,148819,575
39692.30074617676,40960,339
39724.59176028813,35912,284
39740.92156822249,129039,520
39750.132732608145,35283,521
39769.32365700607,158679,120
39795.83143099193,99666,139
39853.69620177834,156179,149
39855.83065554403,80559,372
39865.564085763624,70625,369
39886.95738332989,169429,420
39945.89749967528,166387,483
39962.23281620378,47659,492
39982.58955902961,113837,445
39994.865952398526,131955,552
39997.0645354903,67289,381
40007.33302122482,108476,436
40010.776718310386,177264,326
40064.99379171103,102615,381
40160.2606821508,105106,532
40169.556053670334,132876,522
40195.43894132317,179491,223
40212.00200665157,76079,292
40241.02576696656,86607,284
40306.24670802511,137309,591
40316.36647360025,29086,245
40334.481543809496,155688,169
40434.93168214874,99125,103
40442.07472506803,78166,209
40480.79477251072,25688,495
40515.307457936586,92340,570
40531.44108494332,165836,392
40583.49394023139,60557,148
40584.26327522224,113233,179
40587.242748478064,116228,555
40604.69567686021,81078,231
40638.02369942608,44092,392
40648.23348798106,76999,475
40649.84037696475,105116,505
40663.01657413337,147998,522
40708.87404158883,171055,519
40756.51865497806,176036,428
40763.66339283821,171069,295
40765.297952288565,34659,571
40794.77001734703,111207,550
40828.7508922125,129188,576
40869.22438432839,79432,482
40890.38027116154,177889,575
40890.61027628433,120266,127
40897.880912625384,30795,263
40913.408433406905,59211,267
40927.367672886736,77880,178
40928.40448522526,122991,597
40940.20244756945,176010,394
40954.25546537564,78218,321
40961.09916063351,123369,175
40963.93478827848,41638,343
40980.88130638458,32926,380
40991.07088032839,42302,304
41005.00688183791,54177,490
41007.90440938017,166616,201
41021.28759740598,169770,200
41037.76035216446,157428,226
41043.310105525576,89797,497
41054.5547903772,170999,145
41056.942398699546,128418,316
41066.033435824414,69935,264
41074.481335369994,26345,494
41081.752991697365,111676,415
41116.225745203345,135922,419
41119.37797619246,31764,573
41153.47184928136,72346,450
41162.834222709535,42495,157
41189.74353922904,83713,585
41209.148049603966,58712,544
41244.876892933375,95414,107
41253.28658080638,49170,256
41265.24555987913,25963,269
41269.93494734695,161034,208
41274.49307869863,157171,484
41280.47894322506,146622,418
41306.65994994486,57053,455
41330.65659318466,24820,292
41348.15021141973,158097,122
41354.04988724613,35757,245
41358.53016727207,91114,127
41371.03847323474,22184,134
41380.880027527564,91122,439
41419.102099524986,114429,542
41421.38544836535,96675,544
41464.36596558043,121324,218
41542.40034217152,153310,600
41567.13637861517,102694,348
41607.45035718825,159345,145
41611.576513297085,151242,594
41623.82579192254,25633,120
41629.510011057544,158783,256
41637.62640351529,123127,481
41641.04229450446,110906,450
41649.71690369088,99253,220
41760.118197785356,151400,241
41793.53306949322,87549,549
41803.32644285935,27724,583
41819.51733721046,93451,215
41822.80794872918,122982,436
41825.760802560435,120193,366
41890.44348209622,79618,313
41895.94171621668,60042,318
41966.43423451985,178693,268
41978.36078588765,54543,205
41999.49902390264,172313,377
42022.54236369166,73034,541
42025.51490790821,157312,565
42028.42126220939,58050,435
42082.491456630276,61431,262
42083.895915785426,159712,585
42109.315305304255,68269,262
42145.90733719746,58147,472
42146.50587153123,103542,550
42218.66737665664,127807,255
42230.371338553276,91774,177
42260.572955832366,47989,167
42264.65807917154,89956,410
42281.40042072617,80532,405
42286.684485704434,26837,283
42288.34071744419,144938,168
42302.296861373965,178521,340
42327.19408572672,118031,194
42365.42244435754,148829,342
42368.381141972066,70661,215
42369.036349203896,23935,573
42375.32669331491,128277,213
42402.45105079722,73171,487
42407.02830090857,66419,574
42468.91685487332,135155,543
42488.114360706706,105169,543
42500.3473610316,84692,318
42510.72676062325,30964,411
42537.312325363724,119712,468
42544.817761083155,169929,404
42560.182046849506,30095,366
42562.4973648661,139773,523
42604.53388388083,84414,365
42619.97202765536,30289,385
42629.77281921706,32922,197
42636.655874489625,124343,552
42643.919916993116,94950,336
42647.5620270366,97180,413
42697.83625486264,155520,562
42700.90486475185,138409,146
42726.554134033984,49667,192
42756.72166931934,163237,169
42766.70839737999,104793,330
42767.21295080644,138929,402
42812.59934375309,72935,551
42824.72711140948,85557,265
42848.261880931794,62990,467
42874.691673281304,43905,158
42899.19061190251,115143,143
42914.02968565455,120686,472
42945.34447986464,154130,413
43005.1609224829,119268,381
43014.74122903727,64796,567
43022.90640334094,59345,183
43063.52987742513,66888,493
43088.42907144338,129990,257
43095.83638778123,136983,247
43115.53060864491,50816,560
43118.35199831328,73176,101
43137.83888895932,86351,106
43150.11240289152,150716,378
43183.06086530118,179379,551
43196.664173344914,76852,401
43218.20925086697,138944,309
43229.87271036801,177605,407
43230.00460478167,163482,242
43249.34397535235,166158,519
43284.232239973135,32823,194
43287.441629257926,111493,118
43290.583465651136,28501,441
43307.842859528915,178147,252
43315.88560519227,42990,125
43318.19130040009,66726,182
43340.49165257714,175967,393
43371.44981642245,66509,594
43383.60160731132,171772,284
43437.21414670329,44412,493
43444.327498064864,116618,559
43453.8540288513,37738,488
43465.002726586594,164302,133
43471.93248711266,55270,162
43495.65641786303,91937,268
43510.63184553941,157532,207
43534.43518295551,35252,155
43551.378270559864,158660,144
43564.59818242755,178538,578
43595.63900821991,95284,318
43614.41201568449,102965,232
43629.31730461641,112760,574
43632.09595251106,167491,354
43646.76308144215,150479,352
43679.76623384639,179752,219
43704.42651395921,70739,100
43706.942475897435,141866,420
43738.807129802684,74350,509
43757.913374797376,128693,311
43758.844563860715,111658,386
43791.6469931406,75663,105
43812.11439822847,93826,230
43843.34598118481,100680,253
43857.478316052526,104914,492
43857.60131876871,107368,274
43867.686573770756,169139,415
43932.12058260415,66040,199
43940.145507965775,108588,572
43962.46920105353,144387,508
43963.19331792085,55587,346
43966.57083597084,140748,556
44006.65371074395,107846,336
44037.30223275203,128515,575
44064.44351946988,156596,253
44081.08906740607,102707,384
44096.44154615871,74594,395
44119.57654416898,112692,133
44189.45154451624,93520,530
44190.08493226805,118367,420
44205.36805290391,63507,392
44223.98036423314,69120,404
44226.46544715607,100814,461
44265.47860203824,28291,239
44276.16286071289,150299,549
44281.58964752075,138464,524
44341.79712625723,76659,368
44348.99697216636,49420,291
44379.73410700052,72978,567
44381.67763602069,152643,112
44413.769158861935,151086,178
44417.98880680329,146739,475
44459.39909199388,101358,497
44467.32933663936,45756,520
44547.983198840724,155304,446
44646.436632696816,73788,470
44647.18137909254,121603,465
44687.202890693225,50365,102
44694.65262856243,31542,451
44732.34644936405,42826,270
44744.92647043513,32095,152
44759.62993977181,101914,111
44776.86408901417,101826,427
44821.40169405247,104116,202
44825.67906895527,92522,372
44833.367328029475,135635,443
44835.87067656679,59143,180
44842.26478120578,23999,590
44861.77206349771,154757,152
44866.400048708936,111833,381
44874.068786478434,57108,582
44898.440615648986,94256,393
44904.056732975405,38675,259
44923.05693502225,108798,376
44934.78400385169,54098,114
44947.50934627893,33226,154
44957.18651808751,42575,318
44967.13538807859,176269,556
44985.10225436584,136873,415
44993.891721527085,107118,518
44998.308324570426,159849,140
45071.058283406084,142079,390
45073.88483820662,142755,149
45086.045676848924,142000,340
45091.31702616442,78666,173
45130.79651069497,87646,567
45139.83033631955,68064,458
45189.672447541954,106593,503
45229.10811028539,105134,332
45242.47746438095,37135,343
45244.8731238542,145475,336
45282.258844878284,93992,493
45290.83194673165,170648,165
45305.015431986736,126348,518
45330.0698074078,48044,266
45346.315173332994,38592,505
45353.50928185864,140841,305
45371.36740557755,82541,417
45376.953512314976,61686,598
45390.12358376892,37317,274
45394.79347619974,174919,320
45425.472106684596,134125,390
45456.43207519436,162744,455
45461.81986516692,40419,478
45515.25324482592,170520,528
45528.58842569106,175232,405
45541.020159403524,165512,149
45575.54218429271,66182,257
45637.960588320806,38247,406
45640.26307404739,176344,494
45674.544129143964,105828,353
45695.2562657293,36117,146
45700.16434989383,56416,554
45717.550960981745,20048,487
45720.72443711818,59116,331
45735.878399519555,122231,415
45753.13014860373,71292,205
45776.01385890159,102994,253
45792.9061206206,99835,570
45850.31749058417,133961,467
45931.320565203794,110246,145
45948.80085604362,153804,306
45986.43061156148,97118,131
45995.64666591092,163886,595
45996.738478533596,166808,520
46073.7159028316,48756,540
46080.34744646889,28174,220
46091.65010861574,174707,301
46111.27812645879,120346,307
46120.88939162953,162899,208
46142.61244984984,144484,171
46146.783136551574,120819,531
46198.45083269533,129375,178
46205.257611156245,52911,168
46205.49102294864,24117,173
46231.0462254197,147585,436
46242.5263309073,55592,143
46245.478248027524,129014,540
46257.65542216759,178447,576
46268.74763484325,67132,332
46282.99076580339,164716,519
46294.94917015367,113141,215
46299.059934764824,178485,103
46316.31201962104,82062,464
46330.2442352562,127698,574
46346.04472246158,116198,117
46422.59233977513,168937,347
46446.99997659626,49665,397
46460.13755104335,40988,172
46486.33796064332,157994,539
46568.63100119769,93248,338
46583.18368478233,157194,555
46602.019476892725,84285,341
46621.94038417381,40468,450
46642.02576282913,171946,259
46661.01439604436,110058,373
46691.163499938964,142911,332
46705.53949253791,143006,393
46732.010732999326,130366,280
46796.681033375855,97232,248
46800.34767062318,176666,483
46807.59781882423,167772,233
46808.86551484341,144036,396
46812.56993173973,33531,436
46905.4166371376,27156,246
46918.67909379128,53245,358
46920.27863027933,92836,229
46923.12231930953,93655,240
46962.14094777228,23723,479
46964.50647251405,65773,565
46982.42496941954,59619,437
46994.260375236234,65979,233
47024.77405158024,81917,348
47028.762816461785,158251,541
47029.43582454534,42125,595
47032.570544130474,60409,528
47046.27207189733,128251,494
47055.93521079302,135391,471
47076.23394684183,75274,395
47102.74629589067,110459,127
47123.30533350617,50407,126
47126.97418672816,124528,343
47134.14678465626,159597,219
47143.701075712095,122254,342
47149.79425375347,159052,545
47161.20344266101,95705,574
47193.12489958087,120140,447
47200.711744338616,159002,449
47263.124392395825,45523,569
47278.27995621034,112753,589
47315.46864248428,91457,271
47321.77179409468,45762,230
47343.0179768884,122538,336
47372.68739185948,83385,475
47394.975510142394,71098,366
47403.20738523392,67164,260
47419.07171099407,22221,525
47420.47912929778,127806,150
47435.37906879528,136901,279
47440.333335571006,94264,228
47444.62393892195,26212,417
47446.55286363607,175749,436
47491.4329551256,76839,586
47509.72804216566,51926,462
47573.03253384293,42645,538
47591.59402079617,118555,436
47620.46044019767,168391,511
47688.78595527132,49057,456
47692.859220693565,97219,339
47714.46354230279,39848,427
47726.54590383284,92452,493
47737.68271564107,104778,231
47741.21664852693,39397,241
47771.23782320303,120348,298
47779.32677782644,35744,232
47841.61966139711,89380,191
47853.236571588204,148901,575
47857.716177473136,122926,191
47878.45616704985,48424,173
47894.014246820916,133050,211
47913.05085850595,47852,567
47924.70379794747,87894,152
47925.4134586952,38458,392
47951.41910613828,136885,109
47996.785174368786,59021,434
48017.236834069125,29918,440
48027.138629781024,59742,458
48035.14313307312,122584,394
48035.217345680954,148628,344
48046.673411280695,38376,376
48051.793122207855,120774,588
48075.16918100926,146370,162
48091.92080012222,114088,270
48114.82454961994,125018,128
48134.832813151465,43767,287
48150.13110380842,109145,141
48186.93097954462,96010,431
48191.472014897736,165352,120
48260.01029604387,70070,253
48283.817104266076,47988,422
48307.16623084492,147533,143
48350.45997286869,134814,476
48354.66117553367,29358,198
48355.17501217898,175437,222
48368.61182980619,36513,505
48384.16642206314,100669,355
48399.435242025545,137783,594
48509.04943495174,29710,273
48510.20317090886,31223,307
48512.718678646655,157132,334
48569.01684527071,160656,176
48596.03936679879,81075,573
48597.53455912869,57117,350
48618.75115324082,143527,564
48668.776527057555,32006,224
48692.94262461995,54219,107
48696.72348272563,33096,563
48704.067726186884,45504,333
48722.96286211865,174938,132
48757.01588751484,47874,158
48770.764896134155,77821,132
48803.40404082085,131728,272
48836.77941765934,125384,266
48839.354330672475,170986,379
48842.30877776911,75897,491
48843.241943992776,65468,271
48844.54812061773,91799,172
48872.88732323659,64053,456
48882.125726002116,63255,324
48887.710604402106,172564,120
48890.57348768731,118600,498
48894.00714256451,147655,141
48894.13453902187,67032,574
48896.00188766556,175642,554
48902.675892585954,144783,454
48905.389822577636,57509,427
48911.71007489756,138074,310
48917.1791835234,65756,412
48940.711107893,176309,192
48965.971326786115,43074,421
49001.00098977248,98957,278
49011.8537104925,166200,220
49016.11517063719,158988,600
49018.12669587242,114870,541
49046.76326461024,161485,359
49051.713939727924,74554,241
49052.804521137325,49538,507
49056.03649448061,144364,354
49059.91605065174,31302,127
49080.62096178645,94727,207
49092.02793283686,107633,415
49124.73881495228,138789,122
49126.94451402602,33751,573
49142.3606629826,61430,502
49142.950582705234,154978,159
49144.420488947086,81682,469
49156.18977897795,171981,266
49167.052150933014,105376,217
49197.2417654092,105493,216
49199.30600267366,128159,545
49203.76776951257,77845,137
49216.502738210205,146984,127
49260.737315262304,57995,210
49313.327766473136,139273,191
49323.12635287434,55757,334
49348.57290018889,114002,599
49354.85874782197,108051,165
49355.511166204546,169072,130
49362.09803666912,49126,536
49374.627790957646,129634,187
49403.198436695944,77633,553
49410.194168659764,61101,504
49441.84671946656,64547,395
49512.06864434208,80215,144
49522.67887834018,156778,350
49562.31777932287,76739,402
49575.14744014542,141310,242
49575.439641467776,132226,476
49616.647872169626,84967,267
49628.03988680784,78302,556
49680.51765678007,59051,567
49697.56993270716,21331,313
49775.99528611968,30501,340
49802.44112842926,152177,117
49813.53311378799,123368,345
49846.71792028789,45689,331
49860.393149317584,41781,385
49888.36686098182,126592,586
49893.28503761312,113953,251
49898.7491159463,43784,108
49911.81929901282,99911,182
49936.12027657046,169521,482
49953.645342800126,139233,337
49983.1990680354,126262,194
50014.39857160036,117103,420
50026.88203384804,20357,540
50046.62193289458,120893,557
50070.09407955137,159177,116
50077.13038586481,90723,457
50135.54120979613,162196,394
50167.18532699492,41222,417
50209.732306562866,34368,363
50267.858267499105,115417,554
50268.91705685639,120389,287
50281.44002344438,30714,287
50290.5678137787,166483,460
50291.954942119024,73664,170
50371.48790312695,82556,376
50373.898687509405,145434,477
50429.88487716284,172074,546
50493.81920605724,74996,485
50521.15035172877,79097,264
50529.849620554945,90086,357
50552.65248242426,92651,127
50553.96180395588,110499,331
50567.28127516986,158066,524
50569.8996156428,159435,447
50604.80236506062,96615,331
50624.204175085964,37203,196
50668.698740685184,140028,144
50670.37007762776,66874,247
50733.89431064299,40171,155
50737.4951829128,49366,456
50740.69747918151,59452,547
50745.2670382227,25948,250
50756.042511320586,161933,577
50758.87441323443,110885,315
50770.60911946402,25631,249
50774.80035991583,25776,546
50807.18902416485,156215,430
50815.37479340418,171703,275
50836.703146359665,105539,348
50854.69955147086,158979,531
50870.601763697174,140063,255
50887.35374215669,100345,187
50918.49707613765,79449,347
50927.79826769325,95535,494
50965.151266084045,58886,280
50971.84344250664,63611,416
51023.41855355413,160330,246
51027.44327202451,65969,529
51052.070916516175,60235,182
51057.50460621194,30787,262
51074.595595990664,135576,233
51083.82589974208,73780,387
51108.38672802334,103084,600
51116.81395419447,117757,329
51132.33873066349,62623,373
51139.51684411027,26533,307
51193.00980519457,58111,585
51205.26109397821,103943,179
51205.34716503483,163168,599
51219.50868757797,97478,342
51264.77163998249,170399,441
51267.95351191071,168172,473
51315.43100703952,135895,273
51338.79970879509,145562,560
51339.61783445342,164430,159
51346.98359680667,125284,416
51383.745142092645,136909,282
51385.68596051478,34426,411
51406.19204389645,172943,369
51411.21631745894,92856,200
51411.67245254805,161141,534
51423.46471012617,42905,599
51437.80480136094,70973,351
51445.45221276195,178617,361
51502.88790335237,114650,303
51506.09000938354,132103,289
51515.848885083404,23195,245
51524.30884985926,100762,600
51536.10536217829,167071,144
51540.96451222008,136449,479
51639.08235931627,135999,247
51642.65987756314,131105,473
51688.00980229305,56586,527
51705.7046778948,42564,173
51710.3630965525,144416,544
51725.264585715,107927,133
51779.37156149098,174842,487
51788.796366475486,21735,309
51809.16316783712,91651,312
51813.00801218123,141141,463
51829.7907325008,55894,202
51833.90678845416,120078,248
51850.049548462426,31071,521
51885.05210928141,173408,255
51898.6804536262,141491,214
51899.224589336874,20641,178
51905.319174367425,143873,163
51926.534696511364,95415,313
51930.48841155348,84159,114
51933.030417620845,92670,352
52036.49216355636,37491,406
52063.86640621072,172322,346
52080.541026546125,87609,421
52103.70272134138,51348,291
52118.07308244941,170801,108
52155.39585619359,62689,397
52156.60169560896,103802,336
52198.72845859911,55519,282
52202.294464102575,91478,284
52213.17225618573,113319,124
52220.018012003646,158834,427
52275.09477076221,154707,199
52304.18130501576,68037,491
52306.16685615708,63813,378
52313.95692548811,102892,523
52351.24286878703,98924,238
52374.374714115496,115033,149
52389.66415477654,112177,521
52392.767253748905,55900,365
52399.376756136975,147113,310
52407.696554881986,62737,152
52412.61139996676,151958,213
52448.2365229952,166448,414
52471.63779703562,157796,533
52486.82762487784,164470,459
52515.06452469044,49875,313
52527.40645423052,40027,159
52561.57447118479,24555,345
52570.13512559382,115045,171
52604.10473843036,176670,367
52632.94845387406,109665,188
52657.698692854014,27539,481
52691.4006925144,78289,165
52730.27307730583,57318,452
52735.41159409416,52858,207
52738.201853366794,40605,317
52761.6783657808,49287,139
52762.0580757927,146944,487
52773.34427310851,71472,155
52774.01112207567,154605,403
52775.23300300301,51174,565
52781.067138784354,37366,254
52803.094646245794,45297,500
52805.73771724445,177756,205
52823.45309553899,72435,194
52845.66278409976,27670,146
52848.8088932651,92712,585
52866.1470677692,112327,182
52904.786553376405,83392,358
52921.67690462563,45979,519
52938.93824038615,23665,370
52943.830642896915,70213,593
52950.45236839767,160804,102
53023.12497523317,45869,573
53027.94133647967,152171,535
53052.54466687241,116066,457
53070.346436018175,135255,444
53133.62838277898,67408,527
53142.392974097136,119513,317
53147.21591706616,79651,308
53149.61063916922,102386,163
53162.154146511275,156243,169
53175.85042728339,114699,460
53182.651595747935,30645,142
53190.60496955407,50335,297
53197.27562117902,177388,476
53204.75515089617,136380,215
53220.90010609171,96176,537
53232.071091462734,38247,558
53268.85544454559,144695,580
53291.58989807147,67001,106
53424.85983355707,148882,444
53427.08230613606,134834,367
53448.57328488197,42283,161
53451.66821179804,125021,455
53469.52737473706,46665,479
53521.410285748236,64229,133
53530.45230243765,72189,273
53534.92176197892,125981,162
53540.22373257068,131333,471
53554.05111230753,172546,403
53560.42693981052,124919,282
53573.345582394,178116,586
53583.71076605371,147017,361
53590.25005536435,139179,155
53592.85655892717,148277,354
53598.10521088102,55286,115
53600.20360958513,33854,525
53601.61696662286,27012,597
53605.56394116837,178488,447
53613.4828292273,99364,418
53633.005375380926,40058,438
53660.860458718365,149024,505
53673.408465133194,96955,438
53687.187546581255,152328,233
53702.824409283836,161696,379
53703.18097684182,28283,320
53745.60720370621,51230,296
53757.568144858,118654,326
53769.87913980188,28613,190
53786.1478014892,99441,552
53810.63533959531,148838,320
53813.52402598516,121995,349
53842.40343938508,169121,445
53855.892056434874,165171,450
53871.39623166464,143160,343
53887.91862505288,60975,359
53889.06563871647,89046,353
53906.948647587975,119037,415
53929.51901564715,94563,264
53930.78684397921,174786,123
53933.5307043409,116052,278
53966.69837600885,173083,113
53995.67829049653,109458,294
53997.72669953928,110477,282
54008.344871833455,34797,438
54013.945206002696,81504,431
54021.42742829625,42266,566
54044.72190999743,99930,158
54052.95945011876,25167,375
54060.853420778905,140824,436
54100.66277913244,168910,363
54146.998456580004,89892,110
54170.81027649491,174137,111
54255.85100068472,119021,392
54265.7467915332,170087,150
54298.78603617327,46229,453
54321.271488222475,108071,354
54335.24548046227,109008,185
54354.32677972083,115245,596
54365.78048581456,150272,425
54403.370553156186,39744,530
54441.35757568117,76119,247
54447.519492121544,97940,393
54457.80369743201,79214,419
54484.968569252465,44106,467
54522.150528537495,44833,403
54530.365249877155,37634,390
54562.67292812244,144588,318
54567.38077230445,40096,433
54602.09655516157,152288,511
54609.227454815125,161544,260
54613.69225057067,125460,228
54633.306909109,138811,443
54662.138164440454,67343,551
54662.51373524869,155325,541
54666.64287963842,150863,209
54688.26655365352,142498,237
54743.61075410916,159649,514
54762.67100499609,133698,578
54779.37058663811,35697,367
54783.849664914305,141238,175
54789.34824498296,98715,532
54800.78060294896,103533,540
54836.24497694562,36889,424
54840.796997405,128118,236
54875.50957558378,62096,231
54898.73134815325,81900,307
54904.180214896325,59311,198
54904.74211835125,101406,337
54918.02874007201,134329,316
54938.85006863812,29700,203
54942.3218681287,55764,114
54948.30068840378,92816,437
54964.30224974058,31070,593
54989.939062691476,25218,128
55029.20197978218,42001,260
55047.60794180655,36667,561
55109.66915936084,115272,443
55131.09477983189,43673,303
55188.445833068734,56847,220
55190.81998051073,151137,577
55193.39125813478,172153,586
55223.23465716546,157693,228
55236.95614624618,43658,221
55255.27302863492,102158,268
55290.98867580983,122223,512
55318.58492244873,81849,578
55329.57864243311,57821,154
55333.429820161415,91970,325
55343.92748476146,174528,128
55357.40844273932,118226,458
55416.81397913185,102965,379
55427.839339762926,84578,593
55434.34656898352,57987,285
55447.242159888934,116400,520
55454.610500700874,178810,117
55491.4471035401,34332,453
55541.33589160993,82829,229
55557.427654652696,101072,427
55621.060995317435,115120,562
55654.51390692409,51995,373
55694.85495376753,135973,298
55695.01289791297,123016,574
55771.34065948101,86986,254
55773.232375535175,81724,252
55777.956609188805,62002,568
55789.51180179011,103147,550
55822.96444282125,126506,504
55823.65382220245,40996,521
55853.887045205374,148894,341
55880.59465743522,107221,467
55891.57095400548,46318,522
55895.06619834179,88411,359
55896.4396403848,130328,408
55922.56946870692,163583,477
55930.48278454117,27169,490
55931.55288505574,68166,422
55943.271232274405,55675,101
55953.50981859248,100097,260
55970.661263940776,49052,180
55976.404336606895,54103,533
55994.433173342644,127561,505
56050.50839563161,138355,344
56091.85957897324,54998,233
56095.67017866946,175456,523
56103.60763429858,93871,201
56105.371125197154,116364,193
56115.37194430283,118912,583
56151.369275327284,169524,214
56151.78832769976,26021,572
56168.14123126223,79954,564
56170.004964507694,141221,201
56176.07531818455,64238,125
56186.3263574823,132434,407
56192.3527241162,43346,590
56201.52751520385,168699,160
56201.81182459354,157845,322
56231.49961309651,138936,523
56253.89286158761,51067,214
56278.897644545366,69950,584
56318.49850813027,89783,247
56345.9418430363,120158,166
56357.23018958245,74160,407
56362.086061632464,94178,472
56384.69980534813,129662,192
56395.20249221824,58258,114
56402.057734671565,88629,220
56421.28769372374,85095,289
56438.77642683854,140104,143
56438.98390414287,54918,546
56446.79285233968,124216,451
56451.56352135415,120531,462
56462.57186910639,176551,231
56464.08910337234,166014,130
56465.15949482074,81562,341
56512.92813684446,178957,580
56535.149419310765,176822,463
56562.73514603667,31930,102
56568.58654287522,119860,254
56644.49257460976,117229,167
56713.369126345744,166685,121
56730.74233733552,88233,186
56744.7557141583,108913,549
56757.38114063047,43500,262
56782.15626136056,133489,172
56788.18933949045,102121,122
56864.99883603437,150865,546
56937.51429239106,93662,482
56946.4585495191,132744,244
56993.076734005685,89000,413
57028.46759725228,89142,364
57035.97631730599,63249,261
57062.67840085597,148784,491
57122.61333575814,165666,536
57173.8541367209,135340,127
57178.0419073356,34304,217
57182.08769083286,143272,233
57185.65958001744,142456,323
57188.12608840378,149737,120
57199.7768066479,167024,348
57212.017727167025,49488,533
57237.46018803006,58811,163
57246.063674728735,73407,544
57252.74842998001,64117,483
57266.9639741416,91510,388
57311.27277771795,173531,208
57328.79242987237,21081,369
57357.913691653404,67335,313
57408.53183139448,84528,493
57422.31934846263,44721,554
57430.28887349514,94522,448
57509.91041458903,51979,301
57519.2644062084,47805,528
57527.08199618127,27569,141
57539.41435714802,145791,332
57559.21077438988,90600,404
57580.67003383141,106357,596
57581.56678055943,138777,266
57640.47456008374,169201,166
57645.223640801756,32761,510
57665.86014341447,104717,508
57667.00287690981,38539,380
57727.69241738477,119979,147
57737.8709159081,66664,222
57804.947257160435,124573,145
57805.36176374947,74584,183
57815.19866512915,125485,245
57836.033930316284,60405,161
57843.12594825932,133340,476
57875.96033579408,101291,562
57899.06157235361,54416,283
57920.96515390438,116326,362
57925.42480670449,136770,553
57935.24819254297,90380,388
57953.59105191623,43651,487
57964.57324754051,116530,414
57968.697890524185,131677,147
57969.523459364784,109586,598
57981.97816105403,78780,431
58005.160478571255,60650,576
58018.83718216426,157541,142
58025.70680166058,134650,140
58073.25463637819,145202,253
58076.47225448825,53499,450
58123.11327792426,85183,367
58134.27622848768,169038,124
58150.29062374056,31821,362
58152.56816109149,131388,311
58154.55317573809,169023,516
58160.39716310155,86810,399
58162.10330105292,151974,108
58164.522611488355,141340,191
58195.3747543352,123011,123
58197.11404877243,98026,260
58214.81029647694,139275,487
58236.99930465606,89487,274
58305.05505362118,69071,208
58309.14854161116,178348,232
58350.20309977372,47873,322
58365.49063665182,21532,302
58367.971952125794,65019,435
58380.940013037995,126192,544
58402.38236647977,177781,471
58415.72113913138,114562,453
58438.1262236077,123546,511
58445.33577142217,52791,169
58445.615233192286,49337,517
58445.93548857898,69341,539
58446.47911630333,146121,432
58449.61579962328,83381,323
58486.53036344254,161186,197
58488.33090468259,141484,175
58501.17957108806,25719,159
58504.812538592916,59956,478
58529.06595610228,147152,341
58529.46241533736,137837,399
58535.02047353174,97288,391
58570.39509835369,122690,126
58578.51990820626,46912,422
58616.14871663498,133190,312
58653.90746359489,171692,405
58680.17418235341,96224,118
58693.54313764013,147428,362
58711.425860756484,147900,218
58736.481443143326,158492,109
58747.44522870444,102798,383
58748.75756955927,129350,555
58761.58149452726,149705,418
58817.507479012034,110902,329
58841.421913801525,25454,182
58848.21576400504,70384,340
58856.64300159702,80844,359
58861.60459806043,108906,571
58880.03569596667,142805,167
58922.97698473413,122333,591
58933.76358140456,114438,507
58946.54906989543,62474,418
58951.19297253702,42594,441
58964.38295666995,65427,202
58967.78245673841,149023,151
58999.32985493934,149427,255
59004.680096315395,165969,124
59148.89038284358,114053,551
59154.934334700454,61577,189
59190.13358517009,151983,116
59223.01578135974,108535,320
59225.43585478732,79425,161
59241.945735086534,147497,232
59343.17216886212,113124,493
59344.12818546207,166020,236
59389.45666256505,155105,409
59411.598781128436,33217,574
59470.07361066028,139835,592
59506.92586459825,49079,599
59509.164435567815,179817,500
59548.25763938785,46704,521
59564.78997044649,152987,153
59568.44551481776,50948,545
59573.04349689792,114801,180
59599.108259865716,135741,490
59613.20846998142,46029,178
59634.03948259128,107715,519
59637.004204200886,72924,324
59706.89459512725,21726,225
59742.90818218004,144168,274
59749.66688069536,64895,143
59755.852231572775,128792,284
59775.70705134928,84343,177
59803.69109827997,158844,315
59834.64062820001,56174,510
59845.841745585676,127297,559
59858.1193387956,155307,506
59881.045913637565,27802,326
59884.19266248517,22607,467
59917.01607115902,38240,143
59925.275040773406,125290,495
59928.86534310524,36113,301
59957.34048195574,59571,562
59974.43298018323,156256,598
59981.44469133248,125382,553
60004.28786724732,165125,547
60011.5452640443,102233,565
60019.98195199841,93342,560
60034.98865505028,58498,458
60045.33686931818,73774,554
60061.060780525644,135905,457
60069.53083516684,126038,497
60073.926214057574,99044,143
60074.679631937455,107685,299
60100.50649374891,53031,366
60196.8835898935,94429,209
60198.831868208465,164647,259
60213.56699035435,61950,111
60214.13274180737,161540,403
60220.11947442074,99676,471
60231.1089284071,152454,156
60257.4432619773,117774,232
60277.16623790213,112923,163
60278.144431660054,52702,329
60285.2197612882,21366,332
60293.49919385086,81891,512
60320.8885736651,172461,389
60345.96914751464,159798,532
60364.07363703343,111838,253
60370.77010282953,170147,444
60373.78589767117,119002,366
60400.53692046079,47584,267
60415.06900708362,70477,521
60445.22013179781,139094,150
60448.38957445615,131592,524
60459.011942259734,44182,131
60470.07570767099,54095,343
60474.91164670646,40466,289
60497.502714585855,125579,401
60513.875491914776,123489,546
60519.99767374129,150764,425
60531.01057348915,135364,452
60584.493872703024,148330,474
60656.93510573596,62688,173
60671.03083446402,147078,464
60683.27002504586,154528,541
60698.333961430195,75742,333
60711.15855439722,61114,583
60727.533972984784,51133,408
60765.78782496655,48923,161
60775.01539451897,95914,120
60789.81084326987,50865,290
60797.08554205043,118162,255
60804.04781299981,27334,505
60807.131112402545,174566,315
60808.12859941447,99996,555
60814.79564598259,67992,519
60841.71100724931,20546,162
60857.57200623556,37711,545
60858.486236394696,146137,393
60865.89887070228,138587,560
60874.14332592942,118908,343
60910.11417293151,178783,167
60938.81976726414,152320,425
60951.17819290428,137946,441
60963.101315328335,105253,145
60995.27124456258,127381,298
61000.57198058019,123650,273
61016.1458401645,136155,476
61022.64314018731,43207,543
61026.26434200083,26502,392
61046.155291678246,100962,387
61066.8770394129,166630,143
61071.15146931878,162038,395
61099.496041034865,169486,367
61103.69555050212,144737,357
61149.12974031367,51531,437
61204.1640807017,67118,592
61204.547198535445,73950,225
61239.949962710125,171926,327
61241.71889326474,159865,410
61249.44482810713,174374,123
61262.96956904902,26098,274
61274.459700895655,128773,112
61313.73179390653,103199,295
61319.677764983295,50053,150
61335.28585049122,94803,173
61339.32007119443,43495,178
61346.648638807856,126765,447
61350.35574704521,105273,192
61350.90669014822,35335,252
61360.79064000132,103896,172
61371.43921302548,104991,232
61380.85571342108,51710,126
61385.382673473214,176501,400
61390.77928388452,153332,485
61404.81986411057,50167,237
61406.070823045426,141850,383
61416.52461968461,146922,114
61426.992498176274,81273,567
61470.451003686176,90558,383
61536.64599917933,46610,226
61565.43807055469,52917,255
61582.236039708754,136911,142
61619.68821058833,151185,204
61650.2344584797,57320,291
61665.78416318052,64089,500
61671.409191986546,131084,592
61719.902604069764,138421,121
61719.922635269904,141805,592
61755.28800065893,95825,434
61826.85753300932,20142,130
61881.07064967855,146402,239
61899.2901350405,119654,279
61936.24894537986,75772,399
61972.98628231219,93744,123
61976.50710006681,160008,388
61977.95712084814,43518,302
62001.93213741679,56608,471
62018.19234364672,93258,549
62029.50369808047,152335,590
62061.8991763219,109819,425
62067.958083194586,138677,239
62073.603439249615,104315,274
62078.33368693456,177158,268
62078.6537262835,55055,430
62129.740862496845,179589,343
62129.82663109418,22510,444
62133.63860998984,165697,558
62157.485420625395,148182,490
62167.46306792746,41272,503
62209.32905701689,40322,375
62209.957787220425,136700,444
62212.592232780764,118664,523
62230.983698763346,121384,190
62267.528836152975,22210,163
62279.95253178705,70591,327
62280.14068006776,25185,488
62286.74229970013,113800,198
62288.62777746349,99476,513
62313.93123765667,81409,352
62382.33670490481,29645,243
62395.91519598604,178866,207
62396.058415563304,123831,156
62436.84994897743,169186,356
62450.47476866424,164647,199
62472.04145951335,168296,444
62494.97967787411,168148,189
62496.33156825971,53619,481
62497.6767982848,88058,577
62514.55170208877,79759,551
62529.35983073203,91913,198
62566.99358134855,26060,596
62590.6108079189,159707,414
62596.44249671474,166831,552
62608.54251687072,131965,428
62630.90452305977,33595,537
62686.76339819848,133389,532
62793.16025224957,91836,162
62815.959783067716,142312,353
62824.931573187205,31394,552
62850.47823997107,32311,242
62900.5946750333,159568,329
62908.19769850447,122723,199
62916.34821756816,169899,513
62916.86220469876,79147,600
62940.25678644334,39514,569
62946.0100055377,63117,268
62953.45465100902,45356,114
62966.53188886706,26297,403
62998.44465078737,107635,530
63004.209214440896,48269,342
63009.65481928116,109339,526
63010.77422695207,107448,366
63042.382600366116,39113,497
63060.70665034422,134957,491
63062.71788573771,137035,396
63065.38454535091,35908,569
63066.06279036276,102124,555
63103.69981920338,37046,500
63106.42849213475,135846,128
63113.604065925836,133204,133
63115.75193045915,34625,386
63116.82423217763,119996,305
63118.8389954021,127769,219
63158.826885077506,22780,332
63168.514454958065,132225,550
63187.87722826164,46549,273
63208.926393110254,26808,332
63223.48998298604,174091,198
63225.77591366978,23221,404
63250.76224952849,175421,504
63287.51154970698,170264,164
63307.79864918044,87183,281
63318.72794712707,136555,195
63324.29981652122,31552,130
63327.03181273849,173229,323
63341.42680037094,113780,259
63358.952145721414,161857,497
63362.09983974036,143082,258
63380.59282557554,96300,288
63450.90551046319,155706,400
63472.34551000065,57906,129
63477.76561101826,166656,539
63478.88870845585,110129,200
63553.91297546905,72759,502
63555.33009134392,69638,441
63568.244872092946,142526,407
63591.82487275716,171626,389
63657.79672608233,98546,314
63665.765097426476,47485,332
63707.531591567,31060,353
63712.485590743134,20969,427
63717.53253510981,80364,338
63737.091603889974,82657,346
63763.62090542581,106904,513
63790.5686399482,73822,304
63794.64145227309,21763,285
63794.84027914339,113817,115
63811.02004348152,57329,248
63822.63099439749,173534,567
63851.63978028563,31509,599
63852.24248246055,71858,245
63856.069242743186,88681,468
63859.899343150486,165360,225
63863.83281866825,25634,190
63900.84790820117,46526,110
63936.45785902303,55977,294
63957.73449492901,49089,273
64012.74762821844,99972,333
64018.240311123656,117609,438
64021.99969598708,158130,600
64054.09097527641,133696,549
64078.91354349447,51062,173
64121.77789676558,54287,506
64125.98345829078,159606,293
64149.69000568694,103349,406
64160.91625597909,84107,571
64161.86218063148,173963,196
64200.40489125394,97118,504
64203.62157868487,84794,127
64223.477409886116,93419,546
64226.1814034292,153239,595
64243.72675720511,148185,207
64269.714310164665,143382,504
64291.49758343577,37006,185
64305.70808170127,153472,291
64319.51461598227,141704,191
64327.28155916421,118010,369
64350.998302486994,149706,342
64357.246965420905,125105,426
64408.06006108195,173087,432
64408.805885946866,77547,558
64413.34391041535,81442,302
64418.27711176866,131417,555
64427.74395049098,61211,578
64464.70186310177,86723,381
64466.473218474544,42027,251
64478.23114324756,112163,217
64495.7707275857,141963,362
64515.18174973359,131700,330
64527.787112523205,127204,288
64560.43146732707,103105,239
64570.06881145932,67072,326
64575.39480179805,39893,283
64621.74387293031,97206,531
64635.67753822132,163301,429
64637.3051888747,92463,574
64642.4739100757,51087,136
64651.40705633926,163137,202
64659.52909780467,106308,228
64666.74033564977,91949,197
64691.19955028093,56140,537
64719.11702071652,162377,567
64725.16983381826,98505,244
64759.72400143886,125856,584
64770.13339042778,172031,487
64791.43550015904,143733,434
64805.81083050275,59133,543
64815.94435821325,79487,470
64843.601330329955,144371,219
64858.107522154976,164864,487
64870.757534005665,140953,274
64902.15369585424,102070,533
64906.31501548157,129494,207
64917.864326549425,166393,115
64927.254806789286,171390,547
64930.00205300337,22537,355
64963.25897288111,112972,273
64968.36948356711,131599,451
64996.30657676568,160929,253
65004.19943974774,26092,390
65034.975097217706,56473,178
65110.63304026618,106573,390
65130.509401514035,178073,567
65149.23096954596,122468,295
65153.79923323918,122402,132
65169.09169219495,69371,343
65171.39179316387,169294,592
65183.404441304934,99860,147
65187.165367371694,164941,190
65187.81705343554,178168,350
65188.361158123145,72166,135
65236.82128503942,121159,245
65241.432008640615,96311,437
65256.29538998867,139187,129
65265.49335966257,22895,187
65273.40678625599,127704,300
65276.82339385652,49030,166
65292.20034462064,145370,480
65293.625173804336,74127,166
65334.4987973145,101200,321
65368.562355177884,144460,181
65387.07450760452,101346,400
65391.611838077595,140312,241
65396.11732269268,57405,328
65397.439478645065,124657,409
65430.399502058885,157850,268
65478.62575836124,148701,335
65491.0495627661,30245,477
65492.960025704175,139618,277
65517.060595579875,97974,300
65536.04862914335,65908,312
65541.77921235801,133266,334
65551.49098113446,68088,457
65568.30607978522,123167,457
65626.56604626162,82834,553
65667.45364973144,91768,551
65687.23535201998,96517,441
65736.84480198093,76952,565
65750.44893055873,164919,162
65857.72261632301,40062,486
65859.94626628923,105462,309
65871.93707105792,86261,206
65886.04408070649,141154,113
65887.56433315469,141085,295
65895.98579016529,124685,538
65900.30923790106,29902,105
65906.07903875802,55777,267
65928.27021272393,141699,348
65940.64425795317,41639,380
65962.04607268899,134746,171
65974.77338600316,93175,530
65978.2930166935,24735,410
65980.41167741832,97108,163
65995.71115152533,122458,186
65997.32635899133,22938,446
66003.70987610932,135515,283
66007.62871955131,29029,557
66030.11003740874,76666,326
66053.97348840295,157068,428
66075.69965084617,46946,299
66099.14569155445,136388,126
66117.38197440852,32757,495
66126.85885127858,72884,575
66132.60448850675,82531,202
66134.52119632269,130541,114
66225.25391131615,108373,520
66229.52153399344,36560,212
66293.28131693548,45323,508
66329.36424430371,64009,470
66333.01981164768,128968,362
66335.29850678671,105758,265
66351.8117054176,69688,419
66356.45335600592,162004,302
66412.36582897922,51668,218
66417.1762011907,113474,265
66420.99025014816,125418,434
66428.59322262518,122022,208
66440.87166085839,37305,436
66474.62882951366,116725,122
66476.0229334848,77294,310
66483.20031614866,176989,355
66564.81209970513,46689,464
66580.17734035278,169213,187
66585.98278625603,44836,407
66593.82451503961,121860,447
66645.51111860856,54847,270
66649.36658342848,103353,600
66687.51729251891,146387,134
66695.67982199069,179523,566
66713.2711362528,120236,361
66733.73707464604,80928,357
66751.44593119419,23484,219
66751.87476353264,52520,258
66757.26889103824,132328,487
66762.8511549934,40811,130
66765.81084419385,150738,251
66770.32407325353,118500,204
66790.87069223788,82407,572
66816.71281919605,136320,478
66858.6782793168,55197,242
66866.31926731304,30382,366
66897.70244666269,128761,431
66931.20444562218,26211,217
66968.74227766448,106840,275
66974.29028610188,161377,127
67021.71443056097,85100,510
67044.96783874439,78312,411
67086.1929227663,156700,264
67090.24860399363,21584,133
67131.03252951041,38346,588
67135.30791821145,57101,580
67139.87656879723,44054,188
67157.83726908086,73575,220
67171.99942167688,131736,471
67184.5868849911,63033,469
67188.98825720983,131153,190
67207.60879449887,99456,246
67224.78913853958,72796,239
67264.46093624954,146136,140
67324.78502121643,114262,303
67334.27224304105,143394,325
67345.26001236105,179749,476
67356.62312250453,60862,519
67418.10025223816,146353,110
67446.80400394926,132039,537
67448.54203936535,98703,404
67463.9511447977,164926,472
67467.81554300073,119732,337
67475.11680879121,94245,292
67491.63402584511,146050,136
67499.74035242278,143013,200
67503.10220476087,69709,102
67503.36055162195,151255,473
67529.20536928499,148831,307
67581.19585254806,123455,596
67608.30680966558,120673,350
67615.66472940652,174221,136
67626.17632760256,30178,571
67628.83501635763,168270,183
67633.15411042831,134372,590
67639.04847021068,111377,360
67663.74594163474,116516,456
67664.93467131445,121012,574
67675.96902435136,84694,224
67688.96026592655,114742,423
67713.4818365203,27407,457
67735.39470875917,58766,233
67753.99416870992,58631,230
67759.67899008743,171608,587
67781.40898885629,62317,106
67783.89149041632,44197,429
67808.76028443423,120754,303
67833.24854161423,41062,365
67881.39615644928,130872,184
67916.80585203021,86288,454
67924.00286783265,159775,437
67967.54852211791,173637,257
67994.02869740794,43297,155
68014.25063185989,110280,516
68017.3302936437,74925,576
68044.91986655748,100766,103
68131.81524372153,148902,100
68133.85303379351,129534,368
68144.63898725047,95586,475
68155.91471242893,66242,291
68160.04044206715,55214,201
68173.36942769289,151757,585
68175.70545866682,168659,516
68180.4851603659,72675,130
68208.20430754773,70301,232
68289.6330372582,127162,325
68309.34785675174,48624,544
68329.58372554881,40921,250
68331.37581074401,52684,241
68332.70421521692,27776,399
68338.05605668138,147190,444
68366.64289949415,22492,131
68372.83002489954,21894,440
68390.29682652127,30973,149
68395.03833854586,21903,292
68413.51395640359,89687,577
68426.82172352649,108350,409
68438.04493989071,117199,449
68482.21812934517,102634,518
68487.69626458392,114689,440
68497.86188688634,35005,599
68506.663925849,106574,512
68508.77507794133,139778,545
68532.74206881155,56402,113
68551.16357080772,159101,243
68611.50756782253,85152,288
68623.53417801826,144570,363
68634.19310087901,69266,101
68719.82790416102,104458,108
68739.91817741374,31994,596
68772.87736724742,105334,447
68784.62812289863,179059,348
68794.85014249342,41330,278
68806.01954120342,144812,437
68844.93174511637,46333,475
68854.64980565356,179166,199
68879.54167241427,156329,548
68896.5092971873,152287,116
68899.24543459852,42830,254
68934.96346115525,163850,547
68947.54074919767,136991,588
68949.99944429852,161732,223
68955.57669252985,64677,485
69013.29986174911,43444,154
69024.71467985386,27660,182
69077.6171672314,105590,562
69087.29077596881,93494,212
69112.6912463498,144859,587
69158.25121972685,52269,440
69161.1692325869,160127,424
69187.01907759528,43708,507
69210.55820203363,78669,577
69227.71732185104,177464,133
69248.37305668242,118830,566
69273.65053743923,120047,434
69294.20069375193,167298,594
69332.97912789285,81175,214
69338.97675685123,96277,144
69341.33852524981,109191,479
69359.27811756976,69324,481
69416.22701022815,170166,288
69418.95297092901,102148,588
69428.51998174109,20440,259
69429.79763511402,160405,197
69467.35949110669,131070,263
69496.86470463173,53110,366
69518.66228201952,174868,213
69520.91638428567,22408,375
69559.17622665178,102818,174
69593.04870618996,97810,528
69597.98985663615,139481,175
69616.38907649694,58239,482
69638.28251997511,29003,406
69645.99986878372,151695,452
69648.63541913369,170463,344
69668.57876962592,76545,353
69675.47073584163,118751,130
69754.88794021346,107331,178
69790.07975311101,75210,534
69816.4642916152,79001,458
69843.07963612581,66929,538
69856.44890901195,122710,253
69939.64519330498,61731,111
69955.52412932098,108450,316
69978.18191219574,111306,487
69988.11256778271,38828,370
70014.06026754342,94020,456
70065.35583942,163657,301
70067.40357307301,104782,485
70098.73856293588,34188,535
70153.27571065504,99711,334
70174.53872089156,171298,170
70186.20248065202,146469,249
70231.70539833384,74988,211
70264.33482005463,71289,476
70285.40213049599,114955,471
70324.18060414169,46725,447
70354.96944523783,58693,292
70415.0439899744,131964,447
70451.904214659,34766,149
70460.69242609618,144223,191
70518.72386173434,50761,363
70539.72589385124,175554,322
70609.67585732709,125904,225
70610.36753773078,83138,303
70623.78061474071,176278,588
70627.56722405102,118401,497
70651.10701696848,43491,498
70663.56727052467,120165,240
70683.57885134705,136685,288
70683.81225636248,50573,142
70686.41560466048,153627,215
70686.88152503307,170203,393
70699.94077006864,44786,506
70717.9136671781,120652,347
70917.73434646144,133680,252
70934.68004830845,46067,266
70935.99212716985,160905,194
70946.38711747341,25176,301
70962.62844206943,160618,501
70996.07559788089,148073,132
71010.70924687736,173281,375
71035.72698017195,52529,485
71063.69336284793,50756,192
71103.30389366375,67169,102
71119.48501272351,102390,162
71120.28360976183,170754,205
71141.4315100291,43021,387
71147.3662484953,29176,143
71225.53527116292,152683,252
71234.57256249062,162718,187
71245.57260192829,20022,227
71252.72325037817,156168,563
71283.2621521544,160011,327
71286.27523921919,148566,455
71293.78179729791,112305,410
71309.23467580658,75008,452
71311.31987892902,31727,221
71312.06839157571,57137,253
71350.83906418292,76416,590
71353.72127599471,164722,210
71371.64041045969,92717,165
71397.76084622204,130628,138
71413.72427285892,88334,295
71434.70751629875,62813,304
71446.886127868,86631,446
71457.9657792958,57550,374
71462.52294468092,90621,424
71486.3903907121,70496,465
71495.69922403312,154067,409
71499.28278780854,60236,261
71597.00427063537,133672,294
71597.52929936834,178232,226
71599.14319070455,52668,372
71601.47364528889,163751,308
71602.83835186977,43324,285
71650.83027185907,91631,174
71691.45936232533,79183,240
71691.65760827626,118869,596
71696.68398297946,47525,500
71748.65961190926,66066,369
71774.72276529344,100360,401
71809.16854343342,148350,148
71824.22479373551,169987,543
71830.85041667112,91055,411
71832.93688557422,32573,187
71840.59129212529,122121,192
71849.05897271457,159377,382
71867.11743124765,125552,344
71885.06240128135,87911,104
71908.27162422054,60761,436
71910.9735533498,119300,390
71937.56596518503,33858,570
71963.41616464531,117032,462
71993.47525969474,179567,314
72018.01236293465,67999,324
72103.741275397,142857,357
72110.50169461692,132136,366
72167.33687290364,79969,256
72187.5288698607,42791,585
72194.82478363808,101982,532
72196.71408742908,40833,139
72222.8972748758,44545,184
72240.02550605778,42173,480
72246.75877535646,149197,513
72288.24434710768,131144,446
72302.45763591272,55763,345
72316.23297982119,159567,457
72318.89655945833,23643,415
72323.11552390794,21911,465
72334.18249510808,160070,483
72342.64674723631,158441,450
72361.437607316,179219,329
72428.28526490749,157236,562
72433.38487973157,39692,287
72469.96276202794,154659,280
72530.89637026137,130814,353
72540.42790647583,117854,596
72542.83137824782,85474,525
72558.32371333684,50897,248
72565.4337400792,96951,235
72570.22595660896,169118,301
72575.1302430532,99906,575
72629.22479075205,155142,522
72674.00157681888,141387,556
72693.2351170395,147996,129
72702.02830134988,140679,268
72709.11473136561,48092,102
72717.72182841657,68800,305
72726.47743132892,46565,320
72740.0247237581,42215,370
72754.46877225135,60294,310
72757.1129638352,147772,103
72760.49626315922,85571,215
72773.22021128252,118122,253
72782.28693965518,67757,374
72815.66473859316,48493,324
72837.02327604797,135174,182
72840.03681315696,133760,102
72848.93871773826,72026,156
72853.1424515623,30552,168
72863.17798551987,106825,561
72863.82032169325,72164,585
72876.87175345406,89677,160
72887.80410242123,164211,353
72919.97487730526,53406,266
72947.7881476594,124825,356
72973.68029378478,121934,167
72976.00496615759,48279,505
72976.43254856054,60774,276
72990.29552942874,81998,126
73012.9788878329,109690,319
73087.94173567115,22104,322
73101.02768999811,93983,348
73102.75224870059,132447,226
73121.97869896646,154018,195
73127.7181264381,50151,542
73133.835881836,84842,441
73168.19967820375,72012,342
73192.71456671116,47017,458
73218.93509239331,67497,196
73316.93039674519,174978,422
73337.05892872423,80131,161
73339.89701713264,30057,240
73432.81435224273,58327,318
73433.1707355964,72335,146
73473.12429671125,119707,308
73488.01189285531,80667,213
73496.2067131345,145618,131
73510.46814810343,33541,255
73512.8000592856,115309,243
73570.09369992134,129595,226
73577.80227022964,32466,193
73578.63724222517,33665,438
73605.94784726667,75568,246
73618.7232304822,178996,151
73629.99747725674,86129,585
73643.51487704802,107630,255
73645.87993376932,23581,449
73661.92883035401,54159,269
73670.87235242446,114734,480
73701.04686376132,158638,409
73710.33818567137,92337,207
73727.89532379029,42867,554
73730.14449266951,177767,161
73730.98258875517,69921,198
73755.3751532834,45857,138
73812.25873930899,109888,254
73838.10394169207,72952,373
73863.61829273247,31484,165
73867.87489924049,164309,464
73873.69600120396,166891,599
73882.2299660599,115947,329
73902.10769602311,50783,566
73913.56617676035,146568,314
73928.40295975683,152086,504
73928.84531378499,177064,240
73952.70638173872,53799,248
73953.6365867835,168419,131
73985.272105933,69857,479
74018.96972657803,149768,450
74034.17555550455,154607,597
74035.73447342256,134752,484
74049.97203845366,167455,499
74059.86606164089,179178,239
74064.50280114583,20943,181
74081.47067598584,175218,456
74081.64869238206,154426,333
74095.6649325803,157644,232
74102.89610303224,77759,251
74127.53358568574,164743,160
74131.28692034756,31957,373
74136.72878525153,30247,427
74139.9354346552,92812,574
74142.78910080461,33505,428
74221.05323654201,75043,373
74223.52338316423,111085,423
74242.10885283942,116760,266
74243.84717842254,163989,235
74269.45558851643,127044,559
74288.3639058225,105101,129
74308.0315054695,22728,521
74316.81659183433,93319,190
74322.7305329528,24099,375
74344.14955674137,172898,154
74369.7956103575,120134,584
74391.01181113582,178424,382
74395.62925316027,135916,212
74403.46828070984,73456,397
74423.34255399532,123668,179
74435.15638420024,133745,288
74438.36760560665,145568,147
74452.06964523821,140426,194
74485.88238633625,66166,196
74502.74588639307,67292,431
74509.37283313528,101306,183
74552.673352167,123336,451
74571.39414530042,38206,173
74572.88966559716,84291,332
74620.85640508545,125514,151
74646.62574649473,55990,472
74674.38720149983,23090,408
74676.48841144898,120660,110
74678.81988588057,23552,490
74714.31995460848,31466,167
74720.02945665279,41914,237
74723.10730171857,177191,106
74754.55018611853,22463,590
74785.92193140282,162179,476
74820.02498448027,42273,203
74823.02354559695,167548,556
74834.77502248374,62767,257
74842.83707010548,60504,224
74843.98701496358,90112,421
74859.67529373763,25559,522
74860.58624507883,162774,251
74862.75056105346,128864,172
74862.77478412986,78802,112
74867.91590535619,121025,175
74876.633667307,95195,215
74927.57550106433,120858,451
74970.69744590795,49467,351
74974.41341526796,48871,214
74976.55924628311,93875,282
74978.14638720454,107483,160
74987.08755740598,42230,558
74987.97384483433,59610,191
74999.16815482968,107777,407
75003.17050593975,131475,176
75047.89101924631,99053,419
75081.91797678621,111327,548
75084.1125456728,150875,438
75093.32510004244,89573,515
75140.82491600935,40019,503
75140.86853884465,58965,498
75162.20233179221,103953,175
75172.10792607616,145418,517
75173.50165191387,171478,318
75237.6728930375,93000,174
75239.56893362248,53432,193
75268.74928127252,112434,263
75282.38181625407,146166,455
75354.50854519151,177743,506
75374.75379797281,56233,510
75432.41268244658,84463,296
75443.26105967717,150312,375
75458.5226115128,159584,374
75492.97521383398,120827,142
75510.37117971953,130583,369
75527.62032392848,77497,459
75529.4461939081,114819,101
75533.99122512488,24496,285
75550.33708450005,55020,571
75552.671273786,111579,284
75590.44789565999,56529,250
75602.78600828441,164572,597
75656.35829272195,130382,224
75661.09141567105,78874,128
75688.57836473531,50732,592
75712.37849628797,57506,293
75738.79473598405,131334,290
75739.90675231305,47789,439
75757.3334377904,144997,528
75775.35781777801,61464,115
75778.53507541717,57035,140
75784.15703940125,23270,391
75819.72221879252,129181,176
75848.7211949848,143146,480
75851.74026686144,158267,457
75911.16721298094,143256,310
75936.81003874395,136385,500
75957.51417925194,23462,246
75959.8733402636,35728,551
75980.44318109631,178380,484
75984.25622921692,62034,105
75994.35279178369,131049,448
76053.57630289726,139091,383
76078.43104444667,87647,570
76095.40672997318,100224,463
76100.56440256232,61104,239
76172.89359094323,156708,293
76249.16094467128,52802,480
76253.92264315284,34679,212
76263.8838243919,166615,409
76300.75073182411,142797,344
76308.26467373078,126194,523
76317.84055876001,34331,511
76327.12824809414,131207,199
76333.42025928131,47367,139
76342.43060594049,107941,114
76347.90697608024,62666,377
76350.15836131683,75550,405
76350.37911541776,101033,196
76366.42458328797,28484,223
76372.69601698557,169454,389
76373.61426845616,146827,123
76374.59910069665,44434,583
76381.97997627893,113493,484
76388.61689639706,124369,356
76392.95226735821,122404,471
76401.74834603455,53952,459
76424.20765989959,106853,308
76469.57349377905,152010,151
76483.52371224892,59370,112
76501.2183670157,120168,344
76518.87346512654,29806,248
76522.38967320495,141400,140
76565.68162382461,44455,587
76591.03143106065,76530,513
76613.9115590253,56926,493
76639.26789064455,151496,364
76736.54378661617,179577,433
76751.3606031993,109499,329
76782.1357060538,108872,248
76791.07133666622,132958,120
76835.34084239947,121615,222
76840.02545414462,179089,138
76903.43462191257,168609,421
77007.15057447807,45534,512
77007.45166458943,101144,380
77047.88020109077,42850,355
77049.85703713288,102239,186
77104.23601607449,62329,134
77110.80935663308,115244,280
77112.67863764604,66972,463
77142.2416129437,87618,342
77219.02055926634,135879,432
77270.60335130579,52497,597
77287.42392999414,30378,286
77326.60429953277,125103,309
77365.5026466428,53812,325
77374.63988635452,102220,291
77376.38354432995,128316,359
77388.34364000577,31187,417
77464.16776475239,34957,479
77495.43705023393,167010,104
77498.79506461887,47603,248
77508.22144853407,169457,304
77546.681036819,78471,298
77588.13574002305,44511,278
77600.67834493138,160277,560
77634.78518228824,48604,143
77638.7608694793,48402,569
77702.91372500599,124056,493
77714.26568005158,125256,268
77715.59855407411,109764,409
77728.92067686995,144838,158
77735.44567192119,30035,379
77738.83159389344,143199,174
77759.27664367761,103935,390
77759.9131300421,177568,496
77769.48303604113,114763,504
77780.72926527118,144101,209
77781.84115833379,26014,587
77810.26851594186,130866,238
77816.07746816232,66165,142
77819.13438298219,91802,307
77820.83920431254,138337,546
77831.72415910733,76126,442
77876.43641034479,68255,525
77877.54121671844,132337,275
77943.6766607878,97831,184
77948.1046948982,129864,346
77961.01086972465,62123,594
77984.87087326602,112980,567
78008.48260386668,122010,521
78008.68222697313,176533,201
78010.30227912671,171647,415
78013.42640387062,102972,107
78016.68869847062,140234,578
78019.88002517444,102944,158
78051.28598642696,126531,234
78065.99421147321,20963,330
78123.40221028055,52956,424
78135.33455248573,171618,149
78136.07791711474,69193,315
78159.92183808523,63542,407
78169.40388873842,111248,207
78230.29262765987,171214,589
78230.58213328158,115366,108
78237.77126578405,100469,357
78271.96212415099,52701,458
78285.79032450262,139537,311
78296.35609587618,112330,524
78311.9942218976,157145,598
78340.96452391197,49721,574
78344.83170010796,132298,291
78348.72513409928,175947,183
78364.37619725711,120024,245
78401.67462445874,134686,424
78408.33514225655,46011,144
78441.12687557469,47213,145
78462.10187734582,127814,153
78475.82153263704,162798,151
78495.89804035255,151953,397
78528.68265162698,95996,536
78539.59930589159,78426,497
78551.72511779633,119897,158
78556.07730163442,143096,586
78558.73514639278,141620,311
78606.45308235686,123758,103
78662.59397270391,78703,359
78669.26442835075,89336,257
78705.72747139336,128715,444
78711.25715648971,128673,116
78711.5701948819,60206,504
78720.95126019776,156043,519
78747.9887657069,103223,271
78751.725257359,169995,320
78757.26223960257,122593,198
78776.41845300533,123105,524
78777.47763070046,171480,319
78780.23692255342,122344,600
78806.28427575591,125675,562
78813.94245262978,61535,323
78819.19494570796,53116,358
78821.71466383965,171239,501
78831.66667236715,88217,528
78847.76637869688,104516,204
78849.72424632202,26721,323
78849.95635039077,175526,178
78850.52060225183,162520,571
78922.31930799974,169892,295
78922.83161122465,54222,332
78942.95937496284,113879,195
78948.4407943795,78131,252
78952.74998026369,84291,471
78983.03516715413,119118,494
78989.07023871041,33565,240
78990.80239593617,57688,421
78991.27065143887,171874,543
78993.4539893473,140357,574
79011.57557240289,48069,172
79018.21418876872,67350,147
79019.82497633484,114738,567
79056.26719122332,122445,151
79069.77478868453,25755,311
79071.30325334535,40004,207
79094.55580256763,118370,555
79102.0812582584,138195,513
79105.59462053633,98316,105
79152.38752284291,168712,423
79171.04887946577,28244,160
79245.57292611511,110907,347
79351.2062564085,177284,379
79351.30679980684,156773,479
79357.18083011627,51875,198
79375.81454135645,160497,111
79390.41055394009,59936,210
79430.73977731037,50091,560
79435.63115072108,105862,170
79440.59425349778,53182,237
79446.98917307475,72228,588
79448.91872683846,164571,433
79455.89061974578,149971,323
79470.26634297801,124842,572
79474.55631943408,65340,201
79497.79103289566,93684,592
79507.76982787924,172999,506
79536.85691271552,101680,184
79568.46415998742,147882,321
79611.35141428627,131080,405
79638.84499748607,103558,418
79641.12089746998,120413,319
79645.57678907287,112514,291
79691.21179762259,36847,330
79694.87221091427,28849,590
79709.19466549261,173844,309
79716.14255817572,159066,280
79726.30270575167,50054,192
79759.41658058739,132561,504
79763.53038784188,84308,137
79768.3765117048,117428,290
79771.51051602028,102431,162
79771.70410996152,22857,467
79779.67994015821,141995,390
79811.39821796589,80987,387
79812.76883059346,94347,408
79817.53842067154,77006,152
79834.00165655032,179358,584
79876.97493797356,39614,393
79921.61076527422,130559,449
79949.83900523587,103304,516
79957.55582602342,71674,125
79990.01897719172,150718,123
80082.64867822791,130424,161
80085.29857806239,64863,407
80093.2150555448,120363,221
80110.39502126197,94720,109
80131.03279113014,170931,102
80179.56022066306,94544,167
80216.41826948365,125594,118
80261.65280028459,158284,120
80269.88417026881,24265,135
80282.577711666,128810,470
80289.73975297494,103149,485
80298.22734429885,40910,384
80328.0261099777,149451,413
80328.99044474386,98235,456
80411.65236656416,149325,534
80432.14643656014,51827,531
80441.51153439783,46933,114
80446.58395960528,22725,171
80448.80562331967,104635,541
80472.07497087646,134211,215
80475.80617628721,70111,470
80522.31843750046,116699,517
80568.95471664098,21295,578
80592.26522917913,33760,232
80635.23151984239,31292,156
80636.2153959456,99767,138
80642.33848560527,119498,238
80666.32912787497,56113,398
80678.6785620944,53105,263
80718.2733677711,173126,554
80756.23627121033,128342,426
80768.07625235512,52079,367
80783.07436750052,171489,344
80804.7253459931,93542,264
80834.35010785851,146538,215
80836.27590725537,97656,464
80838.00437695833,166411,527
80879.25564571918,73973,455
80880.88020971,149657,130
80885.65742493415,76658,339
80919.78867855041,69261,349
80921.99691510202,74699,516
80939.85441083385,158318,363
80978.9577044362,101743,462
80991.06123510977,60369,534
81005.10545413576,54094,212
81054.81092705629,121076,599
81066.85629566111,154601,203
81097.14076490668,69270,135
81103.65089270918,63043,451
81110.98963482387,171320,431
81113.14277227044,140836,548
81115.4100298971,48888,223
81115.74457099734,140808,195
81121.95012432041,144843,438
81137.08828852719,112263,235
81139.60695104505,164258,143
81148.35928559845,75591,177
81158.47365936659,132944,360
81166.59515038063,135694,239
81175.82889809554,32880,432
81185.47115199803,130779,199
81192.43411981384,125563,190
81210.46458428005,158821,411
81224.07379333802,133656,155
81246.93514364953,85259,590
81249.29016723597,50195,127
81294.37720430392,170793,236
81299.83352362712,159495,151
81306.27787536937,126052,300
81316.2586303589,77642,475
81351.01185950951,90324,353
81355.61787597509,73366,277
81375.87937261861,176319,247
81402.35570215959,44705,194
81416.34867363768,144979,478
81423.63487364128,82552,187
81431.20488736803,38207,185
81435.35384517179,139332,172
81500.88554784612,144413,319
81509.01648620245,66534,598
81515.14242982562,40179,187
81537.88136131855,22551,404
81546.56308695211,144211,398
81546.58322654416,84883,341
81548.9001098152,24558,390
81571.6916869558,96194,527
81576.8745555391,151896,185
81605.00388293262,44617,151
81612.26930944582,107995,331
81625.76217227244,111955,379
81631.71249800423,147531,229
81640.77273287385,23554,523
81649.46936653361,107487,556
81664.05858092068,176170,347
81666.45140014726,156133,472
81686.87333430079,58771,310
81725.66908628952,57128,282
81739.44550658615,84059,395
81766.4650107552,132910,284
81771.08619473246,43402,199
81821.76323969959,119032,427
81824.04749036275,91807,549
81843.76522182234,162846,560
81892.46252753919,158125,189
81898.62864213443,111447,554
81906.6739170024,174441,313
81964.77950353947,92416,258
81969.00806902944,171916,366
81993.21027670406,52233,321
82024.93768759548,168547,595
82056.39263068457,110963,247
82058.72759011047,22184,355
82111.13745296923,58569,338
82133.98391376137,157150,594
82140.82757373685,166313,440
82144.3768051957,147618,247
82145.71277850014,97260,107
82157.81031044597,76970,244
82192.72355196031,52357,127
82206.12648431309,21334,320
82214.81166396153,20168,125
82220.6035676654,111807,549
82227.26456469235,151594,440
82290.91751237224,166997,179
82352.36341019737,90954,173
82462.36843930949,71570,321
82479.96881291262,41159,248
82484.90877345673,144040,577
82493.66747247476,121250,316
82503.8544601766,45726,557
82509.91066978105,99173,405
82517.35328234403,167824,323
82540.07478167607,104536,511
82557.33771701339,72299,228
82560.25420997446,165302,202
82567.41808235733,42438,252
82584.14297007582,140888,379
82588.19440654476,134528,149
82591.17856195569,135841,455
82598.69456572438,113731,339
82607.43968358681,142303,315
82672.55407013732,140922,114
82721.28972807176,26926,590
82750.40430635058,43181,486
82753.43438717953,99269,502
82758.9928680691,154271,291
82761.71556044434,162414,560
82778.39018127427,96898,127
82806.54750246537,122933,164
82816.86232704438,21560,336
82849.81353836076,155792,335
82886.36517282526,42192,128
82892.66417856391,48062,270
82910.70896117602,96172,389
82923.84402806721,106850,542
82925.09994396819,173253,445
82939.40047476614,33898,459
82943.99035949151,57788,387
82970.96448360357,149841,169
82976.0247789274,60573,254
82995.81488590072,21691,512
83009.08491156643,72612,158
83010.47495863194,60113,409
83052.8634136135,156268,149
83058.54268911679,47159,342
83059.0419979836,152593,327
83068.95134446444,51932,253
83079.32034800322,68246,519
83084.67605083194,163319,233
83119.16028703556,135115,539
83140.62849701461,52295,321
83143.79074936222,25677,194
83146.84645925088,83093,187
83161.17538941429,163309,202
83174.10670798442,96031,248
83196.13115357624,174340,352
83205.2875773619,92137,300
83215.03694773433,48137,337
83225.82475822138,131367,175
83226.39214399386,139821,161
83243.00399802226,22888,397
83250.21655494609,136517,121
83297.9594546065,112989,592
83300.95972183558,140153,241
83301.14295991996,61501,283
83315.0314550291,151912,207
83323.61127107941,157640,299
83338.00294869732,65743,435
83341.28635959742,167625,273
83353.59089691816,56710,242
83384.32960865706,99411,572
83394.34476249211,146810,292
83460.04240943797,178817,437
83464.0205653537,152901,497
83485.53245619527,87954,166
83509.46370977469,174364,589
83526.8482613554,173221,416
83562.27402244514,37713,123
83562.87335014106,61727,218
83564.90382874994,47845,355
83619.33684689015,144888,265
83647.87161554552,82027,153
83693.88222154466,65612,472
83738.48245986325,130115,572
83739.81316137461,85662,158
83740.57588751984,39105,326
83769.39951276146,178999,423
83806.13624222913,65630,264
83808.414425852,137836,293
83811.27375002363,170412,384
83815.729982864,86190,351
83827.23779391358,94996,215
83831.73050574452,62490,322
83865.35323822797,70409,144
83882.8038807264,45219,204
83883.47996409982,56847,557
83883.58496496009,126961,390
83899.40373074176,38865,274
83903.50254431619,158452,354
83907.7203454945,74388,392
83942.87628963857,151294,280
83951.6924944688,166459,536
83954.65956065922,37604,324
83965.81482197507,118597,547
83967.28490297499,40484,165
83997.78567627897,98178,151
84000.29529671038,80443,126
84018.69572963187,106748,111
84023.7683318472,95994,572
84058.9908229077,122347,460
84067.8512091945,61382,595
84074.64669471388,160095,394
84080.17226553775,155727,577
84099.06850587275,101851,304
84118.34899304729,163115,457
84162.82601970284,172770,341
84218.09523336326,88957,434
84218.7039645216,108616,315
84224.74989421631,107697,554
84253.69082683076,56513,204
84269.5319466802,106405,573
84297.85421925709,36339,220
84311.46101475843,167811,563
84330.29327329043,29269,277
84409.61867861034,129114,406
84436.50556402661,41127,554
84452.5391630077,53938,238
84478.23774314267,47279,118
84491.96501675987,79046,432
84500.58860536251,145198,255
84531.01182059462,79704,110
84584.55638329487,26908,496
84615.00531541558,71425,373
84633.74227195946,119454,449
84656.75692099055,24743,382
84669.91921546747,121482,492
84679.39070535508,52830,320
84703.55954673489,164059,170
84706.0160834096,50931,559
84725.140283683,116392,280
84729.44492301655,134432,570
84730.63827787757,80826,147
84748.40291341633,79539,311
84775.92786851406,160566,390
84776.86508316598,23905,547
84802.31203258886,34911,139
84803.47848805299,134964,192
84810.12081019027,102346,279
84828.56779180319,84027,249
84831.34651109584,124285,345
84852.78102033245,40133,139
84858.53996529893,162513,205
84872.20110058274,113574,559
84921.52692783387,77746,327
84946.50171942136,116189,499
84962.53445300693,84017,369
85007.22895921613,103586,457
85022.82133362579,47362,127
85031.33373442634,127697,461
85091.47504256666,147456,243
85093.10892230381,55948,530
85167.65168869398,80433,256
85194.74052310664,75251,162
85204.05724912128,57214,118
85280.30958349313,135416,432
85309.20432917474,49946,110
85323.0236200734,28848,238
85329.53731792963,120709,253
85364.64727867402,42149,130
85371.19216705777,179841,296
85384.8702674288,120293,296
85396.61071703497,78837,205
85406.1497344485,133006,372
85407.22322860839,99992,116
85422.8212731479,111174,579
85423.3479904839,179577,486
85468.07820069254,88821,514
85496.07133481848,76765,487
85496.62585432635,133790,543
85507.78242367125,34973,513
85510.09535965837,121740,587
85535.64753307092,95345,539
85629.61772710852,160184,337
85640.6449518588,168977,493
85655.27908912952,62611,591
85664.88149486965,82449,167
85712.53844668674,93583,509
85735.49021620845,91930,143
85870.10066625316,162292,251
85878.33633739939,123442,119
85897.45502505072,114816,237
85918.98597205803,179383,106
85921.64075276961,169013,438
85929.38312332559,89341,533
85933.32251517869,141300,108
85944.91564532518,142274,118
86012.47629643707,145883,426
86049.67603446572,77106,309
86050.88345530957,40852,241
86096.35258165874,164558,260
86157.62992909417,135458,192
86163.59823736956,92389,232
86204.257851966,53350,216
86224.16118570455,58509,546
86243.40522506836,32997,219
86245.83607460457,30093,194
86268.90429113555,135424,396
86276.53929507572,165072,467
86281.71347708054,87909,599
86287.66664583303,112624,376
86313.00626801308,177438,220
86321.61360961931,40310,359
86333.34661246552,153964,139
86338.7559993989,105403,392
86348.03990956218,129043,136
86368.57804508107,94208,173
86369.07813764001,179112,503
86378.01284876933,126990,559
86399.12265263214,143387,582
86471.73576937223,28167,182
86480.92264357563,96250,576
86484.1745105335,174986,113
86486.42069376197,75438,513
86493.9321927971,153216,501
86511.35311536324,110191,581
86516.19120214632,172747,116
86537.59515868417,59341,295
86566.35633179586,40563,589
86567.96560227482,78872,389
86581.9688725019,170585,422
86597.86064821652,129597,375
86624.27420120999,158348,508
86625.33022675158,143818,437
86640.19581061842,135610,262
86646.46764682751,170796,250
86694.86565395707,106162,224
86726.95525379489,114886,218
86739.12480102324,50255,454
86744.64109577493,127459,285
86746.30199151405,166920,358
86747.89246334483,114973,434
86761.1314236388,80384,329
86791.99545359587,80231,391
86827.17987863894,52841,573
86842.60706547392,126854,445
86860.18481309868,56212,410
86866.2144556617,95205,274
86873.74747097825,41366,309
86884.67730734246,58901,394
86898.30959550422,71931,560
86902.27655853954,139031,107
86905.92549247383,129740,234
86934.9323014412,143171,480
86937.06164333272,28932,526
86948.3539036555,63761,137
86951.19388086893,158755,570
86961.01807092634,130718,281
86963.74484580189,165998,223
86988.63959678018,51202,272
87034.18307512288,108248,402
87052.951626233,48251,469
87053.87748359563,113050,586
87065.79409451384,127184,422
87077.74188070284,134213,248
87106.09015764402,55286,475
87110.14351934739,174549,569
87144.45127652629,153529,142
87147.75481744163,22040,403
87165.7360318007,138889,294
87173.46213483483,66326,360
87199.1032136553,93216,583
87228.75987578485,80886,252
87242.35634124106,32658,388
87256.93919314498,157676,396
87271.13399040507,131854,246
87278.92976513278,103513,487
87282.86018245634,57538,121
87316.49897613408,75228,320
87331.14234918199,170768,550
87350.25740852217,46074,277
87356.96101673802,51077,247
87363.36094890293,135059,214
87406.67822831962,95622,580
87456.62422665248,178903,485
87458.86788924153,80732,441
87465.399915364,45159,205
87481.46645420071,153352,486
87485.16541230606,176864,562
87485.97654123374,161513,375
87518.06475284457,21747,350
87553.80072808135,26757,289
87558.34227713298,169727,318
87584.68431723877,156549,164
87620.24592420609,97317,570
87622.56794794874,51441,327
87666.5107957996,149303,234
87668.32820106919,55866,242
87694.63625306154,50529,595
87703.36673769448,40726,481
87734.89843389597,39490,267
87738.30772902843,107906,241
87750.39083315662,154439,444
87780.4065907979,102525,556
87832.14005829873,133607,151
87886.0135391896,156654,262
87890.23780611585,166320,438
87926.59597880002,29341,585
87946.72560314408,22089,225
87949.66951065566,118620,546
88007.02064354085,71295,235
88019.72256453661,147010,516
88023.86562758668,150213,244
88026.69210517115,43255,586
88041.21817066555,76148,101
88052.6126622149,148631,385
88071.50735048832,66691,119
88082.33852375411,88963,414
88091.90860421816,173065,220
88112.21506530863,146938,371
88133.6121200548,67202,549
88140.74849260344,80789,548
88147.65799106368,147155,350
88179.5239854623,122815,406
88188.36017429916,146080,251
88190.39049334345,49456,593
88232.94552154857,95306,314
88302.65589912664,105300,226
88324.37484707744,50361,190
88336.87474846575,103599,438
88339.28505035421,124356,460
88342.02569469243,146809,530
88374.69224588864,148234,407
88385.31291178858,81567,114
88392.18893897648,153034,210
88436.30003288104,127218,131
88452.82251304532,104722,233
88475.30044096097,127801,300
88508.41327651609,131463,304
88514.45428956009,34321,237
88527.7456936607,77395,273
88547.97235322348,31961,257
88559.84332636764,78015,393
88601.53192172547,160512,205
88631.77379073823,48918,585
88700.77465820307,106424,166
88719.3500843062,25221,586
88744.9692291287,119401,146
88775.2912341117,107369,567
88783.99016197104,164937,132
88805.27041339326,155960,207
88814.26181785468,72019,180
88850.68340672858,123684,540
88875.98764476374,96070,510
88879.50817326446,118010,269
88890.1762547784,164952,475
88895.8953593323,23575,118
88933.24424812016,158033,152
88947.16725465206,147113,121
88950.58172826309,99027,112
88955.80915962897,84830,117
88962.17083738373,52412,516
88992.82533946198,125054,167
89026.93285277806,90778,541
89028.70765482848,39369,358
89054.31845989088,128889,110
89054.61549036783,162002,409
89104.87533349686,45049,476
89122.6194788042,122530,199
89158.2325125077,101838,501
89166.05567334,154310,480
89166.5298902408,91840,334
89171.0595399574,89276,596
89192.40476078785,143574,292
89199.28948909651,44395,213
89267.44567073253,167061,242
89280.65344444316,159776,359
89286.26397348446,24512,354
89312.27052399475,117710,490
89328.08931503244,48391,331
89333.16293882951,26525,303
89362.6615855253,137200,289
89375.61765657889,48560,429
89383.05661396378,57688,514
89402.93700208578,41924,148
89419.39690018487,74442,542
89476.37533666598,175558,227
89478.12768666404,125695,415
89514.53955830893,157207,470
89551.14748652873,80930,130
89580.31691637896,86066,310
89587.78040720754,108570,527
89591.04519038522,104264,452
89607.70774189112,126570,546
89607.819488889,74846,486
89624.3489234671,148116,379
89638.20448709415,81797,264
89650.57909049657,146614,363
89666.76404914807,41347,571
89668.98366086363,40317,292
89671.70652793282,23571,182
89686.3833706958,51844,185
89690.78054005327,49796,119
89734.12464408013,149809,187
89753.8034544644,157517,349
89756.8167820177,163415,314
89767.0134929093,97791,160
89778.44906106999,97128,468
89829.46235504201,91069,367
89837.24590874856,117421,388
89858.25496754532,57097,248
89873.070280279,73598,511
89892.10862918894,117321,365
89910.6616182667,143760,336
89915.3916946379,106553,574
89942.86038201158,55478,184
89957.72303826212,144222,105
89965.36840405638,66982,176
89978.0845984183,21468,259
90002.26193577056,72236,455
90004.232896682,140217,269
90006.22299648209,142865,404
90009.62579015542,111869,425
90026.00707835228,79252,276
90045.82853598848,70499,240
90052.51527847763,131716,399
90078.65186790022,116278,419
90107.78524642577,86781,387
90123.36008826394,73107,139
90141.32120467584,46994,474
90146.19939499727,66746,234
90162.7860547132,53214,508
90177.56224719173,120387,269
90194.70645025559,175233,409
90201.19994244298,144100,207
90204.88078849555,80773,210
90206.7964362366,58401,173
90210.39855778734,20064,265
90212.01814832796,33681,170
90226.35487005215,135261,317
90248.21794805593,105744,254
90262.09590150381,50748,223
90278.52211068681,118909,496
90288.26200951354,144381,281
90295.7344160595,156835,262
90310.86405956402,178696,531
90315.67746880313,63546,584
90335.76733699215,92807,464
90338.85097726385,134620,386
90350.50624874722,85677,450
90353.06836688399,134141,433
90361.62811846635,26631,543
90370.73237911052,142178,494
90392.90800129056,131169,209
90412.1010595627,70065,295
90421.47573576203,22797,200
90433.14655002607,157888,199
90433.25915720915,101367,268
90435.2358716021,116696,568
90441.09004065131,23406,410
90447.46738230913,92076,428
90460.49731185948,31512,456
90484.86310703274,91873,420
90486.04170196937,169993,521
90486.65968173859,143419,411
90506.66618078738,148529,188
90519.49430033362,163022,513
90521.68808179854,116871,114
90540.67058500419,60158,461
90567.32157533942,54510,142
90578.20138576221,51307,128
90589.91876408462,36338,260
90591.96995205816,162628,242
90673.94113462775,70903,435
90692.97968921538,24371,270
90729.29338071476,102963,559
90754.00326613842,173838,469
90811.75911874801,155355,107
90868.20988419322,125689,313
90904.5781150792,36117,133
90908.86525876919,151471,175
90934.97481965352,42011,188
90946.69294767859,92227,411
90951.12293078791,152504,309
90954.92117376416,20845,259
90961.31875502202,111929,160
90969.6731272623,168943,528
90993.50691075061,168423,576
91005.94225451737,50477,570
91007.84081739355,42653,195
91015.48071019282,25271,492
91019.19130431434,22736,211
91039.51052132764,140677,141
91081.45422415312,84679,257
91117.77219252248,70092,482
91145.97021236217,54795,258
91147.06641873445,95255,191
91153.60772621301,168121,261
91164.29584805825,69347,239
91207.30490485512,66428,251
91213.30955729607,135238,235
91215.24885353529,113101,396
91224.28782797049,157112,330
91259.66823657823,64688,118
91319.44937979501,173412,297
91322.83442786286,169084,207
91424.3559487229,133732,277
91445.12556708834,95678,206
91453.50208137289,152059,382
91488.92448201106,90503,146
91503.32549738279,75239,232
91508.25002890379,88379,116
91559.25029593836,155536,437
91579.19563027484,144573,171
91591.78957301014,104670,290
91608.38125969686,174243,561
91609.06997880596,47423,422
91617.96088082579,22070,181
91628.90402688451,107742,272
91649.77976653403,46268,195
91698.65095123531,100288,183
91711.22967170956,68800,485
91711.669471436,139654,403
91728.82826651934,134024,474
91739.02257401071,83855,229
91764.72423960149,177533,272
91777.90138059472,125159,253
91778.72050750809,81421,490
91833.31245478794,152896,155
91844.24102671129,90611,588
91861.47177499601,175471,114
91865.05492952382,63616,572
91872.20508578561,176460,594
91896.12726242939,157385,201
91956.6485690907,168894,484
91959.65454600847,107332,503
92023.98875886408,43697,258
92055.47629889466,57083,510
92063.97239071001,123807,184
92076.31789294722,58663,202
92119.22178462884,98979,257
92120.89757652476,81914,539
92125.44367000311,43636,470
92131.05733635914,165581,532
92160.94459784012,21296,344
92164.41571490641,46191,341
92180.37827342506,123297,457
92185.15590528643,143812,442
92194.59735117134,141499,461
92200.15837666634,45119,298
92202.9092198786,55003,304
92232.58828448359,94237,519
92255.051483783,131304,405
92265.0640516476,38784,277
92278.4647515334,173728,113
92283.47746298066,179520,191
92312.68437101398,116765,285
92320.99016376668,20417,412
92339.27453094245,124380,568
92340.88289523064,80312,170
92354.74382644828,31599,208
92361.93277121593,44340,273
92371.62509785083,67153,317
92374.89307405191,101550,298
92397.38847890649,146000,117
92403.4381537548,130555,191
92407.00975410758,155619,527
92409.26037863737,41663,277
92432.43180453323,46582,435
92472.10955670985,23204,182
92479.79417325101,170649,359
92489.4840241548,139194,105
92502.80008867495,125304,316
92532.31219024194,99417,317
92538.29781320364,50397,409
92571.21208191045,138035,357
92580.54268537862,144137,464
92588.70396026589,160253,597
92597.78221318223,66881,317
92612.95563308026,120524,545
92635.41694461629,59423,103
92643.64004058289,174705,232
92648.04332669168,139272,322
92649.03855496833,93849,120
92651.63051364502,148351,335
92660.77950081306,177110,451
92669.99788654805,131595,272
92692.47625964465,26168,377
92698.69487838107,96871,282
92709.48830667949,137118,266
92716.555724789,29336,405
92718.92426349089,29597,372
92745.7644782944,85176,189
92747.52027974112,44791,164
92773.47038070197,149355,320
92818.11602220588,110540,597
92830.36694716854,83989,570
92865.29174407636,157247,391
92877.55701787888,40063,267
92886.88666512373,58469,411
92962.19611581549,46508,295
92976.57084321267,40647,272
93029.03782460539,99163,316
93039.27900522106,68216,586
93066.74791298473,40783,528
93115.43521841518,50520,506
93119.69026390767,88413,255
93138.81073195081,161336,537
93170.38148418107,32800,291
93187.41665415486,76415,489
93242.23171712506,92033,482
93265.5821743181,68683,241
93279.50773924911,31991,409
93289.67998858937,67516,447
93296.38699608829,21324,308
93301.02907613311,128612,436
93303.80896056778,90006,336
93322.08880063193,103403,149
93327.09199730442,24737,463
93334.94126232712,36704,413
93341.73007180949,179728,523
93354.07766634513,130300,425
93372.1664294175,161939,299
93385.07655006829,166186,106
93393.4764751565,103792,277
93428.06667551407,59787,336
93466.59847382063,150803,207
93481.79448817941,64567,444
93491.68242303537,125627,116
93513.29974644995,169766,595
93514.93715186391,147543,387
93598.86097665278,41782,206
93626.42836526546,158829,289
93633.67741818496,102663,331
93656.12535873431,27750,179
93675.73462234058,63708,419
93684.40038577422,133123,312
93793.97722984593,26136,484
93866.4818579029,165867,480
93879.97845245349,81530,292
93930.78927897794,54523,293
93949.47438884646,52373,149
93959.54972401293,75392,156
93976.46380737054,66824,542
93979.9298746694,125150,381
93990.43229387872,77082,314
94036.57598829744,93106,263
94066.01300467893,47692,440
94109.22740180643,103302,357
94124.56874731176,122805,215
94163.75668329731,149717,487
94176.22589479487,137822,180
94227.74280985046,66563,304
94234.54781582243,159635,524
94242.67877515445,141640,435
94246.4601565938,45774,296
94263.81768501403,129602,598
94274.65264762363,69512,425
94275.24206828105,78770,170
94294.0591711002,151953,141
94312.36340588862,127157,584
94312.82537273916,179858,227
94316.46681741827,143709,450
94318.37428274249,117070,111
94345.54517224518,122062,382
94359.86675273787,70602,535
94408.75128464721,140001,288
94434.43038048649,82735,189
94447.20995884547,72372,265
94450.05621401934,36990,557
94450.68375212463,171414,336
94462.9776056,178138,327
94554.51572944796,66367,598
94566.89160265803,49139,511
94585.41876724115,106837,546
94635.97233188688,61750,225
94648.37815751001,38308,103
94675.99303931915,126521,543
94690.66273830454,143262,541
94700.39566425592,129337,590
94706.41855661436,160860,161
94731.57973561813,179115,431
94822.16024742233,26218,324
94835.26986106261,35672,249
94868.6602440417,30461,286
94878.85774683366,154102,422
94899.83304649108,132351,503
94902.48212816342,58268,533
94908.5718875627,171994,485
94939.93958645924,64290,287
94950.59055216878,109085,172
94999.42165493715,146508,207
95005.56595921282,106514,428
95029.23081300526,140125,560
95053.92515046443,84154,487
95059.94724025067,97409,452
95071.71116958429,138063,458
95077.6771815047,92167,404
95078.40516402903,56705,175
95093.15882250773,26800,213
95135.59254578393,167728,285
95160.61405272098,100389,583
95185.77817561809,168803,424
95193.04760290228,135307,444
95200.03533758127,53699,175
95218.73713535827,120722,231
95238.99109377965,27341,535
95243.747661825,99418,175
95261.30035260692,88005,286
95286.84121556478,155480,307
95299.80371045128,64671,597
95308.24211175914,60862,400
95346.53563877082,102390,367
95355.91532441537,147204,431
95359.62074350369,157687,346
95363.47757401787,119581,107
95385.57489911695,36974,275
95390.66823302918,74114,214
95393.92069457305,179551,498
95420.01585362594,51350,432
95424.40242551152,150754,335
95441.25431057178,23198,530
95468.68294427337,157394,559
95473.86798086176,73092,286
95495.69539743829,124462,420
95497.77684702094,106380,359
95499.168087558,165040,592
95514.4718617105,160962,546
95516.12748209645,34673,328
95532.85408085473,85004,225
95538.77030326877,67889,453
95593.85221882815,84248,216
95617.2525018193,139554,190
95618.0737921383,179681,236
95634.13194625286,43949,480
95638.34671667565,36690,563
95685.03516538796,156985,255
95686.29108860141,79660,224
95703.91329579809,172376,344
95716.3958435855,160753,551
95746.80722928,103586,504
95766.90451595277,71491,344
95769.37967678001,41859,343
95773.7775595544,162178,401
95778.61883646717,147724,253
95795.4670654021,172492,320
95834.95271716977,49235,468
95878.4748470084,71065,401
95911.24866628172,139604,100
95917.04896952739,126736,407
95923.36355650477,66276,268
95937.5203678189,154794,245
95998.01769847285,98548,235
96038.40510315029,85279,274
96044.84473165592,167132,357
96052.23136913317,135354,157
96127.87671643196,67757,349
96128.0074887566,153574,340
96141.70265515891,66870,133
96170.28149993572,99859,148
96222.16575525283,136181,275
96242.48151219281,161188,521
96246.5154085492,48498,490
96251.78958471873,100530,356
96259.07750158185,159041,341
96261.24964201264,98659,574
96280.05755511318,169686,444
96283.4164073329,60996,198
96312.4990837758,65030,536
96315.93723908973,61191,266
96378.73251727714,144197,434
96396.82122529797,129290,499
96422.74797970206,79958,577
96428.84740418888,99591,289
96431.98016524513,107483,472
96440.71722424484,102666,330
96448.08109870987,167662,301
96476.84930056556,21487,490
96533.11328362742,34498,595
96543.62488824267,56681,599
96555.83374584843,91881,109
96589.96738256283,73008,206
96611.66480280308,87090,250
96647.4064196778,26207,264
96658.56121278476,120245,266
96674.8932054795,72285,508
96679.73412344529,151843,325
96718.54907532434,48006,138
96724.12055725785,105323,470
96737.18688642055,175435,340
96797.93688320066,32058,499
96819.47888423977,147674,227
96826.05292743431,179044,400
96835.45360681786,46591,128
96855.86601274589,92363,375
96865.08923209476,94510,156
96877.85638513991,39395,266
96953.45765551548,128469,522
96956.7497855972,59431,401
96963.85061486939,72427,387
96965.69303377483,84284,267
96982.69996500292,88345,385
96997.84418708587,96393,453
96998.28606900111,37826,545
97029.11237697185,102303,590
97067.51787415224,136874,482
97110.70233098464,68271,264
97123.33684117992,140796,285
97131.43650860515,87902,230
97149.94399039457,26065,171
97152.48226712183,127683,318
97162.576089392,147495,508
97163.56054729037,158516,130
97212.39339964847,154286,291
97212.72007854638,134611,116
97276.99200384754,105739,504
97292.47088097227,94094,394
97300.59276418504,37592,476
97302.16394608824,44154,598
97318.50600965737,49447,372
97321.95083437851,154611,533
97360.0923480799,170451,572
97372.73138776147,70040,484
97374.24922497846,132970,518
97380.73240959276,138302,555
97423.22798169643,59899,433
97431.2503563256,67624,431
97448.37421159634,139025,370
97478.7581970633,133350,555
97479.19255024324,170664,250
97479.32003482201,122222,109
97479.49152605831,104511,318
97482.75355321997,78429,399
97505.20376378276,105621,372
97517.44444883753,72515,494
97551.9105558059,112968,557
97594.36785085133,171219,178
97598.55383186073,58871,205
97605.93114412359,46449,113
97621.1777476643,30342,499
97623.9015556909,111362,588
97625.33720974793,102663,575
97630.56720275199,74737,203
97637.78457746182,131223,238
97643.08939552572,76947,495
97651.87018801802,55995,549
97697.69906219303,135249,163
