arrived_at,num_prefill_tokens,num_decode_tokens
20.401205745496018,106556,479
26.833687026995328,158513,171
53.505540483156985,242964,144
71.36154230792587,108331,115
73.329135301095,160990,358
91.75614195548462,247127,201
116.93314401131626,242853,314
121.91367239065274,172926,514
162.61073464618892,141853,457
173.59563361118302,172842,179
178.4450603722268,188236,152
180.39171339902595,125353,283
218.00278823168873,169342,513
218.8912418435915,220435,374
221.55789667023336,199230,140
237.61895157996307,194800,395
241.88996058834903,118233,123
263.54060507567306,175861,140
302.2049074781244,126476,294
308.7187790774903,195638,183
317.9652340825392,154921,443
324.1768205053389,118717,411
344.33278936088203,240021,473
349.94853197733255,221178,294
356.2413175220335,246001,212
379.3204933087412,114663,217
413.8177597240907,182694,305
420.0501763859589,155307,567
477.31260249102803,182490,208
498.6222657828877,203712,552
547.8181790459703,220285,173
553.9726141315806,164651,481
570.4545099737946,168876,482
588.0241028161611,204700,285
592.9759211491694,136262,360
606.5811655319243,112351,540
608.9039586996306,141938,505
631.7227428435241,116653,297
641.3357622424921,222696,370
647.1271491533101,245024,540
704.2225220075063,130029,449
747.4422275365072,169946,493
767.9287572467845,129242,250
779.3390402184746,218940,101
840.8414460559435,169045,597
854.7278479410426,146832,359
903.4794194417273,178235,530
923.8541679820585,152143,178
933.2195140156807,142349,376
994.5854648076239,239029,570
994.596906002082,184975,350
994.9902842714785,195153,549
1079.4175481456782,180612,222
1080.6109594751197,248729,584
1082.2515892011002,227399,517
1083.6860751369795,239645,492
1086.3740936686393,224592,584
1102.335520319402,169483,370
1143.5177980049484,210923,593
1148.277820753827,241373,486
1174.4593818118353,152730,465
1181.9304649869075,197889,324
1227.9051323239817,218354,161
1233.6030013073112,116784,273
1234.0281739465895,245207,217
1251.784188735919,101885,136
1276.3933271641156,115433,217
1277.7889120927389,108234,540
1285.8112582353092,234782,221
1292.3390860170705,227248,209
1307.8363821800908,249695,395
1320.6349959140716,223987,513
1331.0882359258226,124726,149
1352.6046802267147,192876,316
1363.1947353058401,114200,444
1384.389615458024,125799,131
1394.6936954255875,188946,509
1434.2563250213025,165183,198
1438.4759045460205,217601,171
1449.4354376640279,173018,336
1455.1839183891368,119761,326
1488.1914338220174,244264,150
1489.2296894313404,241711,528
1489.5270461723933,124448,574
1517.5402273164273,161965,185
1527.9716927153052,226185,209
1567.9695761977223,115370,184
1577.4971944239996,202346,235
1629.7115104593565,219277,246
1640.710030190249,245691,438
1666.055971026964,140579,197
1673.095628278024,115331,396
1699.711851001265,115979,482
1707.2378857627293,113144,399
1720.193276395894,239231,180
1721.3645025034998,233124,141
1759.4867141384632,117962,404
1760.894323600305,161657,306
1763.4484142407587,249336,226
1780.7470182672912,110418,417
1782.4578145017324,248170,367
1790.0645788635027,168358,204
1812.2212306557137,182361,222
1818.395654674578,134308,443
1839.1366378390665,219858,261
1892.0433104053423,119016,104
1904.3036346222761,247585,151
1905.8252947324734,155877,359
1911.988444534097,191490,551
1913.4138820213725,164037,289
1920.1229840570045,214867,526
1935.7939629240473,179303,413
2018.3147673131382,238658,104
2040.3589344715242,245385,253
2094.052261246293,127154,580
2136.1477706993796,169328,159
2180.241101967381,245024,179
2186.599755144044,155215,467
2194.997536478754,169201,358
2208.4069358301786,113316,147
2228.524924353797,172530,122
2228.59596415263,134293,426
2306.635391834687,142357,479
2318.297423403267,212115,387
2318.4917584980394,119724,583
2361.4215805447297,139073,379
2362.1554440178775,196787,398
2378.23814051691,212666,165
2379.092717957884,195591,560
2433.1802602172265,110458,560
2442.0376576853055,165412,441
2444.2070450295587,246770,552
2485.749964366714,140515,573
2538.9011984489557,142598,599
2571.078662877687,146413,551
2581.70924596479,147018,477
2633.3783332035377,207928,510
2655.5459579578414,165055,236
2659.013935837559,128336,295
2700.1545129605156,223388,213
2704.606707587588,220665,279
2711.889069595569,159662,214
2712.3680482906943,150627,304
2720.325784746373,118198,595
2750.010689330615,192050,428
2764.253443646003,240565,269
2820.268974391308,130236,549
2890.669005601468,146810,397
2956.355602640034,169590,119
2958.650413327584,213918,276
2984.729595780333,182228,323
3003.368287675574,234066,159
3013.0973044650536,149828,230
3014.005339898244,214309,100
3028.6814048654546,241151,451
3054.1000454202103,151651,286
3065.387998464009,186559,419
3072.9230923125842,132669,468
3118.9841633860947,232939,258
3140.9699880143903,185506,306
3164.864198929696,245335,165
3169.1241056362246,199390,446
3196.701311695572,145620,415
3213.539140286137,206450,380
3249.4214053467235,179658,246
3254.1404774857156,184475,338
3265.8007356405583,156020,361
3278.6188973767457,144483,437
3280.391053007514,235122,439
3300.4356987667197,187867,147
3334.5572593900583,161569,444
3341.990695100392,152200,175
3342.485267813576,164184,343
3361.382877502122,119091,333
3372.0866445266997,150970,467
3395.9245156212855,229598,304
3401.51838203021,101453,557
3429.321576600413,127941,498
3440.394367017355,146107,511
3503.779916421732,235779,337
3504.8103804199163,165325,569
3542.5321808508174,219658,168
3574.863103343476,239233,386
3592.9628167780425,216017,413
3626.711509363809,232324,318
3662.2177196918415,243621,328
3707.718694777726,224433,330
3713.7189585188403,164812,530
3734.0224834530954,236655,348
3753.732536552714,171984,325
3755.3455337254977,174901,220
3761.6867931437378,183809,557
3777.2239883993975,136273,177
3782.484076258451,140056,461
3787.2988469696243,208755,308
3795.3347258026397,222139,312
3796.620498675614,210138,299
3843.6640907383107,105120,538
3886.179107476645,199714,344
3886.297378158881,192211,252
3914.3032257199357,209843,375
3941.8313474709526,243165,509
3960.3204563703257,157812,349
3965.2748591702125,214251,348
3965.8639466150057,188114,442
3988.5990718750295,205989,470
3992.206614392426,222523,570
3994.9373965556715,240017,113
4042.425219751832,247951,439
4042.9747413587083,212358,169
4083.300524313435,147639,125
4089.3268513159,185813,208
4101.455210100507,188473,489
4143.800568318874,172943,485
4204.202756180055,210510,229
4240.228157003191,223288,109
4267.876137047643,113653,587
4276.490575213487,117987,499
4339.554960094757,110553,486
4340.185392618114,164823,202
4376.740859231057,139946,222
4379.439414570212,129986,388
4438.476410443415,221905,458
4444.39724738237,196703,185
4463.019888439529,130024,498
4497.238360041187,181536,155
4514.52583747426,181777,394
4537.149411987856,198384,303
4593.913933227105,151990,138
4611.848493014157,163661,152
4635.741685981333,179058,535
4658.798348896683,131733,507
4741.308059677657,110766,277
4756.525672813612,197142,135
4770.628480650027,189451,106
4808.514377171462,228503,154
4819.8807673309475,194945,425
4864.314701847101,220517,462
4867.635584540552,146173,475
4882.387881914041,170800,415
4915.413842785713,241078,496
4928.627345939341,214183,522
4954.890173040888,170358,265
4993.062308499861,122718,242
5035.741307892345,163927,484
5048.240183057653,199349,272
5048.822580983214,185200,193
5062.193621018661,193015,508
5068.171242882464,173310,550
5086.305726035655,172422,384
5086.509785802685,150084,143
5092.034240127201,206542,350
5108.2357812536,162999,453
5121.164607309329,228665,329
5152.658851904406,124393,250
5157.6690543815375,163780,256
5179.479557236619,196736,342
5195.604663424905,190113,317
5309.47020419087,244281,269
5318.14164878511,218946,238
5325.46527685895,160434,161
5351.016539368965,182719,161
5378.180869643835,148535,198
5383.05760946606,226929,241
5408.847134104232,237530,405
5415.500686701063,126352,526
5419.817035213898,159633,284
5423.772437738761,103708,462
5439.049629299068,171909,123
5512.270970762516,245059,249
5536.178989912567,133103,426
5576.748057773425,228680,152
5617.975334031812,174537,340
5631.004470905459,189314,194
5698.339023754382,166185,581
5737.908945823713,129907,520
5739.260468372727,228908,137
5756.469130702409,114053,177
5759.700637833139,247545,585
5766.94402409334,165061,160
5783.27623703832,209097,410
5801.409325520485,159162,497
5816.196186253127,218099,565
5827.889971733298,212415,256
5844.70572895887,115789,412
5909.137708261046,126013,585
5937.909438027045,155318,235
5959.510831665043,141171,222
5963.329527715356,119677,180
5963.383113890297,218096,452
5981.401857706799,176351,116
5986.667533547324,174112,459
6025.9336881985355,118659,451
6031.250111813162,169351,503
6062.582254075756,151857,317
6065.020552082422,158932,431
6068.247165998737,169633,523
6071.3156981663615,115633,184
6102.780572719187,249214,571
6109.59127878593,132598,339
6132.929828874448,205515,582
6139.285678181974,241552,352
6150.802167236654,110449,555
6162.115853768777,184494,409
6167.879308355848,123940,217
6233.235957064868,105438,491
6255.5479676256655,170650,395
6256.369234622393,145925,340
6271.005491363191,215927,569
6277.524431822096,214264,425
6311.190959407778,123918,340
6319.743979192373,187374,264
6341.925324806183,142159,268
6352.533823293657,229884,247
6374.262569620029,204976,516
6402.84658782781,109619,332
6404.690204894036,166164,265
6407.154395576292,205952,542
6421.609880874904,100301,436
6462.317223307244,221104,311
6463.431792672743,235905,285
6482.922580724691,230676,420
6494.591975057617,113529,204
6500.80570112696,134344,574
6507.600067174567,227064,162
6508.185954433039,162730,463
6511.634444258766,244399,107
6527.704911958998,124434,215
6624.9245934086,129743,336
6683.6967955073305,140362,355
6737.654751716889,176509,360
6762.098276771659,208918,527
6775.273175499063,223789,224
6787.47823150156,137917,296
6791.707728696621,233232,482
6834.001022667377,118300,241
6863.628525687675,208774,274
6918.065949238447,233100,236
6952.423063751962,174144,471
6959.515343699845,228356,543
6962.7327005864045,241185,347
6971.19888629062,244681,490
6986.879154049864,219365,577
6994.644747109024,149454,457
7000.102075649866,200393,219
7038.862717539662,207682,122
7046.5224015176245,223987,461
7095.458479163602,199937,297
7184.617638637525,139873,353
7251.565712825471,133094,357
7318.81693625191,187030,545
7320.93225047701,215423,151
7335.8611458814485,219780,107
7361.495784743681,207473,545
7382.767329269659,140464,138
7395.445681345826,169474,273
7414.969649213918,204197,432
7416.644137362879,186131,536
7439.083239567578,239885,294
7500.726301938131,227912,546
7516.301101049764,117936,220
7536.249002854044,175334,216
7563.717858148944,213763,600
7565.7905011602925,126347,327
7569.429688489649,178503,562
7570.017178211815,185032,507
7571.172286647255,193969,291
7582.438777359108,164014,371
7593.061104227475,147200,187
7596.910223485958,200281,417
7619.895786240311,230460,567
7637.3967050465135,160866,336
7657.713658078252,220473,230
7679.696349614977,221963,561
7686.479553173953,243287,180
7688.014191567792,190587,400
7695.123540721918,211230,453
7700.8798016600285,179199,201
7848.3891284292695,226670,154
7853.804466034882,249926,283
7870.90893984914,177392,111
7947.1927913651125,203758,240
7947.35541001275,112856,566
7966.0041422243,230214,526
8012.9046624390985,175024,497
8044.979756241445,192358,212
8065.2257626559285,165700,447
8093.402888108084,135855,421
8095.447173731176,110334,258
8126.528229731418,108746,396
8135.6064651974175,134448,146
8183.6828395438215,185647,482
8194.422915353878,152637,167
8225.30648441269,195907,371
8239.24134767051,171441,525
8242.836909641917,226313,595
8275.68527573556,188792,511
8278.132463979413,119739,172
8306.193259143427,159143,540
8328.753487404208,204179,595
8366.136384242327,246096,287
8368.02925554566,203435,107
8374.172224002754,132398,332
8383.368083792542,168724,399
8392.961907821487,197379,155
8415.430454152089,223594,112
8434.758299782603,247169,267
8484.120684879312,158030,431
8485.426758032994,221704,565
8509.578154380946,207032,159
8512.589427092178,109754,255
8622.658776374808,130440,149
8628.011138050786,240914,169
8637.852714717317,197258,443
8697.521188797045,241608,314
8715.22383093693,140507,553
8725.94275218157,125957,526
8739.384053263819,206985,580
8799.916761300756,108576,453
8809.174301659712,216230,327
8869.31225712821,195075,150
8948.502641510733,196294,378
8994.896495946627,194024,131
9005.051092452086,149757,595
9007.656904737989,219201,146
9029.39663167355,105598,125
9060.306615951753,163850,164
9091.233821982662,153793,135
9126.651539379576,245282,206
9144.307840503434,161079,268
9174.084890228976,100743,241
9213.18073751008,137929,166
9228.720683184287,145743,156
9250.359187648684,106758,167
9250.658624610622,162372,401
9258.483108331675,145677,235
9259.559543736661,210352,369
9261.972395545134,116661,343
9273.866514217365,194906,362
9291.878111046464,218490,357
9296.887115105274,111367,472
9327.465205852766,236695,254
9339.716560546265,108165,131
9470.953897817597,205281,318
9494.127354583628,228521,464
9542.219894591364,119265,560
9543.904718448413,138884,133
9546.60260116728,243748,464
9554.46894830123,239082,250
9566.561252817028,212774,150
9598.07126904466,129992,536
9619.33885305861,244529,469
9659.461532043559,212740,331
9703.26292073215,208478,273
9738.40071853148,204524,312
9764.55870237004,181932,318
9772.053257076568,166817,291
9833.45914856741,224326,134
9835.372298713773,122377,147
9846.68062845322,197687,515
9849.468524081158,115723,400
9912.225791453864,247241,268
9934.399847883624,207691,281
9975.767090355803,210870,544
10025.268673353996,113486,595
10032.051813516062,181906,280
10034.239196883782,233015,208
10037.601184565488,226403,214
10075.183491887039,191780,532
10091.434068177614,130116,490
10097.964417134619,159286,513
10109.17567624262,247053,598
10138.347174451948,245945,113
10157.127868759562,170109,114
10161.107038206113,180998,571
10169.412034360043,101600,192
10210.195340004957,248457,436
10220.438014383932,137191,479
10240.495259186637,108036,146
10267.912481520476,156395,292
10278.80124978614,189363,180
10288.043644524556,185035,497
10344.786590111229,122270,552
10345.867454211386,141264,486
10365.105677262354,121386,239
10376.813534983808,211152,348
10395.496316763318,208575,239
10400.352249175325,234308,158
10408.819928768775,129069,245
10431.497541741217,227567,369
10453.49776059197,111905,212
10463.557006215658,114360,103
10468.13076217018,155373,492
10471.083016273602,166982,248
10479.036596920112,102026,354
10506.52502923303,146057,166
10516.09243816891,160322,356
10532.45411355375,192842,136
10542.57323600973,111089,323
10542.95162370547,120411,541
10550.461808603779,212534,393
10560.826296634144,209495,248
10563.273567723752,105467,594
10571.127551908,220611,525
10594.526068708743,194857,145
10606.005345609015,127751,224
10617.447898770977,204975,368
10619.086141412285,181336,481
10627.381706671105,187311,498
10631.063353786021,233820,424
10633.484721713361,233680,199
10680.757498311466,191586,279
10706.750960598643,138716,220
10708.920591056913,167100,201
10712.731674635985,140073,489
10741.203491192246,119753,190
10801.641788742481,229529,337
10829.726542442484,217677,448
10881.307616781702,247978,429
10901.48112822323,184727,542
10972.271749416712,182873,177
10983.859650270211,222924,326
11003.819707583543,172004,402
11004.975936787445,232995,137
11012.409035667191,218466,119
11013.58048382838,175255,139
11034.27445199358,123670,414
11052.306426719924,200789,336
11069.672130295754,110753,330
11117.62102822662,249856,433
11121.79202602732,224683,356
11125.062675514671,116219,330
11127.24785711344,190030,465
11129.009822979724,145235,120
11134.703387379757,214755,324
11149.55301646751,141614,286
11158.884470327639,174158,298
11169.395453265595,188700,447
11187.615839390428,187726,133
11195.616161661572,246266,447
11205.389755131255,166059,470
11243.54208744116,139419,270
11245.242398203693,137074,569
11253.852543055904,202749,166
11271.931943355154,122208,258
11288.30261750186,186108,516
11291.037204981416,237990,147
11311.807774648874,210993,360
11320.790726458223,195052,258
11324.766159014098,156149,274
11383.76920606606,227473,198
11388.906911308963,136061,179
11390.513009643095,126513,359
11419.982736690443,238027,119
11441.672737660881,134353,405
11451.127921974987,142532,192
11486.725930111796,143395,469
11498.239379476432,207704,286
11520.802029900753,162267,596
11532.5489187077,174692,485
11560.158068730894,217683,219
11575.429940161572,181125,594
11608.50023068325,222949,562
11644.550176082692,196427,447
11703.348624658522,215499,336
11732.693381984198,200105,357
11747.686030621882,142482,518
11752.141346361523,136280,546
11757.895073453115,225983,547
11767.174299284281,126893,464
11804.57636767178,132683,245
11806.328419623504,142024,239
11818.260419324237,234572,175
11853.823080202681,124042,584
11902.094520285536,218260,552
11910.697415853945,106991,312
11911.791965589286,231598,291
11917.169906644489,121392,291
11922.25585217401,183541,576
11924.342697845164,187894,505
11927.500334308877,110040,246
11977.374319329185,223851,456
12012.944530144536,222974,329
12032.052868506946,120768,109
12037.965108559976,139195,380
12094.308781513502,238352,316
12096.666146656551,175524,221
12103.832563884804,112517,222
12114.721092565542,219829,132
12117.071056734037,231027,405
12132.430789692926,235102,394
12137.970595289155,137637,249
12149.186285960823,192488,223
12166.096581728643,149103,440
12188.161938080726,237228,599
12197.106556466731,237903,378
12211.264776964623,233070,383
12211.675654852237,223243,122
12231.86960287311,197858,229
12259.381961351048,193610,503
12260.780961318967,163209,475
12282.187546346098,127174,495
12299.628398047336,187167,168
12300.535369366904,243134,273
12334.122800917343,145898,525
12364.327561018677,221798,456
12377.349676605172,147783,515
12380.246783809342,219977,118
12387.193799685036,111483,505
12391.643420944078,110985,261
12445.815722141295,235104,303
12536.237270965483,242352,342
12542.079475282017,150096,246
12550.910883159298,112531,543
12572.237543521227,171622,163
12604.360650791004,214544,555
12614.577889100978,215274,558
12677.267993402897,188876,598
12681.403980804716,230422,288
12733.026288657818,236125,236
12765.330186439385,211280,140
12776.59387973565,147305,379
12783.550064634388,126895,140
12791.497619776019,177500,256
12803.306390808557,211703,185
12826.714882543018,192155,328
12827.580448611297,192421,414
12953.43830486477,171973,427
13031.706062788408,115036,138
13053.951195134116,206485,286
13068.34455119101,141939,587
13068.97726709825,214864,117
13071.676029571581,161864,498
13092.397957563122,194935,296
13152.100575658511,108489,409
13155.432016265193,217944,585
13164.703368206898,216376,490
13166.303406668329,136095,371
13175.447522466462,182414,432
13181.981241500815,129739,113
13208.59274831568,230821,365
13218.380143436603,247239,160
13224.450321314756,168233,460
13236.271995244204,174862,455
13285.925117217836,228765,202
13288.541816059125,119412,331
13292.332519040792,216683,144
13325.601239255966,183778,441
13334.137832366301,117023,381
13349.763038686851,178631,535
13353.19079563529,145636,506
13362.163222855756,158783,162
13446.334838845733,136405,221
13477.583355008002,106890,284
13493.733042882437,196707,339
13526.291367304422,244610,166
13545.22370454811,122600,133
13552.624429823194,225479,369
13563.204056085995,207330,521
13580.31269688103,132853,597
13587.938715548056,119441,330
13600.479658118778,235622,276
13603.226651251462,244520,427
13620.950903725921,133825,321
13634.928728104038,114526,525
13637.580190756691,140112,255
13641.178449870133,184583,578
13665.889930120995,190707,585
13722.461789486728,174461,533
13724.104652331265,151459,425
13786.736437774256,171945,164
13806.354215480642,239848,147
13820.320350636606,144206,403
13877.131531668434,140421,187
13898.633326585552,188504,531
13950.155280566474,110798,522
13990.025136585844,121292,123
14049.366810010875,169377,433
14054.101732468078,249982,313
14073.354103452324,107939,354
14117.318043112524,243019,248
14137.857310266038,179192,347
14143.47482696717,206454,252
14155.560861572423,115705,180
14167.143147149298,226943,337
14171.706847250647,137661,260
14211.242391463795,183706,475
14299.738351134638,190536,599
14309.912129536651,197134,363
14326.406937024978,183654,223
14338.971832801628,170116,330
14344.670054638982,125378,125
14351.52583368069,200702,542
14370.635689681241,165082,592
14410.73090746481,141864,516
14418.664062230944,181976,197
14447.468210239298,230617,363
14460.045951117803,180882,354
14460.514932952898,203086,358
14472.736349046821,163105,210
14490.246241175904,112755,125
14496.854034113056,223361,246
14512.241244508234,128179,320
14515.117149524844,169329,472
14524.224262727415,205710,287
14525.150218466622,113410,391
14541.65258526527,195033,383
14548.463041364525,201279,358
14560.432672101755,244141,243
14595.327669082759,131145,165
14669.171620473291,203259,291
14700.856502483173,188889,385
14756.777274591303,137818,201
14775.226617483439,205221,356
14776.048368623962,110201,170
14801.055116119254,224189,365
14813.267613915445,235136,171
14821.216536271064,183500,183
14831.199569804316,178442,403
14839.400284117653,233618,372
14852.861162442385,247567,253
14865.744211759986,104361,288
14873.790800157776,128732,313
14891.317885552959,106985,405
14904.189421078101,159649,469
14905.243837125958,225946,187
14920.100349879089,199664,175
14954.581763439093,163490,116
14971.5810710725,128808,197
14971.963450590416,182232,314
14975.24753422681,153448,310
14989.18339076847,223628,546
15026.9105521336,116326,461
15029.882466214865,154353,387
15037.74478571761,225402,369
15047.20333654984,145398,335
15095.839944157424,189738,379
15104.587946732985,169300,412
15117.827898907368,164623,242
15134.160728080848,158947,582
15206.333003881362,178017,494
15213.154777247937,154336,453
15237.569579766805,183110,345
15246.148446540674,171685,247
15248.747752702231,242394,294
15293.969028179119,203424,519
15302.435541687639,138397,248
15303.29507979012,120717,277
15354.838053432532,167225,482
15367.881201134745,152970,523
15383.350042896118,247329,456
15389.688730948183,128633,415
15416.698858276704,162726,224
15417.740844974616,239209,215
15438.060004309536,113760,151
15448.724884137779,223837,151
15471.588208061543,136036,102
15538.363235592024,141403,308
15559.525667720132,224701,344
15580.552916316148,175299,264
15587.273992356148,115509,564
15616.556947803812,160875,373
15643.397638368913,109777,567
15694.283354181925,209546,551
15730.63781332116,109526,528
15740.754395009466,229861,195
15795.922982155482,175882,548
15796.686703586276,178221,390
15815.152152812083,187829,245
15827.267669711762,242422,368
15840.888580558627,135179,535
15854.920744987765,171522,198
15888.01090230681,186686,183
15914.280647226884,167440,467
15918.40143721802,188371,504
15925.393274913777,150636,189
15944.27445440891,206296,523
15955.436406988321,185964,144
15965.68071365522,125004,194
16045.68162145663,225161,265
16100.604573109638,101790,233
16110.28092570563,217109,485
16116.492962458624,186409,254
16133.960497075788,102997,233
16155.1685330422,161945,131
16177.208058741406,222000,257
16180.68838536401,231732,572
16225.786843290494,181521,453
16228.28486374252,177342,288
16247.355654855595,157443,590
16250.223105901909,140156,332
16277.76859612495,197943,312
16301.977854306679,223424,487
16317.400793635117,157255,490
16323.086960481041,121461,369
16334.925793368648,194839,139
16384.763139376202,129414,131
16420.058564831732,232510,203
16437.06402192164,139282,184
16445.01746212058,236404,326
16447.488857550994,153844,467
16464.989322847992,123839,560
16479.271647049307,114584,332
16482.10163588426,208901,333
16498.699822933777,246485,336
16521.041522935982,180784,470
16521.481741553096,166704,518
16521.54214209882,157121,396
16523.058813398122,211069,276
16547.16394449756,241862,130
16601.703345319747,118092,578
16614.479222408856,175259,309
16618.447785745244,135501,492
16638.96571288248,210195,291
16737.797037419186,200264,329
16778.54312149497,198958,292
16780.216189034643,241374,168
16801.415606501232,191165,160
16805.34743132104,240839,301
16820.398689918806,158376,527
16820.46827673555,105959,600
16827.555058467784,242723,317
16842.737961086576,160205,226
16855.084855758036,140664,241
16859.261791811085,129581,116
16892.421563188454,209901,414
16921.4748168561,104101,223
16926.09030928248,126449,404
16926.773367342634,112760,225
16953.756505092242,205451,324
16959.096827685604,156955,486
16998.959204646108,114796,171
17012.978592492636,175828,219
17046.81176344341,183598,395
17065.033731862903,184060,221
17072.21770681667,137554,438
17086.949285628863,208412,253
17093.385204645205,245940,585
17111.298655852574,145910,420
17134.009376383437,245712,353
17134.969751654946,190286,582
17155.587856181704,199917,502
17170.454070444564,209137,309
17173.686048274172,198686,194
17201.768380821326,224130,223
17239.62309731021,178836,539
17264.21416135618,221379,568
17265.40117863139,208180,595
17276.17566481535,238934,168
17286.009823840777,166845,204
17294.027227269846,120727,572
17305.9762169988,197275,147
17321.3179280603,149933,126
17327.570039028782,110367,547
17329.081420728762,246499,211
17342.136663887206,187284,255
17405.076960208098,104019,208
17460.420154154843,130753,482
17615.548229340307,225546,568
17621.105324570366,153611,303
17670.43718237496,244724,264
17700.31601055866,199788,338
17715.572393099254,194177,257
17721.636745697204,234431,551
17735.391076485666,125849,511
17814.99546127901,223074,489
17851.61351644573,153248,289
17859.119666116752,111984,388
17899.034154561676,138252,108
17905.077189257583,209465,251
17908.38438754627,186472,217
17917.939935676128,164416,355
17933.938667008228,188490,231
17962.76302548786,228089,594
17988.478106508606,228606,335
17992.162180549814,192320,186
17995.177673916147,243273,350
17999.245663334248,242117,428
18062.28725444307,237348,117
18098.822783054522,119485,583
18132.897305541057,112717,491
18133.025391304775,136042,531
18152.948399693752,117817,462
18156.223019944868,157336,358
18168.39949569979,115846,416
18188.706727730954,226669,437
18202.089653493644,101733,372
18218.132988292473,103106,108
18233.208674332334,172021,374
18309.075125020565,104493,357
18342.62488040675,212872,512
18398.797295477605,146993,154
18448.829932944216,237464,176
18454.344181709897,238007,229
18488.115361602533,170077,507
18498.22868813628,197793,591
18508.64713024134,248111,224
18601.22211348082,159207,253
18624.2650094857,121133,434
18720.034146332888,108305,147
18730.42738054812,198872,382
18743.35284710381,102477,459
18747.112805648005,231034,532
18758.492837408525,186840,389
18834.22640847775,124998,558
18849.248680637673,111154,217
18853.999034354234,248579,343
18860.32327321979,119489,450
18912.28517706785,242352,388
18933.750457258833,147016,575
18971.749951721595,104104,592
18976.392581044453,137798,485
19010.765446298403,204410,575
19012.366612768874,142585,388
19017.86777971065,202015,446
19063.236432787042,186960,296
19091.416171979206,136687,504
19180.686039479668,120559,356
19208.05171497695,190664,127
19210.107564347658,160855,529
19211.688823445675,203993,596
19241.393879821317,107766,424
19247.779454535434,218109,351
19252.95845466535,244975,581
19262.372195791653,148690,448
19280.003950012735,199633,143
19309.586832980065,177431,508
19315.246025298053,119269,142
19321.48475642986,199614,464
19352.124137349034,140442,478
19361.997673374906,194555,154
19363.917330926517,180810,327
19372.84049493734,170717,152
19375.683451768113,149123,320
19387.598187814147,245421,362
19398.08465315325,106884,145
19406.82111519071,124396,405
19425.04935811142,185047,542
19434.779756982996,176506,311
19444.593667637724,122203,471
19490.87387892537,163633,392
19505.599337574367,199806,186
19508.58883817145,178939,237
19522.17861351607,116585,185
19533.585748259407,210389,253
19546.82768619595,120164,284
19552.626705425686,164642,469
19572.245087247633,151261,334
19574.50784235215,179864,103
19633.957324389332,187088,530
19653.319122624634,186387,325
19661.470555843713,135684,253
19669.20337842774,152652,345
19676.746275641897,204396,595
19684.43417852695,228714,595
19701.588921549443,163550,266
19711.022792350635,203005,286
19713.44102688009,247810,202
19731.381921199158,243033,192
19754.27793389642,244205,113
19815.432049872732,221011,582
19840.077235718367,214938,508
19846.964575911825,118129,519
19884.61418657997,207254,444
19898.449278205062,179385,223
19904.27455940555,140407,466
19915.2772553329,198825,137
19927.20008668497,225628,398
19937.443453759108,232805,572
19988.05631387922,209655,378
19988.805474643388,194248,459
20033.97712881826,240746,404
20054.30931767298,122277,155
20083.612090902792,193063,185
20104.437826730933,111612,388
20186.657315376953,204757,595
20214.598984690412,212841,154
20214.811060586944,167826,213
20229.105679062402,235999,385
20246.480386396746,157942,328
20255.852304976925,221389,495
20278.6132278906,231194,177
20287.07463298384,106438,347
20289.28319652021,209045,571
20354.54386074109,130426,525
20411.0387407193,137139,278
20418.514882116884,219362,501
20423.15017742034,226596,278
20436.081653757105,214862,469
20459.946483289667,183600,134
20467.087528825832,130168,111
20504.920894017072,128668,446
20537.114665469064,163940,364
20540.948852750586,141978,269
20557.361599174277,221124,218
20589.327186034367,148352,195
20609.786832954273,213281,302
20610.37936989686,151727,330
20628.319093211812,201930,102
20652.7167753502,153945,242
20680.62957287355,116400,395
20682.77575554934,240742,195
20691.883354065103,151661,334
20694.303104195835,228315,370
20761.881883141912,182157,405
20771.723244869136,202903,400
20774.14925079865,192270,532
20786.393892589484,145227,516
20808.785843262765,177973,570
20827.849321663216,122217,444
20830.72552286435,130896,222
20838.013329848083,147984,291
20861.65993991464,233909,298
20872.493854936263,136141,394
20882.174606670455,148694,349
20902.359271320565,145412,384
20906.01047559783,175716,171
20910.15338422488,218227,417
20911.255421562604,194119,587
20911.448014687277,135791,199
20945.219362336167,247215,358
20966.391993505702,207252,450
20979.92668091944,216353,350
20983.587200714686,248215,115
21015.368232335255,157810,249
21016.033062626728,158941,375
21022.84544778347,219884,389
21049.981576636896,229843,381
21064.281498631328,129938,237
21094.124645612486,196170,377
21128.712841827637,110907,489
21154.099447744782,243223,211
21245.7592630562,126847,476
21281.206721218947,164888,252
21322.765150574804,108449,330
21328.863484685153,122802,324
21368.9561737061,130772,497
21402.370625710286,155018,515
21429.129319655043,191915,540
21453.938871691666,212241,184
21473.089002759,154164,516
21477.72619933647,115560,391
21486.366965071367,173684,405
21501.84407092475,184843,460
21508.768231991726,170082,587
21547.80916908772,124962,169
21613.623048651407,207897,570
21614.84536859059,172698,543
21636.18161153527,134784,227
21639.343795303073,184435,524
21645.0323358875,202944,350
21648.09936064858,170442,421
21658.795754143364,218486,138
21678.877862591147,124404,306
21693.375304183086,172935,455
21748.458060529912,196749,332
21808.474596649565,185796,397
21808.524119614933,124416,474
21880.142775518445,193905,535
21881.451275099567,240096,303
21886.364936853086,212628,522
21891.1263111027,170395,265
21926.371522581092,188540,380
21943.623377115935,248410,536
21956.908271474946,190109,557
21979.857091890444,112690,123
21981.954854255906,220476,108
21984.608053800945,141414,325
21996.803232637496,212145,203
22105.758469489738,134580,551
22126.754751942673,141674,547
22180.734250882,171832,147
22201.994596252687,165638,142
22211.293923569116,143391,126
22221.388858552582,180087,471
22245.43110737173,161379,319
22266.743473592236,124951,100
22271.54472042174,120431,167
22289.556980704907,236169,448
22301.335134128836,102113,456
22309.754044911213,131612,540
22320.728538828847,134648,344
22322.197773642216,200419,145
22348.441066928724,126850,152
22355.95972152219,178447,170
22365.608406524036,134903,428
22464.67505086987,137448,135
22479.797143048203,102221,412
22500.79474060912,215369,279
22526.42852912417,139681,570
22537.03923064046,215968,540
22541.93793303155,126336,171
22569.860435255086,200671,279
22635.932074594144,182445,505
22638.94458368121,172605,430
22640.70479318506,245069,407
22659.031001187705,174690,498
22715.730241963327,107031,534
22753.285744265435,179075,205
22767.87156063717,233568,196
22795.42567886892,177474,430
22796.547969056614,162741,353
22806.299449214173,163198,355
22826.626219686983,118615,370
22870.541148149518,103163,284
22924.880263415133,134598,298
22964.319146197864,248997,315
22973.41474697645,145290,490
22986.15063689386,119134,108
23003.85440112196,103615,234
23008.714769678554,115851,585
23039.86021955205,232804,246
23059.668154189756,231346,492
23070.405797319036,205454,142
23090.868693917142,240943,415
23094.182241425948,121914,258
23095.82861451561,153267,598
23128.840072068542,240611,267
23138.749996600676,117331,258
23162.741372366174,162557,129
23168.348346348375,213897,159
23180.42807619917,114425,258
23202.3651276882,146044,161
23202.6200448076,135969,459
23202.848355065038,230131,587
23211.362888786134,235586,500
23245.939356593364,167960,185
23255.239501024,170454,475
23298.743535192618,107695,271
23331.656015937217,171298,368
23332.976076899187,120203,354
23345.1227257993,194404,128
23358.970075721616,248605,185
23368.13751541053,166877,495
23370.309383794953,130234,216
23397.310944038032,100673,122
23436.44678820454,103221,225
23437.388233144913,195414,296
23487.959522689594,146913,576
23552.508847729972,109270,383
23585.01160668626,209935,214
23592.77792707859,209119,568
23618.257816992224,171108,522
23619.87956857541,197729,161
23633.824316961654,113807,191
23638.875379574936,235207,123
23700.492212041292,118068,549
23713.00550366272,174005,496
23750.27231080259,185799,144
23766.380334184316,102089,288
23770.859991089095,247798,501
23778.105497518845,163591,337
23787.291476194903,229331,495
23817.203480824654,243277,489
23848.993592693536,139470,103
23902.875808607136,106267,219
23918.473680094477,102515,586
23926.633567219957,198638,534
23953.42809365832,180612,153
23958.021247427172,162434,314
23971.567860971412,115701,597
24087.48101489504,173354,147
24088.378875830917,160679,559
24125.730647792094,208280,458
24170.916934282337,220182,598
24198.475475485993,125054,358
24201.34165856773,203376,138
24219.26631167151,116327,322
24240.986784544828,134264,221
24247.883858481073,182577,574
24280.154466184795,185524,262
24292.211744012053,161239,138
24349.70140408965,135680,499
24379.107677135453,128566,179
24381.34101207958,217851,338
24388.879535618402,131650,374
24397.75183183161,154430,331
24405.12411386684,169470,536
24407.67881676524,141317,513
24430.849556113375,110572,210
24466.998158532406,185929,175
24468.911047129008,165069,595
24477.70419082223,234600,125
24500.31760777415,168201,519
24593.822209750888,108147,587
24604.18566828337,218541,384
24631.758419051,165497,148
24644.157961256948,136645,162
24644.398540900023,158271,166
24648.814792183075,205010,290
24672.00021585928,122030,398
24689.64373960673,119657,111
24806.93280983774,151839,562
24827.701236806082,133761,147
24874.795226110433,186913,162
24875.667918349274,220847,125
24879.346115708624,213549,520
24905.124449174356,230056,115
24914.773405973527,211847,188
24923.510764671493,149060,240
24930.076806260084,138962,117
24949.120687377574,164431,431
24956.11482047101,208001,551
24972.115605181923,115985,144
24978.679464918034,135975,314
24983.128785702247,237839,227
25003.0546505707,242516,506
25003.449114839466,200269,500
25028.440423362048,225746,378
25058.853869563594,190186,567
25075.532013272474,184306,298
25081.83816830174,106832,263
25100.020317806677,107681,558
25133.30763871463,173644,129
25166.381065973983,223649,371
25175.226746383247,161017,598
25178.704882984446,164974,436
25184.22397964428,239903,517
25215.55511279891,114656,491
25328.047415219153,157517,394
25365.529172722036,201822,281
25420.26002807782,145537,190
25425.6582106392,183362,512
25452.454450739573,194052,567
25470.362777990456,192191,585
25487.133237825074,137251,388
25546.40570671974,229034,377
25553.799551980017,228564,119
25555.691423003616,160980,408
25560.630133526472,238005,344
25560.643808127952,152812,512
25563.44030656436,146520,570
25595.872990739375,184826,130
25596.316121734726,137133,496
25598.66749622715,237965,540
25607.746632914317,119013,291
25632.130934486162,203703,400
25634.26109507729,179105,265
25637.19520331226,141288,474
25696.593972380157,227716,432
25704.22748097512,247318,455
25748.30042315552,193539,214
25770.204684774533,145967,293
25777.534089413366,177205,165
25781.447290747506,100471,585
25805.661093595612,202655,535
25908.947772034608,248762,116
25912.96762990663,183418,571
25946.05705993999,157906,427
25962.730559584135,230071,172
25970.775019757057,120396,221
25979.292768119725,183759,185
25999.51506108142,123258,520
26024.201351843625,188014,328
26024.43057280183,154967,227
26048.060197490566,191876,231
26078.99133835041,100335,124
26088.744496545456,210009,596
26092.383051861754,208532,352
26135.085631209247,192073,379
26144.496829138818,225695,503
26184.4062972874,159135,183
26196.40990742177,108758,250
26196.815553434135,168453,587
26199.028041424233,189602,187
26242.800899723603,142180,474
26244.360182899967,124406,273
26262.389729977283,226546,460
26263.019403052363,143253,410
26307.12009162484,141183,127
26309.255272843133,153883,598
26313.4693047717,245257,469
26365.42819608165,241590,235
26387.03959042848,177961,221
26389.05624874081,202996,392
26405.011414217894,228699,178
26406.132344663118,101000,318
26407.966502086194,225915,202
26410.006866399857,154251,187
26430.33962416843,121479,342
26467.46802564119,180832,501
26477.600294075954,228213,558
26499.237760759464,123890,428
26514.948538510173,148465,289
26558.29087129503,196836,195
26570.09457181708,169021,325
26582.606509161385,159308,528
26588.861365366683,116158,177
26616.76686809248,125350,143
26638.82778055411,241937,311
26709.434915811147,159641,383
26710.693365612766,201477,519
26725.480634294003,240381,451
26765.812825867528,224472,393
26808.49565863264,224849,253
26810.14058739317,109103,357
26827.076810616065,235480,509
26844.025420244587,138652,161
26903.644191664866,217713,188
26963.186910126697,143821,597
26967.949266276315,150521,164
26968.821531937057,120543,449
26980.254047936156,138765,527
26998.333765627824,183820,566
27024.306983187966,117566,144
27034.130683674477,204164,382
27042.024950160496,172404,366
27054.280536593946,103241,502
27078.387486341806,236986,500
27089.268029035982,208643,176
27092.476093391495,126267,573
27094.708915564916,126474,502
27101.448963020655,240413,550
27109.876864761056,207712,235
27119.535999081672,227293,392
27138.315017593788,109821,188
27144.758117948477,137710,416
27163.52144654679,205308,119
27173.598206571103,186899,453
27179.023341929693,224575,571
27185.278809588413,197633,110
27193.52455858015,179444,259
27200.10427149353,228875,539
27223.930855919003,125747,597
27264.566757512268,135228,253
27337.729436756686,216158,496
27372.683139962126,170626,473
27383.46670668587,123406,196
27395.124477820867,206737,479
27408.375298290983,235397,544
27417.74052795444,114734,363
27449.095931107637,117201,259
27473.82374358864,205744,169
27504.153301578805,237438,550
27520.97104461935,145544,198
27562.588785317457,152619,528
27563.77587860064,108669,333
27564.81352230705,194470,460
27569.25415001702,196561,521
27581.734725670765,204056,425
27633.032840615986,108011,223
27642.35201341027,216943,190
27706.991426330875,224408,400
27723.02094474314,190242,183
27759.38142481753,167806,483
27794.923201208218,123695,245
27795.479887101308,113015,183
27833.93839940101,156182,538
27838.94229962551,159011,446
27843.574157210674,207349,362
27843.97927990597,102332,342
27892.47782357506,145403,407
27924.753250170288,158659,229
27943.500671700087,180074,464
28011.74044570225,172188,316
28056.908551759236,191412,335
28062.71556326813,222342,254
28085.329771979224,204111,399
28087.48842846938,234090,439
28155.40394325537,198102,387
28176.249080668556,174102,252
28199.315506923173,226284,132
28207.51351513052,172478,427
28215.378428646745,172583,233
28236.727656080897,178326,196
28239.97637112484,162993,560
28241.145372712737,205931,438
28248.84644186787,136681,469
28249.362139103385,230383,251
28255.36874082405,209724,307
28265.198187118596,109258,398
28289.82294045561,249957,517
28294.035266386963,158291,451
28309.333935452378,224711,564
28365.826049946743,193977,359
28372.965116130337,144560,530
28394.40148659272,246341,192
28401.3581708752,223412,165
28428.370453002022,246546,490
28477.121320281945,187984,435
28478.99215126146,193135,214
28506.260115409696,180500,315
28537.2920290905,186852,290
28543.32925113066,177083,337
28581.434161044526,223348,127
28621.69126886575,118668,341
28665.73268596225,231197,161
28706.155799722765,200052,371
28713.24237522733,114172,545
28751.758220633383,136009,202
28760.14959920211,249265,557
28807.571361143135,219949,173
28815.178523726296,147279,498
28816.863804274828,187196,423
28903.174164433734,182159,424
28904.36945302128,218503,240
28909.06826955614,144198,395
28937.987775695303,228339,502
28966.82976719849,123079,166
28985.89299777708,212567,306
28997.101210553006,225147,296
28997.19481199406,239927,202
29023.430358106176,103690,556
29031.20880604958,239207,197
29031.57037729946,101081,420
29058.02574741907,159314,455
29099.934749006385,181813,166
29102.102232791538,231946,401
29109.41121621107,117114,521
29110.347144657455,176238,333
29136.373853276065,237394,272
29147.745251461227,135072,275
29258.88139076709,228497,283
29286.61652670848,143223,585
29334.096910443932,205746,109
29339.283164354536,134394,208
29365.77410543888,232286,186
29368.40276550886,109794,292
29410.24019703411,167053,494
29425.54309259105,112736,404
29530.26961053293,128341,434
29566.442028226855,112644,453
29568.903238058723,216474,294
29571.541778818708,166253,342
29595.74617198269,153869,455
29618.896866003906,102439,254
29629.82148233239,126471,439
29644.513754743988,135956,314
29680.029830024774,127502,361
29705.401210310694,130863,244
29707.822260236546,127856,354
29712.251326390826,152363,498
29718.354509015116,237139,598
29722.85925359524,207415,251
29726.355218522334,243691,354
29774.59353867474,226003,269
29779.938197535437,103342,443
29781.802507508663,128948,527
29798.875999523945,229526,176
29858.570269888867,234140,138
29884.285761162686,126552,563
29890.197145792274,160597,333
29979.795988032067,177600,235
29992.278762219445,126164,516
29996.118972504442,110340,536
30002.984761891847,181974,318
30029.814256285656,124903,535
30058.207474356805,112029,104
30096.418162174676,144698,268
30105.266784487325,214744,589
30124.713798883142,124366,290
30158.457927743126,147938,158
30168.700374168115,219678,239
30204.822615142002,225369,509
30215.777242657547,143720,157
30218.62030488985,115373,582
30255.823192927695,127187,313
30304.256593729326,226530,510
30321.08691267067,214861,192
30339.987053105295,194004,413
30340.571844498496,134250,347
30391.186162106456,129605,554
30401.782398761898,112051,132
30407.848139197285,182375,106
30432.234482885793,237577,492
30459.45667148623,248114,214
30535.6962049834,188683,365
30550.505307218427,124967,321
30572.182535385557,165162,346
30580.667834468906,200893,176
30617.198955185704,246366,556
30705.31161654194,114304,105
30725.934356030903,141137,358
30763.723421653885,229980,545
30767.339568688378,228882,264
30772.851788243333,172917,125
30786.99384369918,244309,429
30796.510659306045,161603,140
30808.800876647732,217466,145
30847.64172081649,217196,261
30850.169020093403,230383,481
30871.359140377255,126907,306
30881.991225542268,246048,381
30881.9946201399,123827,505
30900.53171059813,179848,555
30914.730975843693,154224,435
30936.993784346967,189352,286
30971.888743851065,158436,532
30984.00832619679,246840,492
31003.347272338946,224029,466
31024.757520998563,218628,158
31026.807857195574,158129,101
31035.159333097996,176541,380
31049.921600046084,127871,123
31095.35827963199,229085,171
31129.85959431751,207272,154
31135.7279457313,151359,196
31138.30157051568,202995,210
31150.516184364868,149959,466
31158.76397133129,208650,123
31211.007828534548,132301,495
31255.474871395556,219901,437
31273.27350384249,232172,168
31339.67770199109,101137,371
31366.3300389198,245024,578
31377.67127100175,226597,573
31391.87033931441,146452,454
31409.151630090797,133654,153
31418.952673932192,184369,358
31461.591059120314,209750,411
31511.10846910848,165074,240
31521.254107193592,189878,596
31528.221824833327,134962,170
31538.867763759987,234294,253
31575.907437172846,243604,540
31583.44238964086,245118,423
31588.34359307526,154974,419
31613.40577113583,190516,571
31635.723404920453,146612,357
31651.362600281627,184510,463
31653.815113302284,192337,387
31666.907875497818,249589,582
31688.909577235012,209439,445
31716.465684997624,239959,246
31758.454853580744,210726,513
31758.711908762376,127910,112
31768.30071913448,113910,443
31769.46611851204,169986,484
31800.258031190133,175134,449
31806.026638436033,116261,453
31836.70929595068,153477,485
31852.290897098203,194026,516
31864.34220596206,247294,542
31869.422185030937,247133,299
31874.847744796196,175402,454
31896.690027858825,200029,298
31907.46651488361,181960,594
31923.53131897847,103398,480
31929.320755864497,216146,524
31934.43276064704,196401,486
31952.186113826527,151503,497
31977.999581743385,150724,250
31989.913274387854,119521,195
32055.56836511629,234701,161
32065.038904962094,212330,242
32081.304502378764,134096,182
32098.845232460757,166850,102
32106.87159051632,140581,120
32110.20929792407,184575,405
32111.253181213375,178945,351
32142.45739355811,244221,283
32143.970856157455,183324,369
32148.939109403742,148200,366
32150.351345938885,232419,181
32161.106077335167,240780,306
32163.035096126296,157985,552
32167.834630123638,187001,269
32176.785319749986,157264,586
32204.72479862224,239067,343
32318.588075298383,102307,158
32340.69709577006,216828,223
32387.668934735753,163917,590
32388.48281746517,184131,295
32438.005505510966,129720,297
32443.93567187666,174141,112
32492.39368201641,198293,363
32524.866116340778,216800,349
32525.7629605719,150465,264
32540.18956081482,125154,185
32611.437154257736,241026,373
32611.58430599772,117163,207
32633.777879483565,155882,542
32656.907274752408,127243,205
32672.340445254165,214094,431
32706.278998580958,118905,482
32729.449017838462,106226,335
32754.68587906797,109931,144
32756.20726527474,146659,506
32762.011851579613,118465,394
32796.48855863949,167803,308
32806.310084075856,206023,321
32813.9178548534,202105,444
32816.43605388519,101546,428
32841.91578360607,116577,487
32869.32034839345,111931,458
32907.03092867067,193768,575
32921.007673472996,175978,502
32944.167192104476,122676,244
32973.15394069165,214734,295
32983.20822153484,108079,342
32986.60794395606,157636,169
33014.07581558821,243058,251
33078.520577548,137768,252
33101.140542230525,197813,590
33160.842365473465,245103,547
33177.039120290974,132305,121
33177.13997091682,203306,375
33193.00044613567,122315,256
33197.71623185574,190138,208
33208.35907264587,234362,172
33211.868876105844,157878,415
33247.87459445592,150941,158
33251.87676226653,248712,536
33252.99522757811,243878,336
33273.6896485221,119174,248
33295.9652990095,165716,150
33300.36371382373,227714,587
33308.3986822453,133610,443
33329.71033746762,126226,245
33349.0365488038,150724,262
33362.34179020286,186073,415
33383.88402703016,139949,389
33400.61799998935,182924,590
33411.801076636,101266,260
33417.45298097987,158071,464
33444.38032169789,214327,241
33481.04571305423,135207,447
33507.45380779824,225817,336
33519.242455213294,180077,349
33535.28705089018,146077,430
33553.94702491116,173561,539
33588.97208655661,241195,200
33595.08180302941,120044,472
33596.64968344337,104883,534
33610.8018405742,108177,516
33628.2420785003,206203,493
33646.07581227372,109609,382
33652.11457840615,241473,341
33673.33559932132,138963,287
33683.30360693902,176283,168
33695.80220844476,233801,146
33705.911845576215,231640,105
33727.64622089586,143474,487
33742.08277950119,216974,181
33746.03095996236,248324,437
33787.175976374485,138325,476
33813.51167628144,194056,120
33818.450647320176,227832,218
33819.74912400422,196845,219
33820.62415882916,154204,365
33868.28403623989,194699,298
33880.969312220266,219182,551
33881.92031749107,184953,152
33906.25042116547,236674,424
33941.6480899243,169026,396
33957.36869881037,145573,292
33978.576269662386,195760,400
33999.76428655182,120404,364
34005.56027707805,158431,364
34015.97248393061,190448,349
34047.44014471226,101729,356
34090.187362575154,215316,184
34095.41441801582,234883,429
34102.00699834868,139384,195
34105.43124468416,131019,438
34110.667537642425,186566,468
34113.07338195796,225518,345
34117.8056581189,142269,431
34153.64464743186,105884,224
34154.52670173877,142239,168
34174.38692072294,110273,556
34191.37215042778,114656,185
34197.34727091377,147195,364
34260.86280093499,247745,426
34261.23871235295,174305,584
34263.03170403809,217755,410
34361.638145228244,226266,187
34366.591066622444,207680,407
34369.67069703662,147679,419
34391.22623916812,169342,185
34416.986868108725,189829,572
34429.0701949818,118046,217
34438.57329574966,134658,155
34438.90732217246,237025,540
34486.91993145267,210046,523
34490.15998785093,125244,190
34503.08026744703,110233,549
34533.71760811488,231944,485
34536.21790974222,226416,437
34539.010712076015,241370,523
34539.03473060869,213114,367
34549.95287493358,111387,457
34565.045520438056,160158,580
34597.46563124299,199938,279
34615.25121262781,125615,317
34618.12592057923,225079,492
34623.41859248446,121972,245
34641.659206351746,242535,309
34647.62207105583,101433,463
34674.84596574077,101864,395
34689.63148996563,236252,103
34699.03251878796,153849,452
34731.65465397997,207176,285
34733.90869566169,211692,433
34751.51607903352,168498,537
34766.87801523835,248024,287
34785.80686430158,204190,486
34790.362290690064,244730,501
34806.67141995862,146850,289
34823.04988379517,226814,229
34912.372426051224,190270,496
34936.821585390455,136193,537
34976.698686214186,131217,482
34981.9200422354,142413,151
34986.74767291074,205004,502
34995.01069973323,244330,414
35018.89493891646,113645,182
35028.751499400496,101386,511
35030.66165223972,138096,341
35082.69813614692,214131,145
35084.02265142409,158135,289
35085.69114746274,109897,470
35095.39190132772,205026,414
35116.74436413781,175096,464
35182.96957212279,115063,584
35212.67935745343,145946,427
35226.31829533019,102807,203
35264.33652343745,235830,246
35268.66848618801,233837,364
35292.644857234634,144428,445
35293.37940528478,162719,435
35293.385151547285,141273,144
35408.3846779024,204709,280
35430.53745883694,206286,400
35435.00809094699,104028,477
35459.330478094475,123636,381
35466.02577802719,246568,568
35483.51591795715,191088,593
35517.319647286015,159322,410
35583.287304689045,219212,576
35593.63613623262,101219,233
35597.484417420055,232707,154
35613.84188478334,231902,250
35622.15116018696,130673,511
35636.55276036974,167552,548
35651.992386289334,165573,455
35663.687881454614,198849,388
35676.90651173197,163772,487
35685.206543356806,220284,448
35697.55696697792,107169,346
35700.02900239452,117708,295
35720.11296883182,157771,446
35744.2709857578,182766,311
35806.4919121568,235398,374
35806.687327568936,169035,227
35813.460929332396,204577,444
35841.090101332484,189651,138
35857.26357429798,146788,343
35864.79741861625,157295,557
35881.8502497613,147915,584
35909.27097756703,149851,355
35935.99154029033,161567,476
35941.534469448736,169574,205
35946.74119173518,165456,528
35966.01916085026,140893,498
35968.275577234475,120575,446
36030.64699641255,229149,414
36030.779910613484,241944,590
36031.64355463941,226429,290
36051.030396308495,229064,559
36135.51216781693,172019,351
36139.55135497984,233990,243
36149.69730866096,133618,127
36164.617108212886,210933,344
36220.77046013643,108536,357
36229.30287536991,145822,334
36304.3240970702,235844,335
36311.90984997931,102206,106
36334.33333165793,199464,397
36336.45716723782,194791,413
36376.04431703239,149060,380
36382.14356843461,170623,341
36445.79773353211,189940,287
36449.862436295865,211134,207
36460.72572642727,197598,286
36499.25341901626,173303,330
36503.21973623484,134377,394
36526.387740845836,126180,469
36532.68056145979,161814,384
36544.00094267435,199846,200
36547.15376511903,139203,342
36579.9175471771,146296,315
36593.76441029906,235530,373
36619.26378745339,227564,253
36625.04342000998,248854,124
36635.20673336385,142819,130
36640.06007450159,166660,343
36676.58357867258,125244,330
36703.88153449163,168096,284
36712.81685946681,246143,577
36746.033155409066,190214,110
36756.64559119387,192036,544
36779.408409308984,152155,395
36796.56386798243,241148,189
36874.18708461009,174608,281
36882.050611712126,233809,349
36911.86099922411,217160,555
36913.494042230515,175110,337
36933.471853338706,137971,544
36937.14010922979,188444,315
36957.09410630076,249851,307
36994.890476670975,118702,140
36998.42520804401,159825,260
37006.046851353094,176377,463
37012.27193629624,203666,238
37056.002105494095,195201,482
37073.68437453254,218040,311
37077.346446352225,106055,164
37103.36878351693,165967,581
37130.6106038935,120988,207
37134.2628870464,127003,148
37135.58124768218,224042,380
37136.68781169733,204074,368
37165.65089824189,121823,153
37171.73938757074,140704,143
37193.01390719273,202195,258
37198.22448103836,174494,326
37217.92019226286,134413,369
37254.38739683093,107489,117
37276.17346001678,185249,542
37289.10463891411,241710,578
37295.465112145685,216613,169
37365.2934177351,241371,190
37383.16595425332,219680,423
37410.80495859095,247845,322
37425.62902265938,239928,258
37473.550055499,226262,376
37478.702903659796,123476,326
37486.06248081891,208056,233
37489.447844239425,102767,100
37504.26588395525,135730,276
37511.02469319185,240272,104
37534.30499453566,228956,584
37562.47356100416,178541,104
37591.5110682064,176787,405
37596.76995709268,101892,380
37606.12668073868,207934,551
37622.57150578703,203481,227
37626.13657054769,202163,524
37635.64439077979,168938,140
37646.61630384198,162799,364
37675.54044356782,171267,245
37696.448910745064,239445,514
37702.710878361475,149283,536
37704.12928619301,135815,248
37706.46797199852,219365,416
37718.52559264889,228973,196
37726.25778426627,139885,125
37796.20064316727,105801,195
37867.950655859066,173954,237
37870.62217979639,214928,472
37870.78693835829,123644,177
37871.08362502932,156934,275
37881.98655054082,230651,290
37894.447202751326,108319,269
37896.11968545807,138296,128
37902.31833665256,202871,136
37917.98817664053,147606,198
37963.1976590685,165556,518
37972.80932407321,103307,162
38046.26826736888,165263,297
38075.76862230648,216119,226
38102.527775924784,108784,201
38114.88243504632,124631,366
38136.81519285065,154643,342
38146.67238454809,181817,579
38154.47593147693,111058,481
38209.90241747842,236557,162
38215.74459434388,178332,201
38224.68367384464,113654,542
38246.65760674698,129603,220
38266.70051499443,185069,107
38270.36360161732,172377,399
38272.91230681472,163724,104
38342.281453734,224589,452
38360.41877362195,197359,494
38362.29355976786,141339,355
38364.21060045017,188715,576
38434.11090025444,115742,130
38442.89705789098,140348,459
38458.269707787025,128152,164
38471.6521843825,183031,385
38502.728637257205,191047,512
38547.20336717075,150584,110
38570.57869687364,193891,470
38573.47302075893,110351,348
38597.999159990875,246544,250
38613.64896336071,228474,197
38630.37554240097,242506,278
38638.19734714004,222786,240
38678.6452434151,245364,182
38680.072512354476,140638,330
38687.08275357483,169035,377
38696.23201207145,100188,497
38716.55567338042,199363,475
38720.66013240828,104907,417
38759.53448386524,162596,264
38785.06560919961,241284,519
38794.869436836976,237381,449
38808.63458631345,244563,178
38827.62322616378,184567,309
38848.10653258854,128957,149
38862.919718470344,117479,122
38898.97936563642,134019,191
38940.328483200814,152973,154
38953.6146360262,125887,116
38970.541171130666,201868,436
38984.00451889853,167092,125
38993.12981633492,118579,106
39046.37540437871,154719,435
39059.89748923591,120960,339
39092.18850334728,115912,284
39108.51831128164,209039,520
39117.72947566729,115283,521
39136.92040006522,238679,120
39163.42817405108,179666,139
39221.292944837485,236179,149
39223.42739860318,160559,372
39233.16082882277,150625,369
39254.55412638904,249429,420
39313.49424273443,246387,483
39329.82955926293,127659,492
39350.18630208876,193837,445
39362.462695457674,211955,552
39364.66127854945,147289,381
39374.92976428397,188476,436
39378.37346136954,216132,577
39387.06075784729,182615,381
39482.327648287064,185106,532
39491.6230198066,212876,522
39517.50590745943,163103,388
39533.28261063548,198320,492
39549.263376513394,166607,284
39614.48431757194,217309,591
39624.60408314708,109086,245
39642.71915335633,235688,169
39743.16929169557,179125,103
39750.312334614864,158166,209
39789.03238205756,105688,495
39823.54506748342,172340,570
39839.678694490154,245836,392
39891.731549778226,140557,148
39892.50088476908,193233,179
39895.4803580249,196228,555
39912.933286407046,161078,231
39946.26130897291,124092,392
39956.471097527894,156999,475
39958.077986511584,185116,505
39971.254183680205,227998,522
40017.11165113567,124999,404
40037.670326798485,109796,474
40070.71109531688,200020,140
40101.004735587405,187658,278
40143.37545328476,213850,313
40196.63108759839,131598,545
40226.058553859344,102997,424
40256.10780352134,200266,127
40263.3784398624,110795,263
40278.90596064392,139211,267
40292.86520012375,157880,178
40293.90201246228,202991,597
40305.69997480646,232311,146
40310.722751261506,175964,502
40320.75090034323,134652,272
40322.47393773024,249799,481
40323.485305675495,204645,234
40325.26365652619,231549,322
40354.99259346288,134177,490
40357.89012100514,246616,201
40371.27330903095,249770,200
40387.74606378943,237428,226
40393.295817150545,169797,497
40404.54050200217,123486,157
40426.819948252436,211028,287
40435.38360828527,184079,276
40453.40559981692,106345,494
40460.67725614429,191676,415
40495.15000965027,215922,419
40498.30224063939,111764,573
40532.39611372829,152346,450
40541.75848715646,122495,157
40568.66780367597,163713,585
40588.07231405089,138712,544
40623.8011573803,175414,107
40632.21084525331,129170,256
40644.169824326054,105963,269
40648.859211793875,241034,208
40653.41734314556,237171,484
40659.40320767199,226622,418
40685.58421439178,137053,455
40709.58085763159,104820,292
40727.074475866655,238097,122
40732.97415169306,115757,245
40737.454431718994,171114,127
40749.962737681664,102184,134
40759.80429197449,171122,439
40798.02636397191,194429,542
40800.309712812275,176675,544
40843.290230027356,201324,218
40921.324606618444,233310,600
40946.0606430621,182694,348
40986.37462163518,239345,145
40990.50077774401,231242,594
41002.75005636947,105633,120
41008.43427550447,238783,256
41016.55066796222,203127,481
41019.96655895139,190906,450
41028.64116813781,179253,220
41139.04246223228,231400,241
41172.45733394015,167549,549
41182.25070730627,107724,583
41198.44160165739,173451,215
41201.73221317611,202982,436
41204.68506700736,200193,366
41269.36774654315,159618,313
41274.865980663606,140042,318
41345.35849896678,186320,329
41360.98643094608,154200,434
41363.96981207956,241912,450
41396.169079004976,136204,258
41419.49825824596,237312,565
41422.40461254714,138050,435
41476.47480696803,141431,262
41477.87926612318,239712,585
41503.29865564201,148269,262
41539.89068753521,138147,472
41540.489221868986,183542,550
41612.65072699438,207807,255
41624.35468889102,171774,177
41654.55630617011,127989,167
41658.64142950928,169956,410
41675.38377106391,160532,405
41680.66783604218,106837,283
41682.324067781934,224938,168
41696.28021171171,222883,464
41717.25201527483,148228,536
41727.0548453166,224216,170
41730.63226865277,159316,116
41741.137155505676,103935,573
41747.42749961669,208277,213
41774.551857099,153171,487
41779.12910721035,146419,574
41841.0176611751,215155,543
41860.215167008486,185169,543
41872.44816733338,164692,318
41882.82756692503,110964,411
41909.413131665504,199712,468
41916.918567384935,249929,404
41932.282853151286,110095,366
41934.59817116788,219773,523
41976.63469018261,164414,365
41992.07283395714,110289,385
42001.87362551884,112922,197
42008.756680791405,204343,552
42016.020723294896,174950,336
42019.66283333838,177180,413
42069.93706116442,235520,562
42073.00567105363,218409,146
42098.654940335764,129667,192
42128.82247562112,243237,169
42138.80920368177,184793,330
42139.31375710822,218929,402
42184.70015005487,152935,551
42196.827917711256,165557,265
42220.36268723357,142990,467
42246.792479583084,123905,158
42271.29141820429,195143,143
42286.130491956326,200686,472
42317.44528616642,234130,413
42377.26172878468,199268,381
42386.84203533905,144796,567
42395.00720964272,139345,183
42435.63068372691,146888,493
42460.52987774516,209990,257
42467.93719408301,216983,247
42487.63141494669,130816,560
42490.45280461506,153176,101
42509.9396952611,166351,106
42522.2132091933,230716,378
42555.16167160296,229359,221
42560.050901143935,224705,332
42570.60868768495,120815,407
42588.939608188906,164150,551
42604.7919590493,246158,519
42639.68022367008,112823,194
42642.889612954874,191493,118
42646.031449348084,108501,441
42663.29084322586,178234,269
42713.90182266209,112853,155
42724.691706828504,146726,182
42746.992059005555,247371,190
42814.793210521,194421,576
42815.52317186608,178458,265
42824.71851747901,199336,519
42826.11981520725,212020,531
42842.11091711215,176764,341
42845.00093332285,171937,268
42859.97636099923,237532,207
42883.77969841533,115252,155
42900.72278601969,238660,144
42913.942697887374,175284,318
42932.715705351955,182965,232
42947.620994283876,192760,574
42950.39964217853,247491,354
42965.06677110962,230479,352
42998.06992351386,161006,462
43004.93348270583,150739,100
43007.44944464405,221866,420
43039.3140985493,154350,509
43058.42034354399,208693,311
43059.35153260733,191658,386
43092.15396188722,155663,105
43112.62136697509,173826,230
43143.852949931425,180680,253
43157.98528479914,184914,492
43158.10828751533,187368,274
43168.19354251737,249139,415
43232.627551350764,146040,199
43240.65247671239,188588,572
43262.976169800146,224387,508
43263.70028666747,135587,346
43267.07780471745,220748,556
43307.16067949057,187846,336
43337.80920149865,208515,575
43364.9504882165,236596,253
43381.59603615269,182707,384
43396.94851490533,154594,395
43420.0835129156,192692,133
43489.958513262856,173520,530
43490.59190101467,198367,420
43505.87502165053,143507,392
43524.487332979756,149120,404
43526.97241590269,180814,461
43565.985570784855,108291,239
43576.669829459504,230299,549
43582.096616267365,218464,524
43642.30409500385,156659,368
43649.503940912975,129420,291
43680.24107574714,152978,567
43682.18460476731,232643,112
43714.27612760855,231086,178
43718.495775549905,226739,475
43759.9060607405,181358,497
43767.83630538598,125756,520
43848.49016758734,235304,446
43946.94360144343,153788,470
43947.688347839154,201603,465
43987.70985943984,130365,102
43995.159597309044,111542,451
44032.853418110666,122826,270
44045.43343918175,112095,152
44060.13690851843,181914,111
44077.371057760785,181826,427
44121.908662799084,184116,202
44126.18603770189,172522,372
44133.87429677609,215635,443
44136.377645313405,139143,180
44142.77174995239,103999,590
44162.279032244325,234757,152
44166.90701745555,191833,381
44174.57575522505,137108,582
44198.9475843956,174256,393
44204.56370172202,118675,259
44223.56390376887,188798,376
44235.290972598305,134098,114
44248.01631502555,113226,154
44257.69348683413,122575,318
44267.64235682521,216873,415
44276.43182398645,187118,518
44280.84842702979,239849,140
44353.59838586545,222079,390
44356.42494066599,222755,149
44368.58577930829,222000,340
44373.857128623786,158666,173
44413.33661315434,167646,567
44422.37043877892,148064,458
44472.21255000132,186593,503
44511.64821274476,185134,332
44525.01756684032,117135,343
44527.41322631357,225475,336
44564.79894733765,173992,493
44573.37204919101,133395,360
44575.54452611076,128044,266
44591.78989203595,118592,505
44598.9840005616,220841,305
44616.842124280505,162541,417
44622.42823101793,141686,598
44635.59830247187,117317,274
44640.268194902696,213022,501
44718.71494142305,248691,503
44727.0920537042,161906,188
44748.82250244645,120419,478
44802.25588210545,227567,158
44820.19364261391,221348,266
44836.39120456627,216710,190
44843.755623532365,206376,135
44861.994586104876,199329,267
44875.63062760743,116117,146
44880.53871177196,136416,554
44897.925322859875,100048,487
44901.09879899631,139116,331
44916.252761397685,202231,415
44933.50451048186,151292,205
44956.38822077972,182994,253
44973.28048249873,179835,570
45030.6918524623,213961,467
45111.694927081924,190246,145
45129.17521792175,233804,306
45166.80497343961,177118,131
45176.02102778905,243886,595
45177.112840411726,246808,520
45254.09026470973,128756,540
45260.72180834702,108174,220
45272.02447049387,203355,420
45279.68271668505,200346,307
45289.293981855786,242899,208
45311.0170400761,224484,171
45315.18772677783,200819,531
45366.85542292159,209375,178
45373.6622013825,132911,168
45373.8956131749,104117,173
45399.450815645956,227585,436
45410.93092113356,135592,143
45413.88283825378,209014,540
45426.06001239385,211595,419
45430.02408975681,233540,317
45446.08556431202,217976,296
45454.86519235387,148704,317
45473.420987074736,230588,533
45499.675425954934,231525,237
45510.25650144356,243174,395
45519.4012515333,109926,390
45532.605874928464,196620,157
45549.968689498535,120988,172
45576.16909909851,237994,539
45658.462139652875,173248,338
45673.014823237514,237194,555
45691.85061534791,164285,341
45711.771522628995,120468,450
45731.856901284315,181919,413
45732.94125834847,190058,373
45763.09036224307,222911,332
45777.466354842014,223006,393
45803.93759530343,210366,280
45868.60789567996,177232,248
45872.27453292729,179710,472
45903.01888317544,168273,131
45922.86612946335,144323,393
45923.926127296996,176481,514
45950.667076341604,107156,246
45963.92953299529,133245,358
45965.52906948334,172836,229
45968.372758513535,173655,240
46007.391386976284,103723,479
46009.756911718054,145773,565
46027.675408623545,139619,437
46039.51081444024,145979,233
46070.02449078425,161917,348
46074.01325566579,238251,541
46074.68626374935,122125,595
46077.82098333448,140409,528
46091.522511101335,208251,494
46101.18564999702,215391,471
46121.484386045835,155274,395
46147.996735094675,190459,127
46168.55577271018,130407,126
46172.22462593217,204528,343
46179.397223860266,239597,219
46188.9515149161,202254,342
46195.044692957475,239052,545
46206.45388186502,175705,574
46238.37533878488,200140,447
46245.96218354262,239002,449
46308.37483159983,125523,569
46323.530395414346,192753,589
46360.71908168829,171457,271
46367.02223329869,125762,230
46388.268416092404,202538,336
46417.937831063486,163385,475
46440.2259493464,151098,366
46448.45782443793,147164,260
46464.32215019807,102221,525
46465.72956850179,207806,150
46480.629507999285,216901,279
46485.58377477501,174264,228
46489.874378125955,106212,417
46491.803302840075,156839,586
46510.098389880135,131926,462
46573.402881557406,122645,538
46591.96436851064,198555,436
46620.83078791214,248391,511
46689.15630298579,129057,456
46693.22956840804,177219,339
46714.83389001726,119848,427
46726.916251547314,172452,493
46738.053063355546,184778,231
46741.58699624141,119397,241
46771.608170917505,200348,298
46779.697125540915,115744,232
46841.990009111585,169380,191
46853.60691930268,228901,575
46858.08652518761,202926,191
46878.826514764325,128424,173
46894.38459453539,213050,211
46913.421206220424,127852,567
46925.07414566194,167894,152
46925.78380640967,118458,392
46951.789453852754,216885,109
46997.15552208326,139021,434
47017.6071817836,109918,440
47027.5089774955,139742,458
47035.513480787595,202584,394
47035.58769339543,228628,344
47047.04375899517,118376,376
47052.16346992233,200774,588
47075.53952872373,226370,162
47092.291147836695,194088,270
47115.19489733441,205018,128
47135.20316086594,123767,287
47150.50145152289,189145,141
47187.30132725909,176010,431
47191.84236261221,245352,120
47260.38064375834,150070,253
47284.18745198055,127988,422
47307.5365785594,227533,143
47350.83032058316,214814,476
47355.031523248144,109358,198
47355.545359893455,162517,350
47365.39091835793,241702,429
47372.746528291966,239969,594
47408.692056556654,217783,594
47518.30624948285,109710,273
47519.45998543997,111223,307
47521.975493177764,237132,334
47578.27365980182,240656,176
47605.2961813299,161075,573
47606.7913736598,137117,350
47628.007967771926,223527,564
47678.03334158866,112006,224
47702.19943915106,134219,107
47705.98029725674,113096,563
47713.32454071799,125504,333
47732.21967664976,116766,518
47766.23653463395,129931,354
47784.31278320635,157821,132
47816.951927893046,211728,272
47850.32730473153,205384,266
47852.90221774467,243100,170
47860.66228346255,155897,491
47861.59544968622,145468,271
47862.90162631117,171799,172
47891.24082893003,144053,456
47900.47923169556,143255,324
47906.06411009555,110668,168
47908.17060599209,198600,498
47911.60426086929,227655,141
47911.73165732665,147032,574
47913.59900597034,174378,313
47937.2499866166,224783,454
47939.963916608285,137509,427
47946.28416892821,218074,310
47951.75327755405,145756,412
47975.28520192365,147186,467
47989.14365143595,123074,421
48024.17331442232,178957,278
48035.026035142335,246200,220
48039.287495287026,238988,600
48041.29902052226,194870,541
48069.93558926008,241485,359
48074.88626437776,154554,241
48075.97684578716,129538,507
48079.20881913045,224364,354
48083.08837530157,111302,127
48103.79328643629,174727,207
48115.2002574867,187633,415
48147.91113960212,218789,122
48150.11683867586,113751,573
48165.53298763244,141430,502
48166.12290735507,234978,159
48167.59281359692,161682,469
48179.362103627784,185451,314
48183.793783876994,185376,217
48213.98339835318,185493,216
48216.04763561764,208159,545
48220.50940245655,157845,137
48233.244371154186,226984,127
48277.478948206284,137995,210
48330.069399417116,219273,191
48339.86798581832,135757,334
48365.31453313287,194002,599
48371.60038076595,188051,165
48372.252799148526,249072,130
48378.8396696131,129126,536
48391.369423901626,209634,187
48419.940069639924,157633,553
48426.935801603744,141101,504
48458.58835241054,144547,395
48528.81027728606,160215,144
48539.42051128416,236778,350
48579.05941226685,156739,402
48591.8890730894,221310,242
48592.181274411756,212226,476
48633.389505113606,164967,267
48644.78151975182,158302,556
48697.259289724054,139051,567
48714.31156565114,101331,313
48792.73691906366,110501,340
48819.18276137324,232177,117
48830.27474673197,203368,345
48863.45955323187,125689,331
48877.134782261564,121781,385
48905.1084939258,206592,586
48910.0266705571,193953,251
48915.49074889028,123784,108
48928.5609319568,179911,182
48952.86190951444,249521,482
48970.386975744106,219233,337
48999.94070097938,206262,194
49031.14020454434,197103,420
49043.62366679202,100357,540
49063.36356583856,200893,557
49086.83571249535,239177,116
49093.87201880879,170723,457
49152.28284274011,242196,394
49183.9269599389,121222,417
49226.47393950685,114368,363
49284.599900443085,195417,554
49285.65868980037,200389,287
49298.18165638836,110714,287
49307.309446722684,246483,460
49308.696575063004,153664,170
49388.22953607093,162556,376
49390.640320453385,225434,477
49446.62651010682,154996,485
49473.95765577835,159097,264
49482.656924604526,170086,357
49505.45978647384,172651,127
49506.76910800546,190499,331
49520.08857921944,238066,524
49522.70691969238,239435,447
49557.6096691102,176615,331
49577.011479135545,117203,196
49621.506044734764,220028,144
49623.17738167734,146874,247
49686.70161469257,120171,155
49690.30248696238,129366,456
49693.50478323109,139452,547
49698.07434227228,105948,250
49708.849815370166,241933,577
49711.68171728401,190885,315
49723.4164235136,105631,249
49727.60766396541,105776,546
49759.99632821443,236215,430
49768.18209745376,189860,435
49788.95415913033,185539,348
49806.950564241524,238979,531
49822.85277646784,220063,255
49839.60475492735,180345,187
49870.748088908316,159449,347
49880.049280463914,175535,494
49917.40227885471,138886,280
49924.0944552773,143611,416
49975.669566324796,240330,246
49979.69428479517,145969,529
50004.32192928684,140235,182
50009.75561898261,110787,262
50026.84660876133,215576,233
50036.07691251274,153780,387
50060.637740794,183084,600
50069.06496696513,197757,329
50084.58974343415,142623,373
50091.767856880935,106533,307
50145.26081796523,138111,585
50157.51210674887,183943,179
50157.59817780549,243168,599
50171.75970034863,177478,342
50217.022652753156,138557,509
50233.68148490941,215895,273
50257.05018666498,225562,560
50257.868312323306,244430,159
50265.234074676555,205284,416
50301.99561996253,216909,282
50303.93643838466,114426,411
50324.44252176634,238001,213
50354.84208674416,172856,200
50355.298221833276,241141,534
50367.090479411396,122905,599
50381.43057064616,150973,351
50389.07798204717,234101,583
50390.23157317907,194650,303
50393.43367921024,212103,289
50403.19255491011,103195,245
50411.652519685966,180762,600
50423.449032004995,247071,144
50428.308182046785,216449,479
50526.426029142975,215999,247
50530.003547389846,211105,473
50575.35347211975,136586,527
50593.0483477215,122564,173
50597.706766379204,224416,544
50612.6082555417,187927,133
50666.715231317685,198506,145
50666.84804871228,171651,312
50670.69289305639,221141,463
50687.47561337596,135894,202
50691.59166932932,200078,248
50707.734429337586,111071,521
50742.73699015657,179669,352
50759.12394862503,221491,214
50759.6680843357,100641,178
50765.76266936625,223873,163
50786.97819151019,175415,313
50790.93190655231,164159,114
50793.47391261967,172670,352
50896.93565855519,117491,406
50924.30990120955,225956,389
50935.76635139327,167609,421
50958.92804618853,131348,291
50973.298407296556,104599,532
50979.308004520615,115338,174
50987.01187725984,135519,282
50990.57788276331,171478,284
51001.45567484647,193319,124
51008.30143066438,238834,427
51063.37818942295,234707,199
51092.464723676494,148037,491
51094.45027481781,143813,378
51102.24034414885,182892,523
51139.52628744776,178924,238
51162.65813277623,195033,149
51177.947573437275,192177,521
51181.05067240964,135900,365
51187.66017479771,227113,310
51195.97997354272,142737,152
51200.894818627494,231958,213
51236.51994165593,246448,414
51259.921215696355,237796,533
51275.11104353858,244470,459
51303.347943351175,129875,313
51315.68987289126,120027,159
51349.85788984552,104555,345
51358.41854425456,195045,171
51392.388157091096,237133,490
51462.59375646492,145143,463
51469.86154113071,131089,213
51472.61725206945,137318,452
51477.75576885779,132858,207
51480.54602813042,120605,317
51504.02254054442,129287,139
51504.402250556326,226944,487
51515.68844787213,151472,155
51516.3552968393,234605,403
51517.57717776664,131174,565
51523.41131354798,117366,254
51545.43882100942,125297,500
51548.08189200807,153844,400
51594.369958518844,148439,443
51603.03286233777,123797,174
51640.430939852915,172712,585
51657.76911435701,192327,182
51696.40859996422,163392,358
51713.298951213445,125979,519
51730.56028697397,103665,370
51735.45268948473,150213,593
51742.07441498549,240804,102
51814.747021820986,125869,573
51819.563383067485,232171,535
51844.166713460225,196066,457
51861.96848260599,215255,444
51925.250429366795,147408,527
51934.01502068495,199513,317
51938.837963653976,159651,308
51941.23268575704,182386,163
51953.77619309909,236243,169
51967.4724738712,194699,460
51974.27364233575,110645,142
51982.227016141886,130335,297
51988.89766776683,181790,451
52063.641462113344,216380,215
52079.78641730888,176176,537
52090.95740267991,118247,558
52127.74175576276,224695,580
52150.476209288645,147001,106
52283.746144774246,228882,444
52285.96861735323,214834,367
52307.45959609914,122283,161
52310.55452301521,205021,455
52328.413685954234,126665,479
52380.29659696541,144229,133
52389.33861365482,152189,273
52393.808073196094,205981,162
52399.110043787856,211333,471
52412.9374235247,171558,487
52444.10212553541,204919,282
52457.0207681189,206022,348
52471.34558468029,138633,493
52483.47157488398,132031,228
52496.91265445214,160508,421
52553.998351960625,107791,150
52580.771180707015,117885,355
52603.44192982295,146948,295
52621.99826405865,185709,178
52629.21056400838,125253,489
52630.802627373276,236301,492
52644.35548777981,222164,203
52651.30591089057,230521,351
52665.36157025223,242196,275
52698.52170000144,241696,379
52698.87826755942,108283,320
52741.30449442381,131230,296
52753.2654355756,198654,326
52765.57643051948,108613,190
52781.8450922068,179441,552
52806.332630312914,228838,320
52809.221316702766,201995,349
52838.100730102684,249121,445
52851.589347152476,245171,450
52867.093522382245,223160,343
52883.61591577048,140975,359
52884.76292943407,169046,353
52902.64593830558,199037,415
52925.21630636475,174563,264
52926.48413469681,111827,165
52962.75615838206,191455,514
52989.85650175309,107051,491
53034.24766453465,189458,294
53036.296073577396,190477,282
53046.91424587157,114797,438
53052.51458004081,161504,431
53059.99680233437,122266,566
53083.29128403555,179930,158
53091.52882415688,105167,375
53099.42279481702,220824,436
53139.23215317056,248910,363
53185.56783061812,169892,110
53209.379650533025,105829,262
53218.86751852688,202315,265
53235.865346364735,228020,151
53259.34482345865,153977,272
53273.07744843856,189008,185
53292.158747697125,195245,596
53303.612453790854,230272,425
53341.20252113248,119744,530
53379.18954365746,156119,247
53385.35146009784,177940,393
53395.63566540831,159214,419
53422.80053722876,124106,467
53459.98249651379,124833,403
53468.19721785345,117634,390
53500.50489609873,224588,318
53505.212740280745,120096,433
53539.92852313787,232288,511
53547.05942279142,241544,260
53551.52421854696,205460,228
53571.138877085294,218811,443
53599.97013241675,147343,551
53600.345703224986,235325,541
53604.474847614714,230863,209
53626.098521629814,222498,237
53681.442722085456,239649,514
53700.50297297238,213698,578
53717.20255461441,115697,367
53721.6816328906,221238,175
53727.180212959254,178715,532
53738.61257092525,183533,540
53774.076944921915,116889,424
53778.62896538129,208118,236
53813.34154356008,142096,231
53836.56331612954,161900,307
53842.01218287262,139311,198
53842.57408632754,181406,337
53855.860708048305,214329,316
53876.68203661442,109700,203
53880.153836105,135764,114
53886.132656380076,172816,437
53902.13421771687,111070,593
53927.77103066777,105218,128
53967.03394775847,122001,260
53985.43990978284,116667,561
54047.501127337135,195272,443
54068.92674780818,123673,303
54126.27780104503,136847,220
54128.65194848702,231137,577
54131.22322611108,237693,228
54144.94471519179,123658,221
54163.26159758053,182158,268
54198.97724475544,202223,512
54226.573491394345,161849,578
54237.56721137872,137821,154
54241.41838910703,171970,325
54251.91605370707,114660,351
54267.164711476995,129612,262
54282.946644231095,224480,449
54288.60310057301,172806,550
54319.277955073616,137987,285
54332.17354597903,196400,520
54339.54188679097,109125,530
54366.44107483508,114332,453
54416.32986290491,162829,229
54432.421625947674,181072,427
54496.05496661241,195120,562
54529.50787821907,131995,373
54569.848925062506,215973,298
54570.00686920795,203016,574
54646.334630775986,166986,254
54648.22634683015,161724,252
54652.95058048378,142002,568
54664.50577308509,183147,550
54697.95841411623,206506,504
54698.647793497425,120996,521
54728.88101650035,228894,341
54755.5886287302,187221,467
54766.56492530046,126318,522
54770.06016963677,168411,359
54771.43361167978,210328,408
54797.5634400019,243583,477
54805.47675583615,107169,490
54806.54685635072,148166,422
54818.26520356938,135675,101
54828.50378988746,180097,260
54845.655235235754,129052,180
54851.39830790187,134103,533
54869.42714463762,207561,505
54925.50236692659,218355,344
54966.85355026822,134998,233
54970.66414996444,185873,509
54977.284219516325,122124,312
54986.448869174135,203152,548
54995.92332080357,249524,214
54996.34237317605,106021,572
55012.695276738516,159954,564
55014.55900998398,221221,201
55020.62936366084,144238,125
55030.88040295859,212434,407
55036.90676959249,123346,590
55046.08156068014,248699,160
55046.36587006983,237845,322
55076.0536585728,218936,523
55098.446907063895,131067,214
55123.451690021655,149950,584
55163.05255360656,169783,247
55190.49588851259,200158,166
55201.78423505874,154160,407
55206.64010710875,174178,472
55229.25385082442,209662,192
55239.75653769453,138258,114
55246.611780147854,168629,220
55265.84173920003,165095,289
55283.33047231483,220104,143
55283.53794961916,134918,546
55291.346897815965,204216,451
55296.11756683044,200531,462
55307.12591458268,167168,137
55309.12849731544,115401,126
55317.223680679264,161562,341
55364.99232270298,111930,102
55370.84371954153,199860,254
55446.74975127607,197229,167
55515.62630301205,246685,121
55532.99951400183,168233,186
55547.01289082461,188913,549
55559.638317296776,123500,262
55584.413438026866,213489,172
55590.44651615676,182121,122
55667.25601270068,230865,546
55739.77146905737,173662,482
55748.71572618541,212744,244
55795.333910671994,169000,413
55830.72477391859,169142,364
55838.2334939723,143249,261
55864.93557752228,228784,491
55924.87051242445,245666,536
55976.11131338721,215340,127
55980.29908400191,114304,217
55984.34486749917,223272,233
55987.91675668375,222456,323
55990.383265070086,229737,120
56002.033983314206,247024,348
56014.274903833335,129488,533
56039.71736469637,138811,163
56048.320851395045,153407,544
56055.00560664632,144117,483
56069.22115080791,171510,388
56113.52995438426,155678,398
56237.86772322103,101081,369
56266.98898500207,147335,313
56317.60712474315,164528,493
56331.3946418113,124721,554
56339.36416684381,174522,448
56418.985707937696,131979,301
56428.339699557066,127805,528
56436.15728952993,107569,141
56448.48965049669,225791,332
56468.28606773855,170600,404
56489.74532718008,186357,596
56490.64207390809,218777,266
56549.54985343241,249201,166
56554.29893415042,112761,510
56574.93543676314,184717,508
56576.07817025848,118539,380
56636.76771073344,199979,147
56646.94620925676,146664,222
56714.0225505091,204573,145
56714.437057098134,154584,183
56724.27395847782,205485,245
56745.10922366495,140405,161
56752.20124160799,213340,476
56785.035629142745,181291,562
56808.136865702276,134416,283
56830.04044725304,196326,362
56834.500100053156,216770,553
56844.32348589163,170380,388
56862.66634526489,123651,487
56873.648540889175,196530,414
56877.77318387285,211677,147
56878.59875271345,189586,598
56891.053454402696,158780,431
56914.23577191992,140650,576
56927.91247551292,237541,142
56934.78209500924,214650,140
56982.32992972685,225202,253
56985.54754783692,133499,450
57032.18857127293,165183,367
57043.35152183635,249038,124
57059.36591708923,111821,362
57061.643454440156,211388,311
57063.628469086754,249023,516
57069.47245645022,166810,399
57071.17859440159,231974,108
57073.59790483702,221340,191
57104.450047683866,203011,123
57106.1893421211,178026,260
57123.88558982561,219275,487
57146.07459800473,169487,274
57214.13034696985,149071,208
57218.22383495983,167978,546
57240.6047535197,213717,373
57240.96630630846,203529,159
57241.23418428931,225074,335
57264.7747156974,227591,255
57284.04757147031,194562,453
57306.45265594663,203546,511
57313.6622037611,132791,169
57313.941665531216,129337,517
57314.26192091791,149341,539
57314.80554864226,226121,432
57317.94223196221,163381,323
57354.856795781474,241186,197
57356.65733702152,221484,175
57369.50600342699,105719,159
57373.13897093185,139956,478
57397.39238844121,227152,341
57397.78884767629,217837,399
57403.34690587067,177288,391
57438.72153069262,202690,126
57446.84634054519,126912,422
57484.475148973914,213190,312
57522.23389593382,245307,248
57522.98829080822,204773,348
57537.39272794861,227900,218
57562.44831033545,238492,109
57573.412095896565,182798,383
57574.72443675139,209350,555
57587.54836171938,229705,418
57643.47434620416,190902,329
57667.38878099365,105454,182
57674.18263119717,150384,340
57682.60986878914,160844,359
57687.57146525256,188906,571
57706.00256315879,222805,167
57748.943851926255,202333,591
57759.73044859668,194438,507
57772.515937087555,142474,418
57777.159839729145,122594,441
57790.349823862074,145427,202
57793.74932393053,229023,151
57825.29672213146,229427,255
57830.64696350752,245969,124
57974.857250035704,194053,551
57980.90120189258,141577,189
58016.10045236222,231983,116
58048.982648551864,188535,320
58051.402721979444,159425,161
58067.91260227866,227497,232
58169.13903605424,193124,493
58170.09505265419,246020,236
58215.42352975717,235105,409
58237.56564832056,113217,574
58296.0404778524,219835,592
58332.89273179037,129079,599
58335.13130275994,126704,521
58351.66363381858,232987,153
58355.31917818985,130948,545
58359.91716027001,194801,180
58385.98192323781,215741,490
58400.08213335351,126029,178
58420.91314596337,187715,519
58423.87786757298,152924,324
58493.76825849934,101726,225
58529.781845552134,224168,274
58536.54054406745,144895,143
58542.725894944866,208792,284
58562.58071472137,164343,177
58590.56476165206,238844,315
58621.5142915721,136174,510
58632.71540895777,207297,559
58644.99300216769,235307,506
58667.919577009656,107802,326
58671.06632585726,102607,467
58703.88973453111,118240,143
58712.1487041455,205290,495
58715.73900647733,116113,301
58744.21414532783,139571,562
58761.30664355532,236256,598
58768.31835470457,205382,553
58791.161530619414,245125,547
58798.418927416395,182233,565
58806.8556153705,173342,560
58821.86231842237,138498,458
58832.21053269027,153774,554
58847.934443897735,215905,457
58856.404498538934,206038,497
58860.799877429665,179044,143
58861.553295309546,187685,299
58887.380157121,133031,366
58983.75725326559,174429,209
58985.705531580556,244647,259
59000.440653726444,141950,111
59001.00640517946,241540,403
59006.99313779283,179676,471
59017.98259177919,232454,156
59044.31692534939,197774,232
59064.03990127422,192923,163
59065.018095032145,132702,329
59072.09342466029,101366,332
59080.37285722295,161891,512
59107.76223703719,248267,465
59152.712606169785,239798,532
59170.81709568857,191838,253
59177.51356148467,136692,465
59186.99911969644,164915,153
59194.944504313964,150477,521
59225.095629028154,219094,150
59228.265071686496,211592,524
59238.88743949008,124182,131
59249.951204901336,134095,343
59254.7871439368,120466,289
59277.3782118162,205579,401
59293.75098914512,203489,546
59299.87317097163,230764,425
59310.88607071949,215364,452
59364.36936993337,228330,474
59436.8106029663,142688,173
59450.906331694365,227078,464
59463.1455222762,234528,541
59478.20945866054,155742,333
59491.03405162756,141114,583
59507.40947021513,131133,408
59545.663322196895,128923,161
59554.89089174931,175914,120
59569.686340500215,130865,290
59576.96103928077,198162,255
59583.92331023015,107334,505
59587.00660963289,210561,124
59642.24216673674,179996,555
59648.909213304854,147992,519
59675.824574571576,100546,162
59691.68557355783,117711,545
59692.59980371696,226137,393
59700.01243802455,218587,560
59708.25689325169,198908,343
59744.22774025378,134815,490
59747.20986209751,220831,489
59759.16403469009,217722,176
59799.41398589415,185253,145
59831.583915128394,207381,298
59836.88465114601,203650,273
59852.458510730314,216155,476
59858.95581075313,123207,543
59862.577012566646,106502,392
59882.46796224406,180962,387
59903.18970997872,246630,143
59907.46413988459,242038,395
59935.80871160068,249486,367
59940.00822106793,224737,357
59985.442410879485,131531,437
60040.47675126752,147118,592
60040.85986910126,153950,225
60076.26263327594,216452,143
60109.15575272303,183999,305
60126.93378916446,228836,541
60181.25002915007,189117,323
60185.23144214784,106306,540
60200.24280557386,200141,231
60202.15156120521,126039,377
60205.833768143726,137757,193
60211.73608148451,123495,178
60219.064649097934,206765,447
60222.771757335286,185273,192
60223.3227004383,115335,252
60233.2066502914,183896,172
60243.85522331556,184991,232
60253.27172371116,131710,126
60257.79868376329,161994,352
60272.00948599551,232231,297
60331.66859332911,170592,131
60339.33297462553,244997,308
60340.686953346536,107577,308
60360.76434211549,104881,237
60376.916443969516,126610,226
60405.70851534487,132917,255
60422.50648449894,216911,142
60459.95865537851,231185,204
60490.50490326989,137320,291
60506.054607970706,144089,500
60511.67963677673,211084,592
60560.17304885995,218421,121
60560.19308006009,221805,592
60595.55844544912,175825,434
60667.12797779951,100142,130
60721.341094468735,226402,239
60739.560579830686,199654,279
60776.51939017005,155772,399
60813.25672710237,173744,123
60816.777544856996,240008,388
60818.22756563833,123518,302
60842.20258220698,136608,471
60858.462788436904,173258,549
60869.77414287066,232335,590
60902.16962111209,189819,425
60908.22852798477,218677,239
60913.8738840398,184315,274
60918.604131724744,186103,108
60967.67653398168,135055,430
61018.763670195025,224919,102
61065.10647919436,145491,311
61081.33566577185,228182,490
61091.313313073915,121272,503
61133.17930216334,120322,375
61133.80803236688,216700,444
61136.442477927216,198664,523
61154.8339439098,201384,190
61191.37908129943,102210,163
61203.8027769335,150591,327
61203.99092521421,105185,488
61210.59254484658,193800,198
61212.47802260994,179476,513
61237.78148280312,161409,352
61306.18695005126,109645,243
61319.76544113249,154810,103
61324.13072050034,203831,156
61364.92225391447,249186,356
61378.54707360127,244647,199
61400.11376445038,248296,444
61423.05198281114,248148,189
61424.403873196745,133619,481
61425.74910322184,168058,577
61442.624007025806,159759,551
61457.43213566906,171913,198
61495.065886285585,106060,596
61518.683112855935,239707,414
61524.51480165178,246831,552
61536.61482180776,211965,428
61558.976827996805,113595,537
61614.83570313552,213389,532
61721.2325571866,171836,162
61744.03208800475,222312,353
61753.00387812424,111394,552
61778.5505449081,112311,242
61828.66697997034,239568,329
61836.2700034415,202723,199
61844.42052250519,249899,513
61844.934509635794,159147,600
61868.32909138037,119514,569
61874.08231047473,143117,268
61881.52695594606,125356,114
61894.604193804094,106297,403
61926.51695572441,187635,530
61932.28151937793,128269,342
61937.727124218196,189339,526
61938.8465318891,187448,366
61970.45490530315,119113,497
61988.778955281254,214957,491
61990.79019067474,217035,396
61993.45685028795,115908,569
61994.1350952998,182124,555
62031.772124140414,117046,500
62034.500797071785,215846,128
62041.67637086287,213204,133
62043.82423539618,114625,386
62044.89653711466,199996,305
62046.91130033913,207769,219
62086.89919001454,102780,332
62096.5867598951,212225,550
62115.94953319868,126549,273
62136.99869804729,106808,332
62151.56228792307,150457,155
62153.72935780895,117706,403
62184.88681116518,150754,563
62201.91617491152,233404,231
62210.698408531534,226195,471
62230.09492278329,148738,224
62233.05733056093,111552,130
62235.7893267782,214254,362
62300.03793529803,193780,259
62317.56328064851,241857,497
62320.710974667454,223082,258
62339.20396050264,176300,288
62409.516645390286,235706,400
62430.95664492774,137906,129
62436.37674594535,246656,539
62437.499843382946,190129,200
62512.524110396145,152759,502
62513.94122627102,149638,441
62526.85600702004,222526,407
62550.43600768426,248398,593
62558.61524651907,178546,314
62566.583617863216,127485,332
62608.35011200374,111060,353
62613.304111179874,100969,427
62618.35105554655,160364,338
62637.910124326714,162657,346
62664.43942586255,186904,513
62691.38716038494,153822,304
62695.45997270983,101763,285
62695.65879958013,193817,115
62711.83856391826,137329,248
62723.44951483423,194348,122
62797.476067325675,152198,201
62804.16038775366,157395,553
62810.23658574329,145687,273
62847.8528830283,164478,191
62852.2156937744,146157,531
62858.28619484708,126526,110
62893.89614566894,135977,294
62915.172781574925,129089,273
62970.185914864356,179972,333
62975.67859776957,197609,438
62979.43798263299,238130,600
63011.529261922326,213696,549
63036.35183014038,131062,173
63079.216183411496,134287,506
63083.42174493669,239606,293
63107.128292332854,183349,406
63118.354542625006,164107,571
63119.30046727739,149571,537
63134.63497864311,138945,267
63140.313339236745,173419,546
63143.017332779826,233239,595
63160.56268655574,228185,207
63186.550239515294,223382,504
63208.3335127864,117006,185
63222.5440110519,233472,291
63236.3505453329,221704,191
63244.117488514836,198010,369
63267.83423183762,229706,342
63274.082894771534,205105,426
63324.89599043258,109595,206
63329.85307470709,153215,331
63369.6331409099,203782,211
63376.93877950766,198850,392
63380.35951300373,198069,230
63396.35421416008,135213,484
63398.10960707051,216524,365
63406.77378424709,110785,338
63421.1333259155,188178,318
63433.131971734096,213378,309
63442.29385050293,230427,262
63448.670962045886,106479,191
63460.3277264264,169631,430
63461.90617605854,121605,250
63498.88590556952,234425,379
63519.522990175195,172463,574
63524.691711376196,131087,136
63533.624857639756,243137,202
63541.746899105165,186308,228
63548.95813695026,171949,197
63573.417351581425,136140,537
63601.334822017016,242377,567
63607.38763511876,178505,244
63641.941802739355,205856,584
63652.351191728274,103117,341
63673.582784590384,139133,543
63683.71631230089,159487,470
63711.37328441759,224371,219
63725.87947624261,244864,487
63738.5294880933,220953,274
63769.92564994188,182070,533
63774.0869695692,209494,207
63785.63628063706,246393,115
63795.02676087692,133645,256
63852.44543935287,102537,355
63885.70235923061,192972,273
63890.81286991661,211599,451
63918.74996311518,240929,253
63926.64282609724,106092,390
63957.418483567206,136473,178
64033.07642661568,186573,390
64052.952787863534,202468,295
64057.52105155675,202402,132
64072.81351051252,149371,343
64075.11361148144,249294,592
64087.126259622506,179860,147
64090.887185689266,244941,190
64091.53887175311,228087,113
64095.671782288504,118216,566
64161.60558714193,174401,205
64166.91198477781,237467,135
64179.03903650482,196639,365
64179.26120772726,185661,540
64227.3784846055,202525,180
64318.68809829953,133852,374
64329.52799938496,118025,299
64391.59290842412,154127,166
64432.46653193429,181200,321
64466.53008979767,224460,181
64485.04224222431,181346,400
64489.57957269738,220312,241
64494.08505731246,137405,328
64495.40721326485,204657,409
64528.36723667867,237850,268
64576.593492981025,228701,335
64589.017297385886,110245,477
64590.92776032396,219618,277
64615.02833019966,177974,300
64634.016363763134,145908,312
64639.74694697779,213266,334
64649.458715754234,148088,457
64666.27381440501,203167,457
64724.53378088141,162834,553
64765.421384351226,171768,551
64785.203086639776,176517,441
64834.81253660073,156952,565
64848.41666517853,244919,162
64955.6903509428,120062,486
64957.914000909026,185462,309
64969.90480567771,166261,206
64984.01181532628,221154,113
64985.532067774475,221085,295
64993.95352478508,204685,538
64998.27697252086,109902,105
65004.04677337782,135777,267
65026.23794734373,221699,348
65038.61199257297,121639,380
65060.01380730879,214746,171
65072.74112062296,173175,530
65076.2607513133,104735,410
65078.37941203811,177108,163
65093.67888614513,202458,186
65095.29409361111,102938,446
65101.677610729115,215515,283
65105.59645417111,109029,557
65128.077772028526,156666,326
65151.94122302274,237068,428
65173.66738546597,126946,299
65197.11342617424,216388,126
65215.349709028305,112757,495
65224.826585898365,152884,575
65230.57222312653,162531,202
65232.48893094247,210541,114
65323.22164593593,188373,520
65327.48926861323,116560,212
65391.24905155527,125323,508
65427.3319789235,144009,470
65430.98754626748,208968,362
65433.26624140651,185758,265
65449.7794400374,149688,419
65454.421090625714,242004,302
65510.333563599015,131668,218
65515.14393581049,193474,265
65518.95798476795,205418,434
65526.56095724497,202022,208
65538.8393954782,117305,436
65572.59656413346,196725,122
65573.9906681046,157294,310
65581.16805076847,230960,152
65606.10086334245,249213,187
65611.9063092457,124836,407
65619.74803802928,201860,447
65671.43464159823,134847,270
65675.29010641815,183353,600
65713.44081550858,226387,134
65721.60334498037,217679,295
65735.91226997496,160928,357
65753.62112652311,103484,219
65754.04995886156,132520,258
65759.44408636716,212328,487
65765.02635032233,120811,130
65767.98603952277,230738,251
65772.49926858245,198500,204
65793.0458875668,162407,572
65818.88801452497,216320,478
65860.85347464572,135197,242
65868.49446264196,110382,366
65899.87764199161,208761,431
65933.3796409511,106211,217
65970.9174729934,186840,275
65976.4654814308,241377,127
66023.88962588989,165100,510
66047.1430340733,158312,411
66088.36811809523,236700,264
66092.42379932255,101584,133
66133.20772483933,118346,588
66137.48311354037,137101,580
66142.05176412615,124054,188
66160.01246440978,153575,220
66174.1746170058,211736,471
66186.76208032003,143033,469
66191.16345253875,211153,190
66209.78398982779,179456,246
66226.9643338685,152796,239
66266.63613157846,226136,140
66326.96021654535,194262,303
66336.44743836997,223394,325
66347.43520768997,213621,489
66350.8243836799,226353,110
66379.528135391,212039,537
66381.26617080708,178703,404
66396.67527623943,244926,472
66400.53967444247,199732,337
66407.84094023294,174245,292
66424.35815728684,226050,136
66432.46448386452,223013,200
66435.8263362026,149709,102
66436.08468306369,231255,473
66461.92950072672,228831,307
66513.91998398979,203455,596
66541.03094110731,200673,350
66548.38886084825,118673,309
66591.64525098608,132631,297
66645.44834429868,142562,199
66674.23810029263,166914,494
66723.09482229983,191377,360
66747.79229372389,196516,456
66748.9810234036,201012,574
66760.01537644051,164694,224
66773.0066180157,194742,423
66797.52818860945,107407,457
66819.44106084832,138766,233
66838.04052079907,138631,230
66843.72534217658,142317,106
66846.20784373661,124197,429
66871.07663775452,200754,303
66895.56489493452,121062,365
66943.71250976957,210872,184
66979.1222053505,166288,454
66986.31922115294,239775,437
67029.8648754382,180734,475
67040.47214689359,123297,155
67060.69408134554,190280,516
67063.77374312935,154925,576
67091.36331604313,180766,103
67178.25869320719,228902,100
67180.29648327916,209534,368
67191.08243673612,175586,475
67202.35816191458,146242,291
67206.48389155281,135214,201
67219.81287717854,231757,585
67222.14890815248,248659,516
67226.92860985156,152675,130
67254.64775703338,150301,232
67336.07648674386,207162,325
67355.7913062374,128624,544
67376.02717503447,120921,250
67377.81926022966,132684,241
67379.14766470257,107776,399
67384.49950616703,227190,444
67413.0863489798,102492,131
67419.27347438519,101894,440
67436.74027600692,110973,149
67441.48178803151,101903,292
67459.95740588925,169687,577
67473.26517301214,188350,409
67484.48838937636,197199,449
67528.66157883083,182634,518
67534.13971406958,194689,440
67544.305336372,115005,599
67553.10737533466,186574,512
67555.21852742699,219778,545
67579.1855182972,136402,113
67597.60702029338,239101,243
67657.95101730818,165152,288
67669.97762750392,224570,363
67680.63655036467,149266,101
67766.27135364668,184458,108
67786.3616268994,111994,596
67819.32081673307,185334,447
67831.07157238429,227018,304
67857.95195679701,121330,278
67869.12135550701,224812,437
67908.03355941996,126333,475
67917.75161995715,151138,464
67920.84173519506,236329,548
67937.80935996809,232287,116
67940.54549737931,122830,254
67976.26352393604,243850,547
67988.84081197846,216991,588
67991.29950707931,241732,223
67996.87675531064,144677,485
68054.5999245299,123444,154
68066.01474263465,107660,182
68118.91723001219,185590,562
68128.5908387496,173494,212
68153.9913091306,224859,587
68199.55128250764,132269,440
68202.46929536769,240127,424
68228.31914037607,123708,507
68251.85826481442,158669,577
68269.01738463184,116952,429
68277.42568408111,200047,434
68297.97584039382,247298,594
68336.75427453473,161175,214
68342.75190349312,176277,144
68345.1136718917,189191,479
68363.05326421165,149324,481
68420.00215687003,196400,165
68458.3936012859,199665,395
68485.09938313725,181474,131
68502.9342620075,149770,533
68512.7594783385,211070,263
68542.26469186354,133110,366
68564.06226925133,158233,154
68574.1231350758,241110,536
68586.46919515273,137932,517
68643.72468409761,157384,355
68666.51217743199,138646,407
68673.17672667294,109003,406
68680.89407548156,231695,452
68683.52962583152,225378,423
68718.81492109157,229767,249
68743.17233150212,198751,130
68822.58953587395,187331,178
68857.7813487715,155210,534
68884.16588727568,159001,458
68910.7812317863,146929,538
68924.15050467243,202710,253
69007.34678896547,141731,111
69023.22572498147,188450,316
69045.88350785623,191306,487
69055.8141634432,118828,370
69081.76186320391,174020,456
69133.05743508048,243657,301
69135.1051687335,184782,485
69166.44015859636,114188,535
69220.97730631553,179711,334
69242.24031655205,136060,326
69266.05194239342,176305,559
69269.1808759167,157183,511
69296.77778135518,102394,285
69322.66722371784,126725,447
69353.45606481399,138693,292
69413.53060955055,211964,447
69450.39083423516,114766,149
69459.17904567234,224223,191
69517.2104813105,130761,363
69538.2125134274,213723,596
69541.42923381312,205904,225
69542.12091421681,163138,303
69555.53399122674,145216,434
69582.87953673651,123491,498
69595.3397902927,200165,240
69615.35137111507,216685,288
69615.5847761305,130573,142
69618.1881244285,233627,215
69618.6540448011,225697,240
69642.31953821053,124786,506
69660.29243531999,200652,347
69860.11311460333,213680,252
69877.05881645034,126067,266
69878.37089531175,240905,194
69888.7658856153,105176,301
69905.00721021132,240618,501
69938.45436602278,228073,132
69953.08801501925,241290,465
69987.25413988747,132529,485
70015.22052256345,130756,192
70054.83105337927,147169,102
70071.01217243903,182390,162
70071.81076947735,154061,434
70075.32667375938,247455,231
70113.4633615926,109176,143
70191.63238426023,232683,252
70200.66967558792,242718,187
70211.6697150256,100022,227
70218.82036347548,236168,563
70249.35926525171,240011,327
70252.3723523165,228566,455
70259.87891039521,192305,410
70275.33178890389,155008,452
70277.41699202632,111727,221
70278.16550467302,137137,253
70316.93617728022,156416,590
70319.81838909202,244722,210
70337.73752355699,172717,165
70363.85795931934,210628,138
70379.82138595622,168334,295
70400.80462939605,142813,304
70412.9832409653,166631,446
70424.0628923931,137550,374
70428.62005777823,170621,424
70452.4875038094,150496,465
70461.79633713042,234067,409
70465.37990090584,140236,261
70563.10138373268,213672,294
70563.62641246564,164880,139
70569.92405871337,239321,156
70592.96300659135,206635,133
70600.95338829562,123324,285
70648.94530828492,171631,174
70689.57439875118,159183,240
70689.77264470211,198869,596
70694.79901940531,127525,500
70746.77464833511,146066,369
70772.83780171929,180360,401
70807.28357985927,228350,148
70822.33983016136,249987,543
70828.96545309697,171055,411
70831.05192200007,112573,187
70838.70632855114,202121,192
70847.17400914042,239377,382
70865.2324676735,205552,344
70883.1774377072,167911,104
70906.38666064639,140761,436
70909.08858977565,199300,390
70935.68100161088,113858,570
70961.53120107116,197032,462
70991.59029612059,209640,461
71003.83220835883,215070,281
71035.86843957608,231656,246
71042.3228276955,212136,366
71099.15800598223,159969,256
71119.35000293929,122791,585
71126.64591671666,181982,532
71128.53522050766,120833,139
71154.71840795438,124545,184
71171.84663913636,122173,480
71178.57990843504,229197,513
71220.06548018627,211144,446
71234.27876899131,135763,345
71248.05411289977,239567,457
71250.71769253691,103643,415
71254.93665698652,101911,465
71266.00362818666,240070,483
71274.4678803149,238441,450
71293.25874039458,217611,593
71296.94999787102,237236,562
71302.0496126951,119692,287
71338.62749499147,234659,280
71399.5611032249,210814,353
71409.09263943936,197854,596
71411.49611121135,165474,525
71426.98844630037,130897,248
71434.09847304273,176951,235
71438.8906895725,249118,301
71443.79497601672,179906,575
71497.88952371558,235142,522
71542.6663097824,221387,556
71561.89985000303,227996,129
71570.69303431342,220679,268
71577.77946432914,128092,102
71586.3865613801,148800,305
71595.14216429245,126565,320
71608.68945672164,122215,370
71623.13350521488,140294,310
71625.77769679873,227772,103
71629.16099612275,165571,215
71641.88494424605,198122,253
71650.95167261871,147757,374
71684.32947155669,128493,324
71705.6880090115,215174,182
71708.70154612049,213760,102
71717.60345070179,152026,156
71721.80718452582,110552,168
71731.8427184834,186825,561
71732.48505465678,152164,585
71745.5364864176,169677,160
71756.46883538476,244211,353
71788.63961026879,133406,266
71816.45288062294,204825,356
71842.34502674831,201934,167
71844.66969912112,128279,505
71845.09728152407,140774,276
71858.96026239227,161998,126
71881.64362079643,189690,319
71956.60646863468,102104,322
71969.69242296164,173983,348
71971.41698166412,212447,226
71990.64343192999,234018,195
71996.38285940164,130151,542
72002.50061479953,164842,441
72036.86441116728,152012,342
72061.37929967469,127017,458
72087.59982535684,147497,196
72185.59512970872,138987,217
72188.16228146014,205193,119
72194.56257551225,150378,575
72197.72395550623,104629,415
72202.17791585221,113357,294
72212.63915925157,180332,458
72232.70392738498,160667,213
72240.89874766416,225618,131
72255.1601826331,113541,255
72257.49209381526,195309,243
72314.78573445101,209595,226
72322.49430475931,112466,193
72323.32927675484,113665,438
72350.63988179633,155568,246
72363.41526501186,126414,320
72367.5026824064,228787,286
72375.64046925852,129236,149
72397.75003781292,244642,494
72437.35634106926,186825,284
72464.39745433783,194734,480
72494.5719656747,238638,409
72503.86328758474,172337,207
72521.42042570366,122867,554
72523.66959458288,131550,121
72541.33452257719,149921,198
72565.72708710542,125857,138
72622.61067313101,189888,254
72648.45587551409,152952,373
72673.97022655449,111484,165
72678.22683306251,244309,464
72684.04793502598,246891,599
72692.58189988192,195947,329
72712.45962984514,130783,566
72723.91811058237,226568,314
72738.75489357885,232086,504
72739.19724760701,171866,456
72807.71951688164,175931,123
72870.10144875896,115936,506
72941.95393340931,149857,479
72975.65155405433,229768,450
72990.85738298086,234607,597
72992.41630089887,214752,484
73006.65386592997,247455,499
73016.5478891172,171170,205
73020.61633365272,141943,392
73025.52942743087,102322,550
73078.32622503387,234426,333
73092.34246523211,237644,232
73099.57363568405,157759,251
73124.21111833755,244743,160
73127.96445299937,111957,373
73133.40631790334,110247,427
73136.61296730701,172812,574
73139.46663345642,113505,428
73217.73076919382,155043,373
73220.20091581604,191085,423
73238.78638549123,196760,266
73240.52471107435,243989,235
73266.13312116824,207044,559
73285.0414384743,185101,129
73304.7090381213,102728,521
73313.49412448614,173319,190
73319.40806560461,104099,375
73340.82708939318,127903,469
73368.21739099019,200134,584
73389.43359176851,244409,205
73423.38226320293,157839,266
73429.64345065845,203668,179
73441.45728086337,213745,288
73444.66850226978,225568,147
73458.37054190134,220426,194
73492.18328299938,146166,196
73509.0467830562,147292,431
73515.67372979841,181306,183
73558.97424883013,203336,451
73577.69504196355,118206,173
73579.1905622603,164291,332
73627.15730174858,205514,151
73652.92664315786,135990,472
73680.68809816297,103090,408
73682.78930811211,200660,110
73685.1207825437,103552,490
73720.62085127161,111466,167
73726.33035331592,121914,237
73729.4081983817,103538,505
73797.24944076341,127876,377
73823.89552966201,188706,536
73848.47831683193,153037,171
73861.57321559,247548,556
73873.32469247679,142767,257
73881.38674009853,140504,224
73882.53668495663,170112,421
73898.22496373068,105559,522
73899.13591507188,242774,251
73901.30023104651,208864,172
73901.3244541229,158802,112
73906.46557534924,201025,175
73915.18333730006,175195,215
73966.12517105739,200858,451
74009.247115901,129467,351
74012.96308526101,128871,214
74015.10891627616,173875,282
74016.6960571976,187483,160
74025.63722739903,122230,558
74026.52351482738,139610,191
74037.71782482273,187777,407
74041.7201759328,211475,176
74086.44068923936,179053,419
74120.46764677926,191327,548
74122.66221566586,230875,438
74131.87477003549,169573,515
74179.3745860024,120019,503
74179.4182088377,138965,498
74200.75200178527,183953,175
74210.65759606921,225418,517
74212.05132190693,212054,591
74237.99559122621,137923,146
74245.79884931534,133432,193
74274.97919696539,192434,263
74288.61173194693,226166,455
74360.73846088437,187415,170
74393.14246610923,164463,296
74403.99084333982,230312,375
74419.25239517546,239584,374
74453.70499749664,200827,142
74471.10096338218,210583,369
74488.35010759113,157497,459
74490.17597757075,194819,101
74494.72100878753,104496,285
74511.0668681627,135020,571
74513.40105744866,191579,284
74551.17767932265,136529,250
74563.51579194707,244572,597
74617.0880763846,210382,224
74621.8211993337,158874,128
74649.30814839796,130732,592
74673.10827995063,137506,293
74699.5245196467,211334,290
74700.6365359757,127789,439
74718.06322145305,224997,528
74736.08760144067,141464,115
74739.26485907982,137035,140
74744.8868230639,103270,391
74780.45200245517,209181,176
74809.45097864745,223146,480
74812.47005052409,238267,457
74871.8969966436,223256,310
74897.5398224066,216385,500
74918.2439629146,103462,246
74920.60312392625,115728,551
74941.17296475897,145503,357
74944.66833870228,203911,526
74955.68812753656,219091,383
74980.54286908597,167647,570
74997.51855461248,180224,463
75002.67622720162,141104,239
75075.00541558253,236708,293
75151.27276931058,132802,480
75156.03446779214,114679,212
75165.9956490312,246615,409
75202.86255646341,222797,344
75210.37649837008,206194,523
75219.95238339932,114331,511
75229.24007273345,211207,199
75235.53208392061,127367,139
75244.5424305798,187941,114
75250.01880071954,142666,377
75252.27018595613,155550,405
75252.49094005706,181033,196
75268.53640792727,108484,223
75274.80784162488,249454,389
75275.72609309547,226827,123
75276.71092533595,124434,583
75284.09180091824,193493,484
75290.72872103636,204369,356
75295.06409199751,202404,471
75303.86017067386,133952,459
75326.3194845389,186853,308
75371.68531841836,232010,151
75385.63553688822,139370,112
75403.330191655,200168,344
75420.98528976584,109806,248
75424.50149784425,221400,140
75467.79344846391,124455,587
75493.14325569995,156530,513
75516.02338366461,136926,493
75541.37971528385,231496,364
75638.65561125547,237176,576
75667.93089080187,217304,502
75670.7436815573,176242,284
75690.27887338439,212958,120
75734.54837911764,201615,222
75739.23299086279,119660,590
75742.53995310987,230422,149
75775.20703018445,137387,492
75816.08195245061,243428,544
75885.52322591093,122850,355
75887.50006195305,182239,186
75941.87904089465,142329,134
75948.45238145324,195244,280
75950.3216624662,146972,463
75979.88463776387,167618,342
76056.6635840865,215879,432
76108.24637612596,132497,597
76125.0669548143,110378,286
76164.24732435294,205103,309
76203.14567146296,133812,325
76212.28291117468,182220,291
76214.02656915011,208316,359
76225.98666482593,111187,417
76301.81078957256,114957,479
76333.0800750541,247010,104
76336.43808943903,127603,248
76345.86447335423,249457,304
76384.32406163917,158471,298
76425.77876484321,124511,278
76438.32136975155,240277,560
76472.4282071084,128604,143
76476.40389429947,128402,569
76540.55674982615,204056,493
76551.90870487175,205256,268
76553.24157889427,189764,409
76566.56370169012,224838,158
76573.08869674135,110035,379
76576.4746187136,223199,174
76596.91966849778,183935,390
76597.55615486226,199689,131
76652.67776290915,194763,504
76663.9239921392,224101,209
76665.03588520181,106014,587
76693.46324280988,210866,238
76699.27219503034,146165,142
76702.32910985021,171802,307
76704.03393118056,218337,546
76714.91888597535,156126,442
76759.63113721281,148255,525
76760.73594358646,212337,275
76826.87138765582,177831,184
76831.29942176622,209864,346
76844.20559659267,142123,594
76868.06560013404,192980,567
76891.6773307347,202010,521
76891.87695384116,152051,139
76917.53176853588,137910,265
76939.34839766496,182972,107
76942.61069226496,220234,578
76945.80201896878,182944,158
76977.2079802213,206531,234
76991.91620526755,100963,330
77049.32420407489,132956,424
77061.25654628007,125544,118
77066.19049106685,149193,315
77090.03441203733,143542,407
77099.51646269053,191248,207
77160.40520161198,103767,289
77194.0216619034,104244,254
77239.41529265419,231618,519
77279.87774912136,230844,432
77419.02021818809,208541,310
77427.68914672518,242204,318
77442.50104420762,188034,158
77494.66935705817,220277,319
77504.00940736593,244901,404
77507.55984057959,214262,295
77514.27007671773,214686,424
77520.93059451554,126011,144
77553.72232783368,127213,145
77574.69732960481,207814,153
77588.41698489603,242798,151
77608.49349261154,231953,397
77641.27810388597,175996,536
77652.19475815058,158426,497
77664.32057005532,199897,158
77668.6727538934,223096,586
77671.33059865177,221620,311
77719.04853461585,203758,103
77775.1894249629,158703,359
77781.85988060974,169336,257
77818.32292365235,208715,444
77823.8526087487,208673,116
77824.1656471409,140206,504
77833.54671245675,236043,519
77860.5842179659,183223,271
77864.32070961798,249995,320
77869.85769186156,202593,198
77889.01390526432,203105,524
77890.07308295945,212486,165
77946.13955641062,202344,600
77972.18690961311,205675,562
77979.84508648698,141535,323
77985.09757956516,133116,358
77987.61729769685,202763,531
78016.34143780895,168217,528
78032.44114413868,184516,204
78034.39901176382,106721,323
78034.63111583257,140120,114
78053.88302681073,242520,571
78125.68173255865,249892,295
78126.19403578356,134222,332
78146.32179952174,193879,195
78151.8032189384,158131,252
78156.11240482259,164291,471
78186.39759171303,199118,494
78192.43266326931,113565,240
78194.16482049508,137688,421
78194.63307599777,127110,156
78206.9245183187,132160,154
78209.98370512454,168680,558
78213.96803944233,120285,353
78251.20613549936,154518,300
78253.32827849004,105755,311
78254.85674315086,120004,207
78278.10929237313,198370,555
78285.63474806391,218195,513
78289.14811034183,178316,105
78335.94101264841,248712,423
78354.60236927128,108244,160
78429.12641592062,190907,347
78534.75974621401,243257,102
78538.20847616231,166715,574
78540.80139485582,107747,374
78541.26754888565,234150,489
78544.57320418344,195653,158
78590.34139937774,107732,267
78593.32451336476,121874,472
78616.85177784791,133182,237
78623.24669742488,152228,588
78625.17625118859,244571,433
78632.14814409592,229971,323
78646.52386732814,204842,572
78650.81384378421,145340,201
78674.0485572458,173684,592
78684.02735222937,181680,184
78715.63459950127,227882,321
78758.52185380012,211080,405
78786.01543699992,183558,418
78788.29133698384,200413,319
78792.74722858673,192514,291
78838.38223713644,116847,330
78842.04265042812,108849,590
78856.36510500647,207428,250
78874.88597247038,239066,280
78885.04612004633,130054,192
78918.15999488205,212561,504
78922.27380213654,164308,137
78927.11992599946,197428,290
78930.25393031494,182431,162
78930.44752425617,102857,467
78938.42335445287,221995,390
78970.14163226055,160987,387
78971.51224488812,174347,408
78976.2818349662,157006,152
78992.74507084498,119614,393
79037.38089814564,210559,449
79065.60913810729,183304,516
79073.32595889484,151674,125
79105.78911006314,230718,123
79198.41881109933,210424,161
79201.0687109338,144863,407
79208.98518841622,200363,221
79226.16515413338,174720,109
79246.80292400156,101218,566
79259.1923786865,134356,530
79327.3287745841,109701,558
79342.57730540512,238284,120
79350.80867538934,104265,135
79363.50221678654,208810,470
79370.66425809548,183149,485
79379.15184941939,120910,384
79408.95061509823,229451,413
79409.9149498644,178235,456
79492.5768716847,229325,534
79513.07094168068,131827,531
79522.43603951836,126933,114
79527.50846472582,102725,171
79529.7301284402,184635,541
79552.999475997,214211,215
79556.73068140775,150111,470
79603.242942621,196699,517
79649.87922176151,101295,578
79673.18973429967,113760,232
79716.15602496293,111292,156
79717.13990106614,179767,138
79723.26299072581,199498,238
79747.2536329955,136113,398
79759.60306721494,133105,263
79799.19787289163,208342,426
79811.03785403642,132079,367
79826.03596918182,225285,438
79839.50693284413,173542,264
79869.13169470955,226538,215
79871.05749410641,177656,464
79872.78596380937,246411,527
79914.03723257022,153973,455
79915.66179656103,229657,130
79920.43901178519,156658,339
79954.57026540145,149261,349
79956.77850195306,154699,516
79974.63599768489,238318,363
80013.73929128723,181743,462
80025.8428219608,140369,534
80039.8870409868,134094,212
80089.59251390732,201076,599
80101.63788251215,234601,203
80131.92235175772,149270,135
80138.43247956022,143043,451
80145.7712216749,126755,175
80158.13031354603,128094,481
80160.46546627246,104348,557
80172.82057739641,169928,114
80185.75502787574,239168,331
80194.43098697881,131018,574
80210.41466834166,192910,320
80215.18148797263,204052,357
80226.45365775679,187487,127
80238.09796354487,196935,150
80239.10561458964,200275,474
80291.73294269721,150838,250
80295.93377864626,146306,404
80302.39100399293,229398,365
80313.75887495415,113073,430
80319.48438273267,129119,212
80321.93198232913,109355,394
80328.12176472851,117261,372
80330.2519213313,159366,551
80349.61522317336,206052,300
80359.59597816289,157642,475
80394.3492073135,170324,353
80398.95522377908,153366,277
80419.2167204226,175491,475
80419.27895455863,148517,357
80466.95104891704,224979,478
80474.23724892063,162552,187
80481.80726264739,118207,185
80485.95622045115,219332,172
80551.48792312547,224413,319
80559.61886148181,146534,598
80565.74480510497,120179,187
80588.4837365979,102551,404
80597.16546223147,224211,398
80597.18560182351,164883,341
80599.50248509455,104558,390
80622.29406223516,176194,527
80627.47693081846,231896,185
80655.60625821198,124617,151
80662.87168472518,187995,331
80676.3645475518,191955,379
80682.31487328358,227531,229
80691.37510815321,103554,523
80700.07174181296,187487,556
80714.66095620004,226970,157
80720.95345735826,236133,472
80741.3753915118,138771,310
80780.17114350053,137128,282
80793.94756379716,164059,395
80820.96706796621,212910,284
80825.58825194347,123402,199
80876.2652969106,199032,427
80878.54954757376,171807,549
80898.26727903335,242846,560
80946.9645847502,238125,189
80953.13069934543,191447,554
80961.1759742134,209391,583
81063.30912586418,181087,197
81064.14849508803,236335,459
81072.55827647583,132233,321
81104.28568736724,248547,595
81135.74063045633,190963,247
81138.07558988224,102184,355
81190.48545274099,138569,338
81213.33191353314,237150,594
81220.17557350862,246313,440
81223.72480496747,227618,247
81225.0607782719,177260,107
81237.15831021774,156970,244
81272.07155173208,132357,127
81285.47448408486,101334,320
81294.1596637333,100168,125
81299.95156743717,191807,549
81306.61256446411,231594,440
81370.265512144,246997,179
81431.71140996914,170954,173
81541.71643908125,151570,321
81559.31681268438,121159,248
81564.2567732285,224040,577
81573.01547224652,201250,316
81583.20245994837,125726,557
81589.25866955282,179173,405
81596.7012821158,247824,323
81619.42278144784,184536,511
81636.68571678516,152299,228
81639.60220974623,245302,202
81646.76608212909,122438,252
81663.49096984758,220888,379
81667.54240631653,214528,149
81670.52656172746,215841,455
81678.04256549614,193731,339
81686.78768335858,222303,315
81751.90206990909,220922,114
81800.63772784352,106926,590
81829.75230612235,123181,486
81832.7823869513,179269,502
81838.34086784086,234271,291
81841.0635602161,242414,560
81857.73818104604,176898,127
81885.89550223714,202933,164
81896.21032681614,101560,336
81929.16153813252,235792,335
81965.71317259702,122192,128
81972.01217833567,128062,270
81990.05696094778,176172,389
82003.19202783897,186850,542
82004.44794373996,233908,478
82029.69067548413,153756,364
82032.80392293124,229841,169
82037.86421825507,140573,254
82057.65432522839,101691,512
82070.9243508941,152612,158
82072.3143979596,140113,409
82114.70285294116,236268,149
82120.38212844446,127159,342
82120.88143731127,232593,327
82130.79078379211,131932,253
82141.1597873309,148246,519
82146.51549015961,243319,233
82180.99972636322,215115,539
82202.46793634228,132295,321
82205.63018868989,105677,194
82208.68589857855,163093,187
82223.01482874196,243309,202
82235.94614731209,176031,248
82257.9705929039,229227,288
82280.00491447866,202547,297
82303.92849315869,128137,337
82314.71630364574,211367,175
82315.28368941821,219821,161
82331.89554344662,102888,397
82339.10810037045,216517,121
82386.85100003086,192989,592
82389.85126725993,220153,241
82390.03450534432,141501,283
82403.92300045345,231912,207
82412.50281650377,237640,299
82426.89449412168,145743,435
82430.17790502177,247625,273
82442.48244234252,136710,242
82473.22115408142,179411,572
82483.23630791646,226810,292
82548.93395486232,147284,394
82573.58827292155,232901,497
82595.10016376313,167954,166
82619.03141734254,191251,399
82638.25064396947,205846,134
82639.17003864975,141727,218
82641.20051725864,127845,355
82695.63353539884,224888,265
82724.16830405421,162027,153
82770.17891005335,145612,472
82814.77914837195,210115,572
82816.1098498833,165662,158
82816.87257602853,119105,326
82845.69620127016,107722,572
82849.52103950559,128222,457
82861.4599558626,134921,426
82878.51593266672,152359,200
82884.33621681927,214691,447
82891.07616562217,152741,479
82894.61304730267,238550,514
82925.82640394507,122549,398
82926.31723903169,125219,204
82926.99332240512,136847,557
82927.09832326538,206961,390
82942.91708904706,118865,274
82947.01590262148,238452,354
82951.2337037998,154388,392
82986.38964794387,231294,280
82995.2058527741,246459,536
82998.17291896451,117604,324
83009.32818028037,198597,547
83010.79826128029,120484,165
83041.29903458427,178178,151
83043.80865501567,160443,126
83062.20908793717,186748,111
83067.2816901525,175994,572
83102.504181213,202347,460
83111.3645674998,141382,595
83118.16005301918,240095,394
83123.68562384305,235727,577
83142.58186417805,181851,304
83161.86235135258,243115,457
83206.33937800814,223464,579
83256.21219259135,168957,434
83256.82092374969,188616,315
83262.8668534444,187697,554
83291.80778605885,136513,204
83307.6489059083,186405,573
83335.97117848518,116339,220
83349.57797398652,247811,563
83368.41023251852,109269,277
83447.73563783843,209114,406
83474.6225232547,121127,554
83490.6561222358,133938,238
83516.35470237077,127279,118
83530.08197598797,159046,432
83538.70556459061,225198,255
83569.12877982271,159704,110
83622.67334252296,106908,496
83653.12227464367,151425,373
83671.85923118755,199454,449
83694.87388021864,104743,382
83708.03617469556,201482,492
83717.50766458317,132830,320
83741.67650596298,244059,170
83744.1330426377,130931,559
83763.25724291109,196392,280
83767.56188224464,214432,570
83768.75523710567,160826,147
83786.51987264442,159539,311
83814.04482774215,240566,390
83814.98204239407,103905,547
83840.42899181695,114911,139
83841.59544728108,214964,192
83848.23776941837,182346,279
83866.68475103128,164027,249
83869.46347032393,204285,345
83890.89797956054,120133,139
83896.65692452702,242513,205
83910.31805981083,193574,559
83959.64388706196,157746,327
83984.61867864945,196189,499
84000.65141223502,164017,369
84045.34591844422,183586,457
84060.93829285388,127362,127
84069.45069365443,207697,461
84129.59200179475,227456,243
84131.22588153191,135948,530
84205.76864792207,160433,256
84232.85748233473,155251,162
84242.17420834937,137214,118
84318.42654272122,215416,432
84347.32128840283,129946,110
84361.1405793015,108848,238
84367.65427715772,200709,253
84402.76423790211,122149,130
84409.30912628587,200646,353
84409.68969377455,200293,296
84421.43014338071,158837,205
84430.96916079424,213006,372
84432.04265495413,179992,116
84447.64069949364,191174,579
84448.16741682964,188137,572
84483.39096287462,168821,514
84511.38409700055,156765,487
84511.93861650843,213790,543
84523.09518585332,114973,513
84525.40812184045,201740,587
84550.960295253,175345,539
84644.9304892906,240184,337
84655.95771404088,248977,493
84670.59185131159,142611,591
84680.19425705173,162449,167
84727.85120886881,173583,509
84750.80297839052,171930,143
84885.41342843523,242292,251
84893.64909958147,203442,119
84912.76778723279,194816,237
84934.2987342401,103234,163
84941.63021426307,184145,528
84947.77478612615,146867,327
84960.199663124,215319,104
84972.76331940341,194037,345
84993.07135237518,245911,211
85003.57697402973,120852,241
85049.0461003789,244558,260
85110.32344781433,215458,192
85116.29175608972,172389,232
85156.95137068616,133350,216
85176.85470442471,138509,546
85196.09874378852,112997,219
85198.52959332473,110093,194
85221.59780985571,215424,396
85229.23281379588,245072,467
85234.4069958007,167909,599
85240.36016455319,192624,376
85265.69978673324,161524,279
85268.01167365332,232890,327
85270.41399643474,120303,221
85274.97817148048,249517,290
85310.31613558534,209043,136
85330.85427110422,174208,173
85331.35436366317,194447,271
85405.21117265898,198229,340
85462.32346772656,177086,418
85462.95653015331,196548,122
85469.83093266006,139338,566
85487.72285971662,127848,411
85492.47480094196,182078,361
85517.63408832681,233216,501
85535.05501089295,190191,581
85539.89309767603,108545,436
85565.80461082763,199900,490
85688.38103299792,120563,589
85689.99030347688,158872,389
85703.99357370395,243715,475
85714.82202370898,131782,533
85756.97548692956,113482,410
85769.76113888678,237480,366
85781.39387805456,170564,199
85817.55274540655,176825,566
85823.14779055137,163720,509
85852.33743214828,194886,218
85864.50697937663,130255,454
85870.02327412833,207459,285
85871.68416986744,246920,358
85873.27464169823,194973,434
85886.51360199219,160384,329
85917.37763194926,160231,391
85952.56205699233,132841,573
85967.98924382731,206854,445
85985.56699145207,136212,410
85991.59663401509,175205,274
85999.12964933165,121366,309
86010.05948569585,138901,394
86023.69177385762,151931,560
86027.65873689293,219031,107
86031.30767082723,209740,234
86060.31447979459,223171,480
86062.44382168612,108932,526
86073.7360820089,143761,137
86076.57605922232,238755,570
86086.40024927973,210718,281
86089.12702415528,245998,223
86114.02177513357,131202,272
86159.56525347628,188248,402
86178.3338045864,128251,469
86179.25966194902,193050,586
86191.17627286723,207184,422
86203.12405905624,214213,248
86231.47233599742,135286,475
86235.52569770078,233529,142
86238.82923861612,102040,403
86256.81045297519,218889,294
86264.53655600932,146326,360
86290.17763482979,173216,583
86319.83429695934,160886,252
86333.43076241555,112658,388
86348.01361431947,237676,396
86362.20841157956,211854,246
86370.00418630727,183513,487
86373.93460363083,137538,121
86407.57339730857,155228,320
86422.21677035648,182409,150
86430.75092160662,143409,160
86437.54006389182,227568,324
86442.60267189187,144386,247
86498.60758652352,168007,410
86526.61292134716,160732,441
86533.14494746963,125159,205
86549.21148630633,233352,486
86552.91044441168,110418,591
86597.17345726704,241011,509
86601.51501360437,228022,526
86636.0792408029,196872,204
86642.70042967932,249727,318
86669.04246978511,236549,164
86704.60407675242,177317,570
86706.92610049508,131441,327
86750.86894834593,229303,234
86752.68635361553,135866,242
86778.99440560788,130529,595
86787.72489024082,120726,481
86819.25658644231,119490,267
86822.66588157477,187906,241
86834.74898570296,234439,444
86864.76474334423,182525,556
86916.49821084506,213607,151
86970.37169173594,236654,262
86974.59595866219,246320,438
87010.95413134636,109341,585
87031.08375569042,102089,225
87034.027663202,198620,546
87091.37879608719,151295,235
87104.08071708295,227010,516
87108.22378013302,230213,244
87111.05025771749,123255,586
87125.57632321189,156148,101
87136.97081476124,228631,385
87155.86550303466,146691,119
87166.69667630045,168963,414
87176.2667567645,161529,426
87184.84257096886,239057,436
87246.57113075657,178669,530
87251.84766419248,176576,442
87265.12176006632,202815,406
87273.95794890317,226080,251
87275.98826794747,129456,593
87318.54329615258,175306,314
87388.25367373065,185300,226
87409.97262168146,130361,190
87422.47252306977,183599,438
87424.88282495823,204356,460
87427.62346929645,226809,530
87460.29002049266,228234,407
87470.9106863926,161567,114
87477.7867135805,233034,210
87521.89780748506,207218,131
87538.42028764934,184722,233
87560.89821556499,207801,300
87594.0110511201,211463,304
87600.0520641641,114321,237
87613.34346826472,157395,273
87633.5701278275,111961,257
87645.44110097166,158015,393
87687.12969632949,240512,205
87717.37156534224,128918,585
87786.37243280708,186424,166
87804.94785891022,105221,586
87830.56700373272,199401,146
87860.88900871572,187369,567
87869.58793657506,244937,132
87890.86818799727,235960,207
87899.8595924587,152019,180
87936.2811813326,203684,540
87961.58541936775,176070,510
87965.10594786848,198010,269
87975.77402938242,244952,475
87981.49313393631,103575,118
88018.84202272417,238033,152
88032.76502925607,227113,121
88036.1795028671,179027,112
88041.40693423299,164830,117
88047.76861198775,132412,516
88078.423114066,205054,167
88112.53062738208,170778,541
88114.3054294325,119369,358
88139.9162344949,208889,110
88140.21326497184,242002,409
88190.47310810088,125049,476
88208.21725340822,202530,199
88243.83028711172,181838,501
88251.65344794402,234310,480
88252.12766484481,171840,334
88256.65731456141,169276,596
88278.00253539186,223574,292
88284.88726370053,124395,213
88353.04344533655,247061,242
88366.25121904718,239776,359
88371.86174808847,104512,354
88397.86829859877,197710,490
88413.68708963646,128391,331
88418.76071343353,106525,303
88448.25936012932,217200,289
88461.2154311829,128560,429
88468.6543885678,137688,514
88488.53477668979,121924,148
88504.99467478889,154442,542
88561.97311127,165527,142
88565.02053641129,224129,367
88590.69763234482,248541,489
88595.98813801256,229346,229
88606.60389512165,188570,527
88609.86867829933,184264,452
88626.53122980523,206570,546
88626.64297680311,154846,486
88643.17241138121,228116,379
88657.02797500826,161797,264
88669.40257841068,226614,363
88685.58753706218,121347,571
88687.80714877773,120317,292
88690.53001584693,103571,182
88705.2068586099,131844,185
88709.60402796738,129796,119
88752.94813199424,229809,187
88772.62694237851,237517,349
88775.64026993181,243415,314
88785.83698082341,177791,160
88797.2725489841,177128,468
88848.28584295612,171069,367
88856.06939666267,197421,388
88877.07845545943,137097,248
88891.89376819311,153598,511
88910.93211710305,197321,365
88929.48510618081,223760,336
88934.21518255201,186553,574
88961.68386992569,135478,184
88976.54652617623,224222,105
88984.19189197049,146982,176
88996.9080863324,101468,259
89021.08542368466,152236,455
89023.05638459612,220217,269
89025.0464843962,222865,404
89028.44927806953,191869,425
89044.83056626639,159252,276
89064.65202390258,150499,240
89071.33876639174,211716,399
89097.47535581433,196278,419
89126.60873433988,166781,387
89142.18357617805,153107,139
89160.14469258995,126994,474
89165.02288291138,146746,234
89181.60954262731,133214,508
89196.38573510584,200387,269
89213.5299381697,172676,594
89246.4623088775,224100,207
89250.14315493006,160773,210
89252.05880267112,138401,173
89255.66092422185,100064,265
89257.28051476247,113681,170
89271.61723648667,215261,317
89293.48031449044,185744,254
89307.35826793833,130748,223
89323.78447712133,198909,496
89333.52437594805,224381,281
89340.99678249401,236835,262
89356.12642599853,156072,589
89359.75965297587,172807,464
89362.84329324757,214620,386
89374.49856473094,165677,450
89377.06068286771,214141,433
89385.62043445007,106631,543
89394.72469509424,222178,494
89416.90031727428,211169,209
89436.09337554642,150065,295
89445.46805174575,102797,200
89457.13886600979,237888,199
89457.25147319287,181367,268
89459.22818758582,196696,568
89465.08235663503,103406,410
89471.45969829285,172076,428
89484.4896278432,111512,456
89508.85542301646,171873,420
89510.03401795309,249993,521
89510.6519977223,223419,411
89530.6584967711,228529,188
89543.48661631734,243022,513
89545.68039778226,196871,114
89564.66290098791,140158,461
89591.31389132314,134510,142
89602.19370174593,131307,128
89613.91108006834,116338,260
89615.96226804188,242628,242
89697.93345061147,150903,435
89716.9720051991,104371,270
89753.28569669848,182963,559
89777.99558212214,196011,364
89778.28103378083,205689,313
89814.64926466682,116117,133
89818.9364083568,231471,175
89845.04596924114,122011,188
89856.7640972662,172227,411
89861.19408037553,232504,309
89864.99232335178,100845,259
89871.38990460963,191929,160
89879.74427684992,248943,528
89903.57806033823,248423,576
89916.01340410499,130477,570
89917.91196698116,122653,195
89925.55185978043,105271,492
89929.26245390196,102736,211
89949.58167091526,220677,141
89991.52537374073,164679,257
90027.84334211009,150092,482
90056.04136194978,134795,258
90057.13756832207,175255,191
90063.67887580063,248121,261
90074.36699764586,149347,239
90117.37605444274,146428,251
90123.38070688369,215238,235
90125.3200031229,193101,396
90134.3589775581,237112,330
90169.73938616585,144688,118
90229.52052938263,201103,179
90244.96212012062,155223,459
90256.34016451961,175678,206
90264.71667880416,232059,382
90300.13907944234,170503,146
90314.54009481406,155239,232
90319.46462633506,168379,116
90370.46489336963,235536,437
90390.41022770612,224573,171
90403.00417044142,184670,290
90419.59585712814,108873,265
90443.76138372932,194079,545
90490.01895320401,141615,315
90502.92499473007,188256,431
90549.58173145202,149050,567
90558.44521223675,142662,339
90574.27268108659,105701,324
90607.40550765906,219654,403
90624.5643027424,214024,474
90634.75861023377,163855,229
90660.46027582455,188572,347
90683.15890465832,178688,120
90753.80713759865,161421,490
90808.3990848785,232896,155
90819.32765680185,170611,588
90836.55840508657,107485,183
90850.91557931466,178795,553
90869.08456816572,237385,201
90929.60587482703,248894,484
90932.6118517448,187332,503
90996.94606460042,123697,258
91028.43360463099,137083,510
91036.92969644634,203807,184
91049.27519868355,138663,202
91092.17909036517,178979,257
91093.85488226109,161914,539
91098.40097573944,123636,470
91104.01464209547,245581,532
91133.90190357645,101296,344
91137.37302064274,126191,341
91153.33557916139,203297,457
91158.11321102276,223812,442
91167.55465690767,221499,461
91173.11568240267,125119,298
91175.86652561493,135003,304
91205.54559021992,174237,519
91228.00878951933,211304,405
91238.02135738393,118784,277
91251.42205726974,107050,213
91294.78106601594,146703,493
91300.14277513255,194969,274
91314.06404095973,100417,412
91332.3484081355,204380,568
91333.95677242368,160312,170
91347.81770364133,111599,208
91355.00664840898,124340,273
91364.69897504388,147153,317
91367.96695124496,181550,298
91390.46235609954,226000,117
91396.51203094785,210555,191
91400.08363130063,235619,527
91402.33425583041,121663,277
91425.50568172628,126582,435
91465.1834339029,103204,182
91472.86805044406,232899,296
91496.05432761351,103037,348
91517.27009609534,205304,316
91546.78219766232,179417,317
91552.76782062402,130397,409
91585.68208933083,218035,357
91595.012692799,224137,464
91603.17396768628,240253,597
91612.25222060262,146881,317
91627.42564050065,200524,545
91649.88695203667,139423,103
91658.11004800328,167590,201
91672.57789940157,219272,322
91673.57312767822,173849,120
91676.16508635491,228351,335
91685.31407352295,196808,229
91696.40622930096,177632,492
91730.61011491393,242278,236
91734.54813772757,193555,313
91734.90162306347,185100,252
91755.1127007612,129277,282
91781.44092720219,239268,478
91791.53165501845,145936,143
91806.84537594918,133044,472
91809.97013381647,229355,320
91854.61577532039,190540,597
91866.86670028305,163989,570
91901.79149719086,237247,391
91914.05677099338,120063,267
91923.38641823824,138469,411
91998.69586893,126508,295
92013.07059632718,120647,272
92065.5375777199,179163,316
92075.77875833557,148216,586
92103.24766609924,120783,528
92151.93497152968,130520,506
92156.19001702218,168413,255
92175.31048506532,241336,537
92206.88123729557,112800,291
92223.91640726937,156415,489
92278.73147023957,172033,482
92302.0819274326,148683,241
92316.00749236361,111991,409
92326.17974170388,147516,447
92332.8867492028,101324,308
92337.52882924762,208612,436
92340.30871368229,170006,336
92358.58855374643,183403,149
92363.59175041893,104737,463
92371.44101544163,116704,413
92378.229824924,220755,401
92389.15075777525,186180,377
92399.00521758618,246186,106
92407.40514267438,183792,277
92441.99534303196,139787,336
92480.52714133852,230803,207
92495.7231556973,144567,444
92505.61109055326,205627,116
92527.22841396784,249766,595
92528.8658193818,227543,387
92612.78964417067,121782,206
92640.35703278334,238829,289
92647.60608570285,182663,331
92670.0540262522,107750,179
92689.66328985846,143708,419
92698.32905329211,213123,312
92807.90589736382,106136,484
92880.41052542078,245867,480
92893.90711997138,161530,292
92944.71794649583,134523,293
92963.40305636435,132373,149
92973.47839153082,155392,156
92990.39247488843,146824,542
92993.85854218728,205150,381
93004.36096139661,157082,314
93050.50465581533,173106,263
93079.94167219682,127692,440
93123.15606932432,183302,357
93138.49741482965,202805,215
93177.6853508152,229717,487
93190.15456231276,217822,180
93241.67147736835,146563,304
93248.47648334032,239635,524
93256.60744267234,221640,435
93260.3888241117,125774,296
93277.74635253192,209602,598
93288.58131514152,149512,425
93289.17073579894,158770,170
93307.9878386181,231953,141
93326.29207340651,207157,584
93326.75404025704,165520,185
93343.60119545323,223709,450
93345.50866077744,197070,111
93372.67955028014,202062,382
93387.00113077283,150602,535
93435.88566268217,220001,288
93461.56475852145,162735,189
93474.34433688043,152372,265
93477.19059205429,116990,557
93477.81813015959,220895,335
93483.44012505446,216301,223
93515.30684566655,220954,356
93535.81664335543,186837,546
93586.37020800116,141750,225
93598.7760336243,118308,103
93626.39091543343,206521,543
93641.06061441882,223262,541
93650.7935403702,209337,590
93656.81643272864,240860,161
93681.9776117324,240029,465
93682.45773128586,226040,523
93708.35259245496,176798,515
93718.5157340913,110461,286
93728.71323688325,234102,422
93749.68853654068,212351,503
93752.33761821302,138268,533
93758.4273776123,129303,469
93762.12876737831,208237,436
93770.43406549426,163718,507
93783.61249797199,169339,149
93791.62281603942,119416,334
93837.51422422759,228863,485
93843.12778258439,168157,275
93850.12721948931,216568,269
93881.09162514577,167612,390
93887.53154704905,109370,489
93890.5484928156,236781,247
93891.07415032574,197216,388
93900.08520642614,176341,257
93958.01812232708,141498,390
93978.11480140657,224593,465
93989.70625595696,177300,179
94016.9369771129,133699,175
94035.6387748899,200722,231
94055.89273331128,107341,535
94060.64930135662,179418,175
94078.20199213855,168005,286
94103.74285509641,235480,307
94116.7053499829,144671,597
94125.14375129077,140862,400
94163.43727830244,182390,367
94172.816963947,227204,431
94176.52238303532,237687,346
94180.3792135495,199581,107
94202.47653864858,116974,275
94207.56987256081,154114,214
94210.82233410468,131350,432
94215.20890599026,230754,335
94232.06079105052,103198,530
94259.48942475212,237394,559
94264.6744613405,153092,286
94286.50187791704,204462,420
94288.58332749968,186380,359
94289.97456803675,245040,592
94305.27834218924,240962,546
94306.93396257519,114673,328
94323.66056133347,165004,225
94329.57678374751,147889,453
94384.65869930689,164248,216
94408.05898229804,219554,190
94408.88027261704,169668,382
94415.38038087405,149811,475
94450.90114052009,116690,563
94497.5895892324,236985,255
94498.84551244586,159660,224
94516.46771964253,225116,337
94518.53652760327,113391,263
94549.75101852138,119150,200
94562.7642332871,215840,142
94575.6908718311,126181,377
94593.49241200247,227724,253
94610.3406409374,212657,540
94657.41585957105,216035,498
94677.9953837892,219604,100
94683.79568703486,206736,407
94690.11027401224,146276,268
94704.26708532637,234794,245
94764.76441598032,178548,235
94805.15182065776,165279,274
94811.59144916339,247132,357
94818.97808664064,215354,157
94894.62343393943,147757,349
94894.75420626407,233574,340
94908.44937266638,146870,133
94937.02821744319,179859,148
94988.9124727603,216181,275
95009.22822970028,241188,521
95013.26212605667,128498,490
95018.5363022262,180530,356
95025.82421908932,239041,341
95027.99635952011,178659,574
95046.80427262065,249686,444
95050.16312484037,140996,198
95079.24580128326,145030,536
95082.6839565972,141191,266
95145.47923478461,224197,434
95163.56794280544,209290,499
95189.49469720953,159958,577
95195.59412169635,179591,289
95198.7268827526,187483,472
95207.46394175231,182666,330
95214.82781621734,247662,301
95243.59601807303,101487,490
95299.86000113489,114498,595
95310.37160575014,136681,599
95322.5804633559,171881,109
95356.7141000703,153008,206
95378.41152031055,167090,250
95414.15313718528,106207,264
95425.30793029223,200245,266
95441.63992298697,152285,508
95446.48084095276,231843,325
95485.2957928318,128006,138
95490.86727476532,185323,470
95503.93360392802,223174,587
95574.83484727136,112058,499
95596.37684831046,227674,227
95602.95089150501,198308,130
95605.0901255762,189834,241
95620.5294192129,214851,572
95627.21749597692,223690,168
95669.76489376526,119395,266
95745.36616414083,208469,522
95748.65829422255,139431,401
95755.75912349473,152427,387
95757.60154240018,164284,267
95774.60847362826,168345,385
95789.75269571121,176393,453
95790.19457762646,117826,545
95821.0208855972,182303,590
95859.42638277759,216874,482
95902.61083960999,148271,264
95915.24534980526,220796,285
95923.3450172305,167902,230
95941.85249901992,106065,171
95944.39077574718,207683,318
95954.48459801734,227495,508
95955.46905591572,238516,130
96004.30190827382,234286,291
96004.62858717173,214611,116
96068.90051247289,185739,504
96084.37938959761,174094,394
96092.50127281039,117592,476
96094.07245471359,124154,598
96110.41451828272,129447,372
96113.85934300386,234611,533
96152.00085670524,222800,412
96173.00724448562,150040,484
96174.52508170261,212970,518
96181.00826631692,218302,555
96223.50383842058,139899,433
96231.52621304976,147624,431
96248.6500683205,219025,370
96279.03405378746,213350,555
96279.4684069674,177021,103
96299.01523366848,202222,109
96299.18672490478,184511,318
96302.44875206644,158429,399
96324.89896262923,185621,372
96337.139647684,152515,494
96371.60575465237,192968,557
96414.0630496978,140004,196
96443.71845019032,154039,257
96447.72620696375,106874,373
96466.14832652346,110342,499
96468.87213455005,191362,588
96470.30778860708,182663,575
96475.53778161114,154737,203
96482.75515632097,211223,238
96488.05997438487,156947,495
96496.84076687717,135995,549
96542.66964105218,215249,163
96578.60394478093,198333,113
96590.34197456953,154679,294
96591.3513060711,214962,304
96595.78014938357,199747,402
96629.47409439902,124340,596
96633.32387866444,235396,162
96636.87970725363,154955,161
96693.38119886481,193949,483
96800.83150476289,208823,197
96805.55424331021,123800,509
96819.6955221391,225299,230
96833.91096416856,219787,108
96834.05660505107,210104,304
96899.23429557067,126231,281
96908.17230524206,181259,528
96909.52301823096,178825,217
97072.20004557548,122138,433
97092.83306465438,202153,548
97105.58207199253,172015,473
97126.42820167952,184743,123
97129.46177886405,165273,190
97146.09062827485,133540,365
97149.47695764685,223158,490
97150.27238380908,155004,543
97177.20226126199,176830,290
97196.42567151437,141283,314
97200.21066123994,235947,594
97203.49354858347,147609,286
97245.74564265649,128676,502
97249.28930741332,230431,204
97256.59684180483,197827,565
97293.42739260836,184167,114
97324.00934979561,186922,114
97367.94152623064,108971,476
97409.0604325552,206864,123
97424.56819189739,237679,186
97428.01179686093,103916,278
97473.50899607388,124149,314
97562.2877234053,129467,595
97575.2011427014,208809,538
97620.88492940289,215452,168
97659.77135174829,100189,259
97672.70591853528,167334,165
97680.5039493084,241554,287
97743.39107986161,125270,344
97756.9681447721,249747,200
97759.65782115675,234934,166
97792.39888380756,137380,215
97813.92865624418,124848,467
97824.2735308367,127584,227
97829.40297248047,148398,473
97850.94210355003,186147,463
97923.90203281307,236293,364
97941.11759748697,169920,489
97987.07594413255,185968,316
97996.4686804122,138068,396
98023.13591347274,108971,482
98070.4282152117,200933,423
98071.41240731817,151877,193
98071.70091284649,108942,527
98103.37360844482,142437,303
98111.16147880697,249969,346
98124.38843681516,190151,196
98144.20403118986,206340,331
98242.59831527059,218801,418
98248.69636218756,215307,160
98276.02309352561,234870,573
98284.25327045708,148842,230
98292.59338925286,227757,495
98308.51474881287,125297,442
98347.30338618562,236071,234
98348.60734006112,195793,318
98369.16814418996,242427,164
98371.15534904582,219913,524
98373.51159151028,244301,464
98380.5229905174,191127,257
98392.57321499966,245043,581
98394.30545672681,232310,193
98404.44073769567,233930,199
98407.49696581975,158158,497
98407.83417747128,192782,369
98426.2068619561,139785,388
98465.51857870519,237637,124
98497.7333527673,195068,376
98502.97165224675,239164,185
98512.35483980438,126250,448
98515.97653862298,159312,531
98569.34799722167,139859,376
98626.36055512537,211153,539
98630.87840473081,112822,591
98700.44842727763,205086,251
98710.32689279498,236773,597
98721.26507494667,224923,339
98729.03491285305,178641,100
98730.59134353166,245688,442
98738.0592032795,117515,130
98766.20299156733,136779,173
98779.31740395667,142009,491
98850.8963998979,163560,300
98881.76124484254,209840,300
