arrived_at,num_prefill_tokens,num_decode_tokens
20.401205745496018,106556,589
26.833687026995328,158513,435
53.505540483156985,242964,422
71.36154230792587,108331,407
73.329135301095,160990,529
91.75614195548462,247127,450
116.93314401131626,242853,507
121.91367239065274,172926,401
150.35685955567925,141853,578
161.34175852067335,172842,439
166.19118528171714,188236,426
168.13783830851628,125353,491
205.74891314117906,169342,411
231.9157217501044,240568,431
304.2400254639048,199230,420
320.3010803736345,194800,547
324.57208938202047,118233,411
346.2227338693445,175861,420
384.88703627179586,126476,497
391.40090787116173,195638,441
400.64736287621065,154921,571
406.85894929901036,118717,555
427.01491815455347,240021,586
432.630660771004,221178,497
438.92344631570495,246001,456
462.00262210241266,114663,458
496.49988851776214,182694,502
502.7323051796303,155307,545
544.5411621098682,182490,454
565.8508254017279,203712,564
578.1320693552002,169436,435
583.7959792711539,247159,537
589.8923162555377,212311,549
600.088855545395,157493,435
614.3365276909533,123831,593
615.3017776430712,128743,439
635.0492455863626,210666,552
636.3619524327925,200039,552
747.4074708451583,238704,464
818.2707865281762,103009,574
843.781725141637,240763,592
849.9891475374097,189174,428
856.9377927163849,141460,516
857.0028045876077,169045,528
885.7093203958093,233085,427
926.5936764867633,178235,563
940.7655084447472,152143,439
950.1308544783694,142349,538
1011.4968052703126,239029,400
1029.7699186274601,228085,404
1032.142610409683,195153,478
1037.616939628666,163143,545
1096.3471387839775,122453,587
1109.6574079807847,118143,594
1124.873348618097,132967,432
1146.4348897285108,244127,442
1152.5941263068,210923,454
1205.471281010359,152730,582
1212.9423641854312,197889,512
1258.9170315225053,218354,430
1264.6149005058348,116784,486
1265.0400731451132,245207,458
1282.7960879344428,101885,418
1307.4052263626393,115433,458
1308.8008112912626,108234,484
1310.270671283857,162391,471
1332.3820666998965,156160,538
1335.220524731904,249695,547
1348.019138465885,223987,504
1352.2436829963701,125409,568
1363.522979004505,211038,505
1376.1085817521453,114200,572
1397.3034619043292,125799,415
1407.6075418718926,188946,427
1413.3253842838703,149862,537
1425.2317712954032,210593,446
1431.7614807613388,165485,419
1443.4699767094307,244264,425
1444.5082323187537,241711,403
1513.9811792994465,161965,442
1524.4126446983244,226185,454
1564.4105281807415,115370,442
1573.9381464070188,202346,467
1626.1524624423757,219277,473
1637.1509821732682,245691,569
1662.4969230099832,140579,448
1669.5365802610431,115331,548
1696.152802984284,115979,591
1703.6788377457485,113144,549
1716.6342283789131,239231,440
1717.805454486519,233124,420
1755.9276661214824,117962,552
1757.3352755833241,161657,503
1759.8893662237779,249336,463
1777.1879702503104,110418,558
1778.8987664847516,248170,533
1786.5055308465219,168358,452
1808.662182638733,182361,461
1814.8366066575973,134308,571
1835.5775898220857,219858,480
1888.4842623883615,119016,402
1900.7445866052954,247585,425
1902.2662467154926,155877,529
1908.4293965171162,191490,417
1950.713409319638,196869,472
1954.1469020351014,242401,580
1961.3524489018248,238658,402
1983.3966160602108,245385,476
2037.0899428349794,127154,434
2043.233110959179,128058,590
2059.3470534541093,171394,472
2077.915829238335,189884,452
2101.178661678578,169201,529
2114.588061030003,113316,423
2134.706049553621,172530,411
2134.7770893524544,134293,563
2212.8165170345114,142357,589
2224.4785486030914,212115,543
2224.6728836978637,119724,576
2271.526150056431,243023,409
2307.5133178030233,244841,437
2318.7482138073415,110965,478
2327.8198465245814,110458,491
2332.5362309683615,165412,570
2334.7056183126147,246770,504
2407.573817218817,140515,460
2447.565096998023,146413,505
2448.0670713177196,187080,600
2501.4867515154283,165055,468
2504.954729395146,128336,497
2546.0953065181025,223388,456
2550.547501145175,220665,489
2557.8298631531557,159662,457
2558.308841848281,150627,502
2566.2665783039597,118198,597
2572.8123686429662,233537,502
2595.5709593582596,240565,484
2651.5864901035648,130236,466
2655.5206080346175,169590,409
2657.8154187221676,213918,488
2683.8946011749167,182228,511
2702.5332930701575,234066,429
2712.2623098596373,149828,465
2713.1703452928277,214309,400
2727.8464102600383,241151,575
2753.265050814794,151651,493
2764.5530038585925,186559,559
2772.088097707168,132669,584
2818.1491687806783,232939,479
2840.134993408974,185506,503
2864.02920432428,245335,432
2868.2891110308083,199390,573
2895.8663170901555,145620,557
2912.7041456807206,206450,540
2948.586410741307,179658,473
2953.305482880299,184475,519
2964.965741035142,156020,530
2977.7839027713294,144483,568
2979.5560584020977,235122,569
2999.6007041613034,187867,423
3033.722264784642,161569,572
3041.1557004949755,152200,437
3041.6502732081594,164184,521
3060.5478828967057,119091,516
3071.2516499212834,150970,583
3095.089521015869,229598,502
3100.6833874247936,101453,592
3140.0686817075384,127941,599
3151.14147212448,146107,578
3165.735942406319,113164,542
3171.468216064915,131813,516
3174.3303661433342,221803,570
3189.479041275273,246518,552
3197.11297652956,216017,556
3230.8616691153265,232324,509
3266.367879443359,243621,514
3311.8688545292434,224433,515
3317.869118270358,164812,563
3324.364654073233,236655,524
3344.0747071728515,171984,512
3345.687704345635,174901,460
3352.0289637638753,183809,538
3353.709157661917,139539,459
3363.368026797187,140056,580
3368.1827975083606,208755,504
3376.218676341376,222139,506
3377.50444921435,210138,499
3424.548041277047,105120,595
3441.6938768004993,225037,401
3498.8975153102792,178279,592
3508.7830039829632,209843,537
3536.31112573398,243165,554
3581.929818507585,227986,456
3588.3046150218684,227308,407
3598.1531077660347,205989,585
3601.7606502834315,222523,432
3680.7364415528136,240017,406
3728.2242647489743,247951,569
3728.7737863558505,212358,434
3769.099569310577,147639,412
3775.125896313042,185813,454
3787.25425509765,188473,594
3829.5996133160165,172943,592
3890.0018011771976,210510,464
3926.027202000334,223288,404
3953.675182044786,113653,489
3958.752963961187,117987,599
4021.817348842457,110553,593
4022.447781365813,164823,451
4059.003247978756,139946,461
4061.7018033179115,129986,544
4120.7387991911155,221905,579
4126.65963613007,196703,442
4145.282277187229,130024,599
4179.500748788887,181536,427
4196.78822622196,181777,547
4219.411800735556,198384,501
4276.176321974805,151990,419
4294.110881761857,163661,426
4318.004074729033,179058,575
4336.350480703801,131733,544
4366.874058789219,191017,536
4378.05960615655,197142,417
4392.162413992965,189451,403
4430.0483105144,228503,427
4441.414700673886,194945,562
4485.848635190039,220517,581
4489.169517883491,146173,587
4503.921815256979,170800,557
4536.947776128652,241078,598
4550.161279282279,214183,587
4568.114320556971,184490,462
4603.639645059392,122718,471
4646.318644451876,163927,592
4658.817519617184,199349,486
4659.399917542745,185200,446
4672.770957578193,193015,466
4681.091537068786,172422,542
4681.295596835816,150084,421
4686.820051160332,206542,525
4703.021592286731,162999,576
4715.95041834246,228665,514
4747.444662937537,124393,475
4752.454865414668,163780,478
4774.26536826975,196736,521
4790.390474458036,190113,508
4904.256015224001,244281,484
4912.927459818241,218946,469
4920.251087892081,160434,430
4945.802350402096,182719,430
4972.966680676966,148535,449
4977.843420499191,226929,470
5003.632945137363,237530,552
5010.286497734194,126352,449
5017.313039213896,194602,445
5024.511431508654,240020,432
5030.924115126641,114293,541
5037.834199220565,133103,563
5078.403267081423,228680,426
5119.63054333981,174537,520
5132.659680213457,189314,447
5199.99423306238,166185,522
5202.416966785914,117129,502
5215.952467960846,114053,438
5219.183975091576,247545,477
5220.964554038554,165061,430
5237.296766983533,209097,555
5255.429855465699,159162,598
5270.216716198341,218099,513
5277.2747329101985,212415,478
5294.090490135771,115789,556
5358.522469437947,126013,595
5363.180991984772,155318,467
5384.78238562277,141171,461
5388.601081673082,119677,440
5388.654667848024,218096,576
5406.673411664526,176351,408
5411.93908750505,174112,579
5451.205242156262,118659,575
5456.521665770889,169351,560
5474.343366848169,151857,508
5476.781664854835,158932,565
5480.00827877115,169633,436
5481.49003470442,143495,478
5499.569573742612,249214,473
5511.135732501061,222866,576
5518.386465463648,205515,469
5532.268305083232,229445,512
5533.9455450454525,110449,510
5560.470909401136,165632,406
5562.386306615846,105438,595
5584.698317176643,170650,547
5585.519584173371,145925,520
5600.155840914169,215927,471
5604.161213372373,214264,562
5637.827740958055,123918,520
5646.380760742651,187374,482
5668.56210635646,142159,484
5679.170604843935,229884,473
5700.8993511703065,204976,594
5716.87379928771,219229,422
5724.426435467462,184744,429
5794.681125338739,205952,531
5829.532193543402,100301,568
5870.239535975742,221104,505
5871.354105341241,235905,492
5890.8448933931895,230676,560
5902.514287726115,113529,452
5908.7280137954585,134344,473
5920.257214301256,227064,431
5920.843101559728,162730,581
5924.291591385455,244399,403
5940.362059085687,124434,457
6037.581740535289,129743,518
6096.353942634019,140362,527
6150.311898843578,176509,530
6174.7554238983475,208918,523
6253.242025051132,163892,516
6269.268483796118,200554,448
6320.2556336739835,233232,591
6362.548927644739,118300,470
6392.1764306650375,208774,487
6446.613854215809,233100,468
6480.970968729324,174144,585
6488.063248677207,228356,438
6499.894831772948,226967,488
6507.977350548187,242456,496
6520.129390725108,184352,448
6599.159882471434,162601,546
6608.816662665942,207682,411
6616.476346643904,223987,580
6665.4124242898815,199937,498
6754.5715837638045,139873,526
6821.519657951751,133094,528
6888.77088137819,187030,425
6930.230589774027,215423,425
6945.159485178466,219780,403
6970.794124040698,207473,567
7040.89649873633,119615,520
7071.318199149915,169474,486
7090.842167018007,204197,566
7092.516655166967,186131,572
7131.745158691393,199617,481
7151.457930894192,227912,538
7152.189117326807,117936,460
7172.137019131087,175334,458
7199.605874425987,213763,425
7228.179033040643,126347,513
7231.81822037,178503,407
7232.759863185665,114711,475
7241.6376422423455,212901,437
7247.237144054178,208016,544
7270.138670656599,147200,443
7273.987789915082,200281,558
7296.973352669435,230460,549
7300.062447326702,220887,563
7305.922433389071,166932,570
7306.111270707326,221963,473
7328.751191377226,141412,418
7340.409434878061,190587,550
7347.518784032187,211230,576
7353.275044970297,179199,450
7500.784371739538,226670,427
7506.199709345151,249926,491
7523.304183159408,177392,405
7599.588034675381,203758,470
7599.750653323019,112856,555
7627.093994844356,175024,598
7659.169088646702,192358,456
7679.415095061186,165700,573
7707.592220513341,135855,560
7709.636506136433,110334,479
7740.717562136675,108746,548
7749.795797602675,134448,423
7797.872171949079,185647,591
7808.612247759134,152637,433
7839.4958168179455,195907,535
7853.430680075767,171441,442
7859.3710595165185,226313,475
7886.823571686099,188792,429
7899.458269588252,119739,436
7927.519064752267,159143,573
7953.281862959597,204179,542
7962.388894475847,203435,403
7968.53186293294,132398,516
7977.727722722729,168724,549
7987.321546751675,197379,427
8009.790093082275,223594,406
8029.117938712789,247169,483
8078.480323809496,158030,565
8079.786396963179,221704,579
8086.982570356947,207032,429
8089.993843068178,109754,477
8200.063192350808,130440,424
8205.415554026786,240914,434
8215.257130693317,197258,571
8274.925604773045,241608,507
8292.62824691293,140507,506
8313.907936982827,228279,557
8324.396825305386,173332,408
8347.838600475841,156955,513
8359.603386774543,161895,492
8361.696260551915,196294,539
8408.090114987808,194024,415
8418.244711493267,149757,431
8477.76753555699,219201,423
8499.50726249255,105598,412
8530.417246770754,163850,432
8561.344452801663,153793,417
8596.762170198577,245282,453
8614.418471322435,161079,484
8644.195521047977,100743,470
8683.29136832908,137929,433
8698.831314003288,145743,428
8720.469818467685,106758,433
8720.769255429623,162372,550
8728.593739150676,145677,467
8729.670174555662,210352,534
8732.083026364135,116661,521
8743.977145036366,194906,531
8761.988741865465,218490,528
8766.997745924275,111367,586
8797.575836671767,236695,477
8809.827191365266,108165,415
8941.064528636598,205281,509
8964.23798540263,228521,582
9012.330525410365,119265,420
9020.105984020825,138884,416
9022.803866739692,243748,582
9030.670213873642,239082,475
9042.76251838944,212774,425
9074.272534617072,129992,567
9095.321426671246,244529,584
9135.444105656194,212740,515
9179.245494344785,208478,486
9214.383292144115,204524,506
9240.541275982674,181932,509
9248.035830689203,166817,495
9309.441722180045,224326,417
9311.354872326408,122377,423
9322.663202065854,197687,433
9338.918523175314,247216,543
9346.917509579273,132042,505
9355.644185597594,210870,584
9356.700518468384,175400,553
9364.192900940461,127158,547
9378.354566230972,140561,568
9391.517480897366,128368,489
9428.852325317492,196353,429
9457.612975727394,159286,509
9494.919609812734,245945,406
9513.700304120348,170109,407
9517.6794735669,180998,486
9526.326646573927,147554,436
9543.03566394165,205063,417
9546.095765930282,108036,423
9573.512988264121,156395,496
9584.401756529785,189363,440
9593.644151268201,185035,598
9650.387096854874,122270,413
9653.769200123646,113044,572
9655.471242921027,216159,569
9666.504708248642,215879,506
9672.885874745643,234308,429
9681.353554339094,129069,472
9704.031167311536,227567,534
9726.031386162289,111905,456
9736.090631785977,114360,401
9740.664387740499,155373,596
9743.61664184392,166982,474
9751.57022249043,102026,527
9779.058654803348,146057,433
9788.626063739228,160322,528
9804.987739124068,192842,418
9815.106861580049,111089,511
9815.48524927579,120411,480
9832.634328633403,206017,581
9853.075225635712,175894,429
9863.460189085688,185136,443
9895.78160172406,220611,576
9946.238695221758,123102,511
9983.458874670776,163783,511
10001.235853598102,237353,420
10011.3117514411,181336,590
10019.607316699921,187311,599
10023.288963814837,233820,562
10025.710331742177,233680,449
10072.983108340282,191586,489
10098.97657062746,138716,460
10101.146201085729,167100,450
10104.9572846648,140073,594
10133.429101221062,119753,445
10193.867398771297,229529,518
10221.9521524713,217677,574
10273.533226810518,247978,564
10293.706738252045,184727,560
10301.30674713405,215281,417
10313.963640137817,179382,470
10331.864979143147,192259,529
10333.406718297756,221043,515
10334.173371157722,196662,473
10335.770064102871,123670,557
10353.802038829215,200789,518
10371.167742405045,110753,515
10419.116640335911,249856,566
10423.287638136611,224683,528
10426.558287623962,116219,515
10428.74346922273,190030,582
10430.505435089015,145235,410
10436.198999489048,214755,512
10451.0486285768,141614,493
10460.38008243693,174158,499
10470.891065374886,188700,573
10489.111451499719,187726,416
10497.111773770863,246266,573
10506.885367240546,166059,585
10545.03769955045,139419,485
10546.738010312984,137074,489
10554.166002099502,202749,433
10572.245402398752,122208,479
10588.616076545459,186108,432
10610.796384825484,237990,423
10631.566954492942,210993,530
10640.54990630229,195052,479
10644.525338858166,156149,487
10703.528385910127,227473,449
10708.66609115303,136061,439
10710.272189487163,126513,529
10739.74191653451,238027,409
10761.43191750495,134353,552
10770.887101819055,142532,446
10806.485109955864,143395,584
10817.9985593205,207704,493
10840.561209744821,162267,513
10859.423938342576,217683,459
10874.695809773253,181125,600
10887.356262696854,150860,494
10910.039403908508,249532,512
10922.425445109575,173864,599
10932.046653622743,238270,507
10999.8329112055,152349,554
11002.812160252623,165536,413
11023.310794712232,197311,541
11077.761959624893,235242,431
11084.473177059363,142024,469
11096.405176760096,234572,437
11131.96783763854,124042,456
11165.900815373252,191641,406
11176.620159731405,203928,528
11185.987027501302,201231,420
11195.38430583079,107389,481
11248.806882481613,187894,437
11251.767594497074,175203,520
11275.58688269997,136383,594
11300.038865094593,217598,557
11300.144165780708,120768,404
11306.056405833739,139195,540
11362.400078787265,238352,508
11364.757443930313,175524,460
11371.923861158566,112517,461
11382.812389839304,219829,416
11385.1623540078,231027,552
11400.522086966688,235102,547
11406.061892562917,137637,474
11417.277583234585,192488,461
11434.187879002406,149103,570
11456.253235354488,237228,492
11457.654804341375,237903,539
11471.813024839266,233070,541
11472.22390272688,223243,411
11492.417850747754,197858,464
11519.930209225691,193610,417
11528.38658025859,127174,597
11545.827431959828,187167,434
11546.734403279395,243134,486
11580.321834829834,145898,599
11603.405343267543,225444,561
11607.430000297616,135350,416
11632.608794435926,219977,409
11639.55581031162,111483,451
11682.950206238032,182731,479
11697.438158371131,242352,521
11703.280362687665,150096,473
11712.111770564947,112531,567
11720.1788579022,132630,494
11731.66664392878,204863,590
11743.253610105932,201356,486
11816.035279788714,230076,577
11829.799403635885,236125,468
11862.103301417452,211280,420
11873.366994713717,147305,539
11880.323179612455,126895,420
11888.270734754085,177500,478
11900.079505786623,211703,442
11923.487997521084,192155,514
11924.353563589364,192421,557
12050.211419842837,171973,563
12128.479177766474,115036,419
12150.724310112182,206485,493
12165.117666169077,141939,407
12168.198867442863,214864,408
12170.897629916195,161864,599
12191.619557907736,194935,498
12251.322176003125,108489,554
12254.653616609807,217944,494
12263.958344930568,120155,546
12266.921272283398,196193,501
12274.47006582278,173056,463
12339.109313587827,106793,588
12343.226392458986,235723,499
12392.188440109056,130870,467
12422.01838087433,216987,454
12534.361921326372,174862,577
12584.015043300004,228765,451
12586.631742141293,119412,515
12590.42244512296,216683,422
12623.691165338134,183778,570
12632.22775844847,117023,540
12647.85296476902,178631,440
12672.735608471317,145636,492
12686.951884688884,131814,451
12718.362544441921,162058,526
12718.89525697189,245233,546
12728.101429825394,244610,433
12747.033767069082,122600,416
12754.434492344166,225479,534
12765.014118606967,207330,547
12766.546356047904,183106,564
12768.087541394038,222115,574
12782.65722678083,133642,599
12798.68539559414,147700,596
12866.46955481199,213408,528
12914.787379075206,114526,431
12929.387840703555,179724,442
12932.92179573435,159105,488
12991.854214881023,236025,472
13029.26166067484,165694,450
13049.421947722733,244399,470
13052.096468414096,179383,557
13067.345471692417,231746,564
13071.03922039994,140421,443
13092.541015317058,188504,544
13093.382352020688,107437,420
13094.312904402925,169377,566
13099.047826860127,249982,506
13118.300197844374,107939,527
13162.264137504573,243019,474
13182.803404658087,179192,523
13188.42092135922,206454,476
13200.506955964473,115705,440
13212.089241541347,226943,518
13216.652941642697,137661,480
13256.188485855844,183706,587
13344.684445526687,190536,502
13347.48730731244,197134,531
13363.982114800767,183654,461
13376.547010577417,170116,515
13382.24523241477,125378,412
13389.101011456478,200702,557
13399.93133897273,141864,483
13454.218198731935,181976,448
13483.022346740288,230617,531
13495.600087618794,180882,527
13496.069069453888,203086,529
13508.290485547812,163105,455
13525.800377676895,112755,412
13532.408170614046,223361,473
13547.795381009224,128179,510
13550.671286025834,169329,586
13559.778399228406,205710,493
13560.704354967613,113410,545
13577.20672176626,195033,541
13584.017177865515,201279,529
13595.986808602745,244141,471
13630.88180558375,131145,432
13704.725756974281,203259,495
13736.410638984164,188889,542
13792.331411092293,137818,450
13810.780753984429,205221,528
13811.602505124953,110201,435
13836.609252620245,224189,532
13848.821750416435,235136,435
13856.770672772054,183500,441
13866.753706305306,178442,551
13874.954420618644,233618,536
13888.415298943375,247567,476
13901.298348260976,104361,494
13909.344936658767,128732,506
13926.872022053949,106985,552
13939.743557579091,159649,584
13940.797973626948,225946,443
13955.65448638008,199664,437
13990.135899940084,163490,408
14007.13520757349,128808,448
14007.517587091406,182232,507
14010.8016707278,153448,505
14024.73752726946,223628,588
14050.732676458645,136197,532
14055.379937494949,185209,569
14068.395910291425,198782,480
14131.181263229304,220498,536
14139.562212400391,192874,573
14169.129509293718,169300,556
14182.3694614681,164623,471
14198.70229064158,158947,476
14228.198181951948,154336,576
14252.612984470816,183110,522
14261.191851244685,171685,473
14263.791157406242,242394,497
14309.01243288313,203424,488
14370.861201320755,138397,474
14371.720739423235,120717,488
14423.263713065648,167225,591
14436.306860767862,152970,537
14442.632133245908,247329,578
14448.970821297973,128633,557
14475.980948626495,162726,462
14477.022935324407,239209,457
14497.342094659327,113760,425
14508.00697448757,223837,425
14530.870298411333,136036,401
14597.645325941814,141403,504
14618.807758069923,224701,522
14639.835006665939,175299,482
14646.556082705938,115509,596
14648.430447509449,160875,536
14675.27113807455,109777,444
14686.092882589897,146081,409
14803.455200672539,204069,526
14807.578757202164,175882,409
14807.764964718823,248887,554
14810.035074210817,187829,472
14822.150591110496,242422,534
14835.77150195736,135179,529
14848.394518555122,150544,428
14856.424501120342,220301,565
14862.372817096499,148810,403
14889.055805743428,177338,545
14911.49758865873,150636,444
14930.378768153863,206296,509
14944.862472830087,122737,502
14966.990676300653,148439,435
14979.971525285086,165024,401
14986.014862114349,161740,514
15014.043562346455,186409,477
15031.511096963619,102997,466
15052.719132930031,161945,415
15074.758658629236,222000,478
15078.23898525184,231732,580
15107.618687466827,130779,563
15157.188525438352,177342,494
15176.259316551428,157443,434
15189.268040926507,219269,591
15279.1727751832,197943,506
15303.38203336493,223424,593
15318.804972693368,157255,595
15324.491139539292,121461,534
15336.329972426898,194839,419
15386.167318434453,129414,415
15421.462743889982,232510,451
15438.46820097989,139282,442
15446.421641178833,236404,513
15448.893036609246,153844,583
15466.393501906245,123839,530
15478.186647092454,114584,516
15481.016635927406,208901,516
15497.614822976924,246485,518
15519.95652297913,180784,585
15520.396741596243,166704,400
15547.789772705055,119144,411
15558.812220357024,116714,538
15661.54864517727,118092,520
15662.193631889997,207182,446
15691.497964581518,210195,495
15790.329289118225,200264,514
15831.075373194011,198958,496
15832.748440733681,241374,434
15853.947858200268,191165,430
15857.879683020075,240839,500
15872.93094161784,158376,400
15901.15739423701,178214,518
15923.543892130323,242723,508
15938.726794749115,160205,463
15951.073689420575,140664,470
15955.250625473625,129581,408
15988.410396850997,209901,557
16017.463650518643,104101,461
16022.079142945026,126449,552
16022.762201005176,112760,462
16049.745338754785,205451,512
16055.085661348146,156955,593
16094.94803830865,114796,435
16108.967426155179,175828,459
16142.800597105954,183598,547
16161.022565525449,184060,460
16168.206540479217,137554,569
16182.93811929141,208412,476
16189.37403830775,245940,551
16231.7316809483,145910,560
16254.442401479164,245712,526
16255.402776750674,190286,564
16277.657560334603,237484,481
16301.492412139689,207022,438
16308.622725398907,148202,593
16324.063427960356,163168,457
16331.217978451508,137840,518
16380.459251156037,247426,505
16449.166450981462,246089,535
16452.046000561368,163663,465
16456.592464364832,120727,515
16494.15625518938,124238,537
16519.945758856604,149933,413
16526.197869825086,110367,418
16530.366991024013,246499,455
16543.422234182457,187284,477
16606.36253050335,104019,454
16661.705724450094,130753,591
16816.83379963556,225546,462
16840.623779820286,153611,501
16889.95563762488,244724,482
16919.83446580858,199788,519
16935.090848349173,194177,478
16941.155200947123,234431,527
16953.702542066643,223074,594
16990.320597233364,153248,494
16997.826746904386,111984,544
17037.74123534931,138252,404
17043.784270045217,209465,475
17047.091468333903,186472,458
17056.64701646376,164416,527
17072.64574779586,188490,465
17101.470106275494,228089,585
17121.997489820587,228606,517
17125.681563861795,192320,443
17128.697057228128,243273,525
17132.76504664623,242117,564
17195.80663775505,237348,408
17232.342166366503,119485,571
17233.3367807717,101673,505
17236.294986979923,160668,417
17260.858218043864,102396,455
17274.95180323381,197832,415
17294.18987210727,226669,568
17307.572797869958,101733,536
17323.616132668787,103106,404
17338.69181870865,172021,537
17414.55826939688,104493,528
17448.108024783065,212872,445
17450.37176669245,125248,534
17453.59622057993,150313,558
17468.54642887625,192914,468
17500.23512433344,120714,495
17564.26458413699,220323,544
17569.837917983285,159207,476
17592.880813988166,121133,567
17688.64995083535,108305,423
17699.043185050585,198872,541
17711.968651606276,102477,579
17715.72861015047,231034,511
17736.4361348172,186840,544
17812.169705886423,124998,535
17862.47344779027,160231,454
17908.78137576395,248579,521
17915.105614629505,119489,575
17967.067518477565,242352,544
17988.532798668548,147016,480
17988.848438229463,154305,550
17991.962612518073,204410,419
17999.075461763012,247838,461
18015.801772441417,202015,573
18061.17042551781,186960,498
18089.350164709973,136687,576
18115.10910939433,231279,590
18188.352557026497,114076,425
18199.845205381225,119927,487
18218.431141447873,203993,598
18226.332824401456,171651,600
18324.420199998192,228608,458
18333.21546848979,198415,510
18337.324926653575,199633,421
18366.907809620905,177431,463
18391.880835568634,121505,468
18395.2307783705,140442,589
18405.104314396373,194555,427
18407.023971947983,180810,513
18415.947135958806,170717,426
18418.79009278958,149123,510
18430.704828835613,245421,531
18441.191294174718,106884,422
18449.927756212175,124396,552
18468.155999132887,185047,498
18468.40434698452,208477,499
18498.611508068276,246679,462
18515.582300791353,144455,575
18525.166644422246,136396,468
18532.33249131463,229269,437
18533.639634309657,213947,470
18544.572225702883,226938,600
18546.173042686616,165981,463
18571.69670621902,229971,552
18590.87382403401,220025,427
18593.78566119179,101774,501
18601.861507810743,199585,484
18613.465840782326,212883,566
18686.633137913166,135684,476
18694.365960497194,152652,522
18701.90885771135,204396,481
18708.79949855092,228714,547
18739.262351600482,185429,496
18745.840772079995,203005,493
18748.25900660945,247810,451
18766.199900928517,243033,446
18789.09591362578,244205,406
18850.25002960209,221011,581
18854.955576894838,176370,577
18856.38890585398,207254,572
18870.223997479072,179385,461
18876.04927867956,140407,583
18887.05197460691,198825,418
18898.97480595898,225628,549
18909.218173033118,232805,577
18920.05420539768,109637,492
18944.242911802794,240746,552
18964.575100657516,122277,427
18993.877873887326,193063,442
19014.703609715467,111612,544
19096.923098361487,204757,592
19104.980369325975,212841,427
19105.192445222507,167826,456
19119.487063697965,235999,542
19136.86177103231,157942,514
19146.233689612487,221389,597
19168.994612526163,231194,438
19177.456017619403,106438,523
19179.664581155772,209045,421
19182.13211427629,137139,489
19189.608255673873,219362,600
19194.243550977328,226596,489
19207.175027314093,214862,584
19231.039856846655,183600,417
19238.18090238282,130168,405
19276.01426757406,128668,573
19308.208039026053,163940,532
19312.042226307574,141978,484
19328.454972731266,221124,459
19360.420559591355,148352,447
19380.88020651126,213281,501
19381.472743453847,151727,515
19399.4124667688,201930,401
19423.81014890719,153945,471
19451.72294643054,116400,547
19453.86912910633,240742,447
19462.976727622092,151661,517
19465.396477752824,228315,535
19532.9752566989,182157,552
19542.816618426124,202903,550
19545.24262435564,192270,517
19564.455977993097,177973,557
19582.29615499127,135113,480
19584.804282568937,180053,429
19588.84769608111,137056,530
19598.68330126346,136141,547
19608.36405299765,148694,524
19628.54871764776,145412,542
19632.199921925025,175716,435
19636.342830552076,218227,558
19637.4448678898,194119,402
19650.701453625483,151151,498
19717.091454789246,232497,567
19730.754197675124,228902,506
19755.521506023124,216353,525
19759.18202581837,248215,407
19790.963057438938,157810,474
19791.62788773041,158941,537
19798.440272887154,219884,544
19825.576401740578,229843,540
19839.87632373501,129938,468
19869.71947071617,196170,538
19904.30766693132,110907,594
19929.694272848465,243223,455
20021.354088159882,126847,588
20056.80154632263,164888,476
20098.359975678486,108449,515
20104.458309788835,122802,512
20144.550998809784,130772,598
20177.96545081397,155018,588
20195.696395426265,191915,581
20214.541996507094,212241,442
20233.692127574428,154164,452
20266.432471895096,249441,489
20281.630215045385,241234,443
20289.4512136772,176712,474
20306.458257804963,234850,573
20340.22581384322,135543,592
20371.032545953603,115541,470
20411.387826705697,133262,579
20451.59790019182,165451,437
20476.45181587205,164894,594
20513.552915187232,202944,525
20516.619939948312,170442,560
20527.316333443097,218486,419
20547.39844189088,124404,503
20561.89588348282,172935,577
20616.978639829646,196749,516
20676.995175949298,185796,548
20677.044698914666,124416,587
20748.663354818178,193905,416
20780.4245096017,204258,455
20849.345421560014,155535,526
20855.599589955116,174342,486
20871.450567900654,134234,544
20909.71861458862,190109,574
20938.449664516746,112043,425
20958.12925656818,220476,404
20960.78245611322,141414,512
20972.97763494977,212145,451
21081.93287180201,134580,566
21089.119741954848,171832,423
21110.380087325535,165638,421
21119.679414641963,143391,413
21129.77434962543,180087,585
21153.816598444577,161379,509
21175.128964665084,124951,400
21179.93021149459,120431,433
21197.942471777755,236169,574
21209.720625201684,102113,578
21218.13953598406,131612,508
21241.824965844433,225226,418
21247.02492572427,123417,587
21279.818418496805,127053,480
21288.98187041955,178447,435
21298.630555421394,134903,564
21397.69719976723,137448,417
21412.81929194556,102221,556
21433.816889506477,215369,489
21459.450678021527,139681,505
21478.596891930927,215968,455
21480.410447187878,126336,435
21508.332949411415,200671,489
21574.404588750473,182445,435
21580.09928714103,122085,463
21596.220975095,174690,599
21652.92021587062,107031,568
21694.64183664857,153856,532
21713.317028691858,149452,591
21723.260448042223,114304,600
21768.89895967274,162741,526
21778.6504398303,163198,527
21798.97721030311,118615,535
21842.892138765645,103163,492
21897.23125403126,134598,499
21936.67013681399,248997,507
21945.765737592577,145290,595
21958.501627509988,119134,404
21976.205391738087,103615,467
21981.06576029468,115851,501
21995.19489164199,231346,596
22005.93253477127,205454,421
22026.395431369376,240943,557
22029.70897887818,121914,479
22031.355351967843,153267,439
22046.729591374842,202427,550
22066.848115843695,117331,479
22090.839491609193,162557,414
22096.446465591394,213897,429
22108.526195442188,114425,479
22130.46324693122,146044,430
22130.71816405062,135969,579
22130.946474308057,230131,488
22145.75147492354,167960,442
22155.051619354177,170454,587
22198.555653522795,107695,485
22231.468134267394,171298,534
22232.788195229365,120203,527
22244.93484412948,194404,414
22258.782194051793,248605,442
22267.949633740707,166877,597
22270.12150212513,130234,458
22297.12306236821,100673,411
22336.258906534717,103221,462
22337.20035147509,195414,498
22387.77164101977,146913,409
22403.86952589021,209935,457
22411.63584628254,209119,584
22419.347188271066,120417,546
22428.677244890616,231607,572
22475.120965591905,147014,457
22507.748299544757,112039,502
22509.176639357138,221921,472
22538.87927263196,181447,483
22540.686204501606,219733,402
22549.892637023928,176439,544
22580.589194241762,163591,518
22589.77517291782,229331,597
22619.68717754757,243277,594
22651.477289416453,139470,401
22705.359505330052,106267,459
22720.957376817394,102515,485
22720.986639024588,198638,588
22746.968068684222,127249,452
22762.060627844734,162434,507
22775.607241388974,115701,436
22800.4790182137,124386,411
22851.314756779895,236251,505
22875.450753358415,197646,517
22948.87530880827,122256,548
22950.88447107983,134999,563
22985.176316943747,119616,551
23001.954612863883,214028,569
23068.56097252995,162068,474
23074.60987446679,182577,500
23098.737762903085,185524,481
23110.795040730343,161239,419
23168.28470080794,135680,599
23197.690973853743,128566,439
23199.924308797872,217851,519
23207.462832336692,131650,537
23216.3351285499,154430,515
23223.70741058513,169470,430
23225.60287660119,179748,580
23249.475273780106,110572,455
23285.623876199137,185929,437
23287.53676479574,165069,491
23297.62848284599,112832,573
23304.728886578352,145578,407
23365.50026534478,218541,542
23393.07301611241,165497,424
23405.472558318357,136645,431
23405.713137961433,158271,433
23410.129389244485,205010,495
23433.31481292069,122030,549
23450.95833666814,119657,405
23568.24740689915,151839,565
23579.966701070705,133761,423
23627.060690375056,186913,431
23627.933382613897,220847,412
23631.611579973247,213549,585
23641.662073027754,107728,497
23664.65258087671,145300,490
23669.48678043937,149060,470
23676.05282202796,138962,408
23695.09670314545,164431,565
23702.090836238887,208001,540
23715.132128349233,122995,471
23724.790348627856,209899,451
23745.371281688444,237839,463
23765.297146556895,242516,404
23856.241995469572,194139,522
23871.969968554164,227055,488
23920.73280018577,231699,482
23930.565723951288,147137,406
23938.245988057977,157414,407
23983.468092426414,173644,414
24016.54151968577,223649,535
24025.387200095032,161017,440
24027.49739590445,163216,468
24042.755469829193,114656,595
24155.247772249437,157517,547
24192.72952975232,201822,490
24247.460385108105,145537,445
24252.858567669486,183362,588
24276.78041729201,107394,580
24300.897295256724,248806,544
24303.962703380712,149344,526
24319.585867132802,146021,525
24320.359929892133,114724,459
24338.769057135934,105224,534
24351.770389053032,186962,557
24356.269903210607,134207,487
24381.511663739297,184826,415
24381.954794734647,137133,598
24384.30616922707,237965,493
24448.965030487663,197934,580
24505.884815253718,203703,550
24508.014975844846,179105,482
24510.949084079817,141288,587
24570.347853147712,227716,566
24577.981361742677,247318,577
24622.054303923076,193539,457
24643.95856554209,145967,496
24651.28797018092,177205,432
24655.201171515062,100471,579
24714.601744656593,202655,597
24781.75527490987,108488,446
24800.20088095425,157906,563
24816.874380598394,230071,436
24824.918840771315,120396,460
24833.436589133984,183759,442
24853.65888209568,123258,581
24875.83362379998,188014,514
24876.062844758184,154967,463
24899.69246944692,191876,465
24930.623610306764,100335,412
24940.37676850181,210009,442
24983.555469420793,229258,496
24992.20904579667,198395,425
25027.508317255015,159135,441
25039.511927389383,108758,475
25039.917573401748,168453,426
25041.45952308879,144592,496
25044.968138027685,119661,540
25101.85727312923,124406,486
25119.886820206546,226546,580
25120.516493281626,143253,555
25164.617181854104,141183,413
25166.752363072395,153883,448
25177.280621469272,245257,584
25229.239512779222,241590,467
25250.850907126052,177961,460
25252.86756543838,202996,546
25268.822730915464,228699,439
25269.94366136069,101000,509
25271.777818783765,225915,451
25273.818183097428,154251,443
25294.150940866002,121479,521
25331.27934233876,180832,600
25341.411610773524,228213,569
25347.569426018727,242639,499
25351.657854712616,199993,494
25355.788080981853,111696,467
25367.375182422453,169048,457
25403.664949159556,247913,415
25406.94194956376,125350,421
25429.00286202539,241937,505
25499.609997282427,159641,541
25500.868447084045,201477,533
25511.715876300546,240381,575
25552.04806787407,224472,546
25594.730900639184,224849,476
25596.375829399713,109103,528
25613.31205262261,235480,546
25635.94725904113,138652,430
25695.56603046141,217713,444
25755.10874892324,143821,454
25788.16199653904,133078,410
25799.173255788926,214135,451
25917.236665362325,138765,552
25923.20172324005,117566,422
25933.02542372656,204164,541
25940.91969021258,172404,533
25953.17527664603,103241,579
25972.688551847525,236986,600
25983.5690945417,208643,438
25986.777158897214,126267,427
26003.319132558827,126474,473
26043.738852410792,190143,505
26049.873068736888,227293,546
26068.652087249004,109821,444
26075.095187603692,137710,558
26093.858516202006,205308,409
26103.93527622632,186899,576
26109.36041158491,224575,468
26154.82702806502,105303,486
26188.834632753264,179444,479
26195.414345666642,228875,578
26218.508605573224,159757,434
26225.655836236896,216158,598
26260.609539442336,170626,586
26271.39310616608,123406,448
26283.050877301077,206737,589
26296.301697771192,235397,495
26330.71103061318,235074,440
26332.068407131264,232853,503
26334.983952982086,237438,545
26335.57146144521,150531,451
26371.84870157032,165402,408
26384.04132413381,194470,580
26388.48195184378,196561,518
26402.551008882023,132472,574
26403.17180861817,197639,525
26421.201998581775,146552,521
26438.882354034904,191687,488
26442.45325472014,167806,591
26477.99503111083,123695,472
26478.55171700392,113015,441
26517.01022930362,156182,456
26537.85750894711,154193,468
26558.944862479435,234553,405
26598.93972232951,102332,521
26647.4382659986,145403,553
26679.71369259383,158659,464
26698.461114123627,180074,582
26766.70088812579,172188,508
26811.868994182776,191412,517
26817.676005691672,222342,477
26840.290214402765,204111,549
26842.44887089292,234090,569
26910.36438567891,198102,543
26931.209523092097,174102,476
26954.275949346713,226284,416
26962.47395755406,172478,563
26970.338871070286,172583,466
26991.688098504437,178326,448
26994.936813548382,162993,414
27027.67606098673,205931,569
27035.377130141864,136681,584
27035.892827377378,230383,475
27041.899429098044,209724,503
27051.72887539259,109258,549
27076.353628729605,249957,448
27084.76013981098,158291,575
27100.058808876394,224711,571
27108.937641349414,178694,443
27145.669267222227,246341,446
27152.625951504706,223412,432
27179.63823363153,246546,595
27228.389100911452,187984,567
27230.259931890967,193135,457
27257.527896039202,180500,507
27288.559809720005,186852,495
27294.597031760168,177083,518
27332.701941674033,223348,413
27372.959049495257,118668,520
27417.00046659176,231197,430
27457.42358035227,200052,535
27464.51015585684,114172,438
27467.465434277427,152506,487
27477.990712838793,249265,517
27481.08229182288,147279,599
27482.767572371413,187196,561
27569.07793253032,182159,562
27570.273221117866,218503,470
27574.972037652726,144198,547
27603.891543791888,228339,595
27634.151607123687,133922,557
27645.524636363083,212567,503
27656.73284913901,225147,498
27656.826450580065,239927,451
27683.06199669218,103690,482
27711.343345475823,239207,448
27711.704916725703,101081,560
27738.160286845312,159314,577
27780.069288432627,181813,433
27782.23677221778,231946,550
27789.54575563731,117114,411
27796.627956174485,176238,516
27822.654664793095,237394,486
27834.026062978257,135072,487
27945.16220228412,228497,491
27972.89733822551,143223,503
27973.283537754596,158804,586
28057.117646951934,155362,587
28057.560785632126,232286,443
28060.189445702108,109794,496
28102.026877227356,167053,597
28117.3297727843,112736,552
28222.056290726177,128341,567
28258.2287084201,112644,576
28260.68991825197,216474,497
28263.328459011955,166253,521
28287.532852175937,153869,577
28310.683546197153,102439,477
28321.608162525637,126471,569
28336.300434937235,135956,507
28371.81651021802,127502,530
28397.18789050394,130863,472
28399.608940429793,127856,527
28404.038006584073,152363,599
28410.141189208363,237139,451
28419.00209386401,207415,475
28422.4980587911,243691,527
28470.736378943508,226003,484
28476.081037804204,103342,571
28477.94534777743,128948,546
28500.05941099927,139097,423
28530.29894128832,119673,585
28556.015346467666,167080,564
28561.272801791103,177600,467
28573.75557597848,126164,444
28615.20734937116,176170,492
28647.5563581837,181974,509
28674.38585257751,124903,594
28718.58451444583,102535,435
28740.359042405486,144698,484
28749.207664718135,214744,559
28755.455615318722,124366,495
28789.199744178706,147938,429
28799.442190603695,219678,469
28835.564431577583,225369,507
28856.49506724255,143720,428
28859.338129474854,115373,440
28861.528023930256,226530,545
28884.216531918184,147516,556
28893.769210169045,194004,556
28894.354001562246,134250,523
28944.968319170206,129605,505
28956.58927132849,116603,466
28977.87195638697,103240,580
29018.421431205923,237577,596
29045.64361980636,248114,457
29121.88315330353,188683,532
29136.692255538557,124967,510
29158.369483705686,165162,523
29166.854782789036,200893,438
29203.385903505834,246366,556
29204.508129896523,141137,529
29242.297195519506,229980,442
29243.853512884943,228882,482
29249.3657324399,172917,412
29263.507787895745,244309,564
29273.02460350261,161603,420
29285.314820844298,217466,422
29324.155665013055,217196,480
29326.68296428997,230383,590
29347.87308457382,126907,503
29358.505169738834,246048,540
29358.508564336465,123827,554
29424.5380931789,179848,530
29441.06401225962,219592,487
29450.094480447377,114227,457
29487.293204730377,187024,543
29516.46331569257,224029,583
29537.873564352187,218628,429
29539.923900549198,158129,400
29548.27537645162,176541,540
29563.037643399708,127871,411
29608.474322985614,229085,435
29642.975637671134,207272,427
29648.843989084926,151359,448
29651.417613869304,202995,455
29663.63222771849,149959,583
29671.880014684913,208650,411
29724.123871888172,132301,597
29768.59091474918,219901,568
29786.389547196115,232172,434
29852.793745344716,101137,535
29879.446082273425,245024,510
29915.950270195048,226597,530
29946.331385219408,146452,577
29963.612675995795,133654,426
29973.41371983719,184369,529
30016.052105025312,209750,555
30065.569515013478,165074,470
30075.71515309859,189878,475
30087.77564196575,134962,435
30098.42158089241,234294,476
30135.461254305268,243604,480
30160.34842693455,245118,561
30165.24963036895,154974,559
30190.31180842952,190516,572
30193.158563325273,146612,528
30208.797758686447,184510,581
30211.250271707104,192337,543
30224.343033902638,249589,570
30249.109049150178,239959,473
30291.0982177333,210726,403
30305.891675365332,106624,497
30309.032395404134,114838,451
30315.243994033804,142188,473
30338.245705724046,138385,415
30361.70777966482,177369,452
30389.723269387207,108468,491
30423.366260783165,126864,557
30463.87068827396,247294,457
30490.998622803447,247133,499
30496.424182568706,175402,577
30518.266465631335,200029,499
30529.04295265612,181960,541
30530.14902531108,165887,451
30549.530290633975,216146,457
30598.02226678286,196401,593
30615.775619962347,151503,598
30641.589087879205,150724,475
30653.502780523675,119521,447
30719.15787125211,234701,430
30728.628411097914,212330,471
30744.894008514584,134096,441
30762.434738596578,166850,401
30770.46109665214,140581,410
30773.79880405989,184575,552
30774.842687349195,178945,525
30806.04689969393,244221,491
30807.560362293276,183324,534
30812.528615539562,148200,533
30813.940852074706,232419,440
30824.695583470988,240780,503
30826.624602262116,157985,454
30848.397909325875,186787,492
30855.348655918468,239067,521
30969.21193259461,102307,429
30991.32095306629,216828,461
31038.29279203198,163917,410
31061.241576830682,184131,497
31110.764264876478,129720,498
31116.694431242173,174141,406
31165.15244138192,198293,531
31197.62487570629,216800,524
31198.521719937413,150465,482
31212.94832018033,125154,442
31284.195913623247,241026,536
31284.34306536323,117163,453
31306.536638849077,155882,575
31317.576865174247,127243,452
31333.010035676005,214094,565
31366.948589002797,118905,591
31390.1186082603,106226,517
31415.35546948981,109931,422
31416.87685569658,146659,464
31433.20957419303,159675,466
31443.68214478931,218259,561
31454.047476933018,182943,404
31463.917077812726,131013,536
31464.035405709925,116577,593
31491.439970497308,111931,579
31529.150550774528,193768,528
31531.394573337187,178997,555
31533.204125717988,214734,497
31543.258406561185,108079,521
31546.658128982406,157636,434
31574.126000614546,243058,475
31638.570762574338,137768,476
31661.190727256864,197813,402
31677.31812829801,245508,436
31679.94845755283,101318,546
31698.107712049325,240811,540
31756.849203220347,179872,453
31784.439279541904,190138,454
31795.082120332037,234362,436
31798.59192379201,157878,557
31834.597642142086,150941,429
31838.599809952702,248712,413
31876.72810052229,243878,518
31897.422521466277,119174,474
31919.698171953674,165716,425
31924.096586767908,227714,484
31932.933101872124,161481,425
31939.646393158193,118299,449
31947.294629065458,218134,484
31966.454726459524,180130,577
31984.004298351385,248256,545
31993.070955531894,182924,509
31996.76479106458,182107,463
32027.568636315234,214327,470
32064.23402767157,135207,573
32090.642122415582,225817,518
32102.430769830633,180077,524
32118.475365507522,146077,565
32137.1353395285,173561,435
32181.518064418353,151493,467
32207.969033777263,120044,586
32209.536914191223,104883,529
32229.510072087913,206203,596
32247.343805861336,109609,541
32253.38257199377,241473,520
32274.603592908934,138963,493
32284.571600526637,176283,434
32297.07020203237,233801,423
32307.179839163826,231640,402
32328.914214483473,143474,593
32343.350773088798,216974,440
32347.29895354997,248324,568
32388.4439699621,138325,588
32414.779669869058,194056,410
32419.718640907795,227832,459
32421.017117591837,196845,459
32421.892152416778,154204,532
32469.55202982751,194699,499
32482.23730580788,219182,411
32483.05176035068,184953,426
32507.381864025072,236674,562
32542.77953278391,169026,548
32558.500141669974,145573,496
32579.707712521984,195760,550
32600.89572941142,120404,532
32606.69171993765,158431,532
32617.1039267902,190448,524
32648.57158757185,101729,528
32691.318805434745,215316,442
32696.54586087541,234883,564
32703.138441208273,139384,447
32706.56268754375,131019,569
32711.79898050202,186566,584
32714.20482481756,225518,522
32718.937100978503,142269,565
32754.776090291456,105884,462
32755.65814459836,142239,434
32775.51836358254,110273,546
32778.69511551014,143605,466
32829.830956261416,235434,503
32848.124672809616,247745,563
32848.50058422757,174305,421
32853.38265334376,223578,523
32857.1229070184,207680,553
32860.202537432575,147679,559
32881.758079564075,169342,442
32907.51870850468,189829,516
32925.67193805387,118046,458
32935.175038821726,134658,427
32935.50906524453,237025,529
32958.57262056807,139206,555
32960.5977457107,224746,557
32978.91425235802,239311,528
33006.8317061852,124429,523
33028.37220253318,241370,400
33073.82670068335,213114,533
33084.74484500824,111387,578
33099.83749051271,160158,523
33131.00816497682,199938,489
33148.79374636164,125615,508
33151.66845431306,225079,596
33156.96112621829,121972,472
33175.20174008558,242535,504
33181.16460478966,101433,581
33208.388499474604,101864,547
33223.17402369946,236252,401
33232.57505252179,153849,576
33265.1971877138,207176,492
33267.45122939552,211692,566
33285.05861276735,168498,537
33296.07634687697,195851,556
33302.52348859227,204190,593
33307.07891498075,244730,600
33323.38804424931,146850,494
33339.76650808586,226814,464
33429.089050341914,190270,598
33453.538209681145,136193,568
33456.074109817455,160233,514
33486.641340940216,142413,425
33491.468971615555,205004,486
33523.74328593462,113645,441
33533.599846418656,101386,423
33568.260844358425,223645,553
33579.692800294855,116798,467
33584.70746995489,120981,555
33585.477200645786,200748,502
33604.51377605117,236578,473
33629.382317944786,115063,598
33663.70371760476,229595,512
33663.919080935535,235830,473
33668.2510436861,233837,532
33692.22741473272,144428,572
33692.961962782865,162719,567
33692.96770904537,141273,422
33807.96723540049,204709,490
33830.12001633502,206286,550
33834.590648445075,104028,588
33858.91303559256,123636,540
33865.60833552528,246568,549
33874.16547180522,172484,457
33892.81201481774,150993,516
33945.91562245087,101219,466
33949.763903638304,232707,427
33966.12137100159,231902,475
33974.430646405206,130673,531
34037.22701826612,241008,547
34042.98443318305,216069,496
34059.548592771025,163772,593
34067.84862439586,220284,574
34080.19904801698,107169,523
34082.671083433575,117708,497
34102.75504987087,157771,573
34126.91306679686,182766,505
34189.13399319586,235398,537
34189.32940860799,169035,463
34196.10301037145,204577,572
34223.73218237154,189651,419
34239.90565533703,146788,521
34247.4394996553,157295,546
34253.70840953919,149851,527
34280.42897226249,161567,588
34285.9719014209,169574,452
34291.17862370734,165456,558
34299.980604886805,127967,430
34350.542265544194,229149,557
34350.67517974513,241944,410
34388.35406913486,197306,558
34395.9329740921,172019,525
34399.97216125501,233990,471
34410.11811493613,133618,413
34425.03791448806,210933,522
34481.1912664116,108536,528
34489.72368164508,145822,517
34564.744903345374,235844,517
34572.33065625448,102206,403
34594.7541379331,199464,548
34596.877973512994,194791,556
34636.465123307564,149060,540
34642.56437470978,170623,520
34706.21853980728,189940,493
34710.28324257104,211134,453
34721.14653270244,197598,493
34759.674225291434,173303,515
34763.64054251001,134377,547
34786.80854712101,126180,584
34793.10136773496,161814,542
34804.42174894952,199846,450
34807.5745713942,139203,521
34840.33835345227,146296,507
34854.18521657423,235530,536
34879.68459372856,227564,476
34885.46422628515,248854,412
34895.62753963902,142819,415
34900.48088077676,166660,521
34937.00438494775,125244,515
34964.3023407668,168096,492
34973.23766574198,246143,465
34981.673832721426,207940,431
34990.323072754014,152155,547
35007.47853142746,241148,444
35085.101748055116,174608,490
35092.965275157156,233809,524
35122.77566266914,217160,420
35132.370956898,175110,518
35152.34876800619,137971,442
35172.814077484065,188444,507
35192.76807455504,249851,503
35230.56444492525,118702,420
35234.09917629829,159825,480
35241.72081960737,176377,581
35247.945904550514,203666,469
35291.67607374837,195201,591
35309.358342786814,218040,505
35313.0204146065,106055,432
35339.04275177121,165967,590
35363.16872380413,120988,453
35366.82100695703,127003,424
35368.139367592805,224042,540
35369.245931607955,204074,534
35398.20901815251,121823,426
35404.297507481366,140704,421
35425.57202710336,202195,479
35430.78260094899,174494,513
35450.47831217349,134413,534
35486.94551674155,107489,408
35508.7315799274,185249,521
35521.32351825425,241710,469
35537.22912199105,135419,578
35552.728746458546,219680,561
35580.36775079617,247845,511
35595.1918148646,239928,479
35643.11284770422,226262,538
35648.26569586502,123476,513
35655.62527302413,208056,466
35659.01063644465,102767,400
35673.828676160476,135730,488
35680.587485397074,240272,402
35703.867786740884,228956,593
35716.83382803932,102394,596
35728.09148638765,176787,552
35733.350375273934,101892,540
35742.707098919935,207934,543
35754.20039085208,165508,441
35779.30136122855,202163,496
35784.28578460239,120764,508
35803.91960451349,235426,595
35836.10427021189,171267,472
35857.01273738913,239445,468
35867.66407176413,117947,446
35870.60217239343,128929,563
35882.75415366263,218690,469
35906.865141121605,228973,448
35914.59733273899,139885,412
35984.540191639986,105801,447
36056.29020433178,173954,468
36058.9617282691,214928,586
36059.126486831,123644,438
36059.42317350204,156934,487
36070.32609901354,230651,495
36082.78675122404,108319,484
36084.459233930786,138296,414
36090.65788512528,202871,418
36106.327725113246,147606,449
36151.537207541216,165556,497
36186.771752915876,131971,596
36211.85480808235,200872,597
36285.61018080821,164792,588
36389.79950140845,152213,517
36416.38438601093,124631,533
36438.31714381526,154643,521
36448.1743355127,181817,482
36451.62836951336,111058,590
36507.05485551485,236557,431
36512.89703238031,178332,450
36521.83611188107,113654,570
36526.74870775771,129603,460
36546.79161600516,185069,403
36550.45470262805,172377,549
36553.00340782545,163724,402
36622.37255474473,224589,576
36640.50987463268,197359,597
36642.38466077859,141339,527
36644.3017014609,188715,594
36663.925345377844,115669,491
36684.61416001136,240601,427
36687.3037101304,160994,481
36767.294266719255,191047,512
36793.71854883572,105597,576
36803.20742424384,135319,464
36848.9935066348,227219,580
36860.50078968096,177257,538
36884.38373270491,149748,545
36888.51503564126,191138,482
36914.88045478539,172174,553
36964.05915236193,245364,441
36965.486421301306,140638,515
36972.49666252166,169035,538
36981.64592101828,100188,598
37001.96958232725,199363,587
37006.07404135511,104907,558
37044.94839281207,162596,482
37070.47951814644,241284,499
37074.69071563612,230429,596
37090.726212063135,174220,482
37101.27224182478,184416,428
37103.29643129378,117479,411
37139.35607845985,134019,445
37180.705196024246,152973,427
37193.99134884963,125887,408
37210.9178839541,201868,568
37224.38123172196,167092,412
37233.50652915835,118579,403
37286.752117202144,154719,567
37300.27420205934,120960,519
37332.56521617071,115912,492
37348.89502410507,209039,494
37380.51685178917,115283,557
37386.69675384413,110656,587
37388.15651631641,179666,419
37446.02128710282,236179,424
37448.15574086851,160559,536
37457.88917108811,150625,534
37479.282468654375,249429,560
37538.22258499976,246387,591
37554.557901528264,127659,596
37574.914644354096,193837,572
37587.19103772301,211955,426
37590.840892805645,147289,540
37601.10937854016,188476,568
37604.553075625736,216132,490
37651.10805093986,244200,483
37688.375826259224,208093,595
37708.43682301035,184790,555
37713.94458360423,243032,454
37723.34667468683,244241,590
37729.209657873864,218594,514
37793.49958192291,100051,585
37794.205140213446,174575,552
37794.53387611196,135411,477
37794.66568608552,158166,454
37833.385733528215,105688,597
37867.89841895408,172340,541
37882.217381645365,249597,546
37885.57900519484,109892,517
37894.369448217,136282,467
37903.51776457822,165498,459
37909.438605332674,178722,423
37926.34067816444,249176,455
37952.845864103794,185116,523
37956.64251778065,124999,552
37977.20119344347,109796,587
38010.24196196187,200020,420
38040.53560223239,187658,489
38082.906319929745,213850,506
38136.16195424338,131598,597
38141.30417543363,102997,562
38171.35342509563,200266,413
38178.62406143668,110795,481
38194.151582218205,139211,483
38208.110821698036,157880,439
38209.14763403656,202991,514
38237.10203803981,232311,423
38242.124814494855,175964,500
38245.3284806353,188124,421
38258.24820575567,112926,540
38268.43777969948,122302,502
38282.373781209,134177,595
38285.27130875126,246616,450
38298.65449677707,249770,450
38315.12725153555,237428,463
38320.677004896665,169797,598
38331.92168974829,123486,428
38354.201135998555,211028,493
38362.76479603139,184079,488
38380.78678756304,106345,597
38388.05844389041,191676,557
38422.53119739639,215922,559
38425.683428385506,111764,459
38430.13843129982,197994,439
38458.49279301045,122495,428
38485.40210952996,163713,558
38537.6741069224,175414,403
38546.083794795406,129170,478
38558.042773868154,105963,484
38562.732161335975,241034,454
38567.290292687656,237171,592
38573.27615721409,226622,559
38599.45716393388,137053,577
38623.45380717369,104820,496
38640.947425408754,238097,411
38646.84710123516,115757,472
38651.32738126109,171114,413
38663.835687223764,102184,417
38673.67724151659,171122,569
38711.89931351401,194429,427
38712.28456678433,201324,459
38790.318943375416,233310,581
38792.417349223324,182694,524
38832.731327796406,239345,422
38836.85748390524,231242,517
38853.30837127151,105633,410
38858.99259040651,238783,478
38867.10898286426,203127,590
38870.52487385343,190906,575
38879.19948303985,179253,460
38989.60077713432,231400,470
39023.015648842185,167549,499
39067.23438760648,107724,542
39126.798686978895,159135,438
39135.1631950746,202982,568
39138.11604890585,200193,533
39202.79872844164,159618,506
39208.2969625621,140042,509
39278.78948086527,186320,514
39294.417412844574,154200,567
39297.40079397805,241912,575
39329.60006090347,136204,479
39352.929240144455,237312,434
39364.17387471128,138050,567
39418.24406913217,141431,481
39419.64852828732,239712,584
39422.168576777956,183256,437
39448.14007391527,183542,505
39513.1248093096,179520,513
39540.502523210766,171774,438
39570.704140489855,127989,433
39574.78926382903,169956,555
39591.53160538366,160532,552
39596.815670361924,106837,491
39598.47190210168,224938,434
39612.428046031455,222883,582
39633.39984959458,148228,499
39646.92351123717,136048,441
39651.21858388056,108448,504
39680.14277117696,103935,469
39740.13679094281,158341,590
39762.39136533465,153171,593
39766.968615446,146419,512
39807.33614676825,228435,576
39815.19390623037,219942,463
39826.350702463875,110964,555
39852.93626720435,199712,584
39860.44170292378,249929,552
39875.80598869013,110095,533
39878.12130670673,219773,410
39920.15994819224,164414,532
39935.59809196677,110289,542
39945.39888352847,112922,448
39952.28193880103,204343,477
39981.997781838494,174950,518
39985.639891881976,177180,556
40035.91411970802,235520,436
40048.37083752739,218409,423
40074.02010680953,129667,446
40104.18764209488,243237,434
40114.17437015553,184793,515
40114.67892358198,218929,551
40160.065316528635,152935,516
40161.955479107666,184954,577
40182.87073974226,142990,583
40209.30053209177,123905,429
40233.79947071298,195143,421
40248.638544465015,200686,586
40279.953338675106,234130,556
40339.76978129337,199268,540
40349.350087847735,144796,485
40366.02088689671,139345,441
40406.6443609809,146888,596
40431.54355499915,209990,478
40438.950871337,216983,473
40458.645092200684,130816,433
40523.24073360546,100926,559
40552.2378430151,103200,517
40566.00611534259,230716,539
40598.95457775225,229359,460
40603.843807293226,224705,516
40614.40159383424,120815,553
40632.7325143382,164150,540
40639.250245851654,246158,453
40640.25336257596,138864,414
40661.437937325405,109626,437
40699.897538821664,178234,484
40750.50851825789,112853,427
40761.298402424305,146726,441
40783.59875460136,247371,445
40851.3999061168,194421,409
40853.354947625,178458,482
40862.550293237924,199336,417
40890.96320561277,244302,416
40897.89296613883,135270,431
40921.6168968892,171937,484
40936.59232456558,237532,453
40960.39566198168,115252,427
40977.33874958604,238660,422
40990.558661453724,175284,509
41009.331668918305,182965,466
41024.236957850226,192760,433
41043.29034660153,230127,533
41069.4167146565,230479,526
41102.419867060744,161006,581
41109.28342625271,150739,400
41111.799388190935,221866,560
41143.664042096185,154350,557
41281.56096631278,208538,411
41289.68404092388,246909,563
41294.45776354004,152740,576
41301.07308220272,117782,478
41308.214696858646,244177,482
41337.35183193057,129841,575
41345.459620864356,203821,585
41362.28892417497,107632,444
41366.60274150618,188588,572
41379.64700304963,224387,409
41400.39653146189,226221,439
41420.1308215499,240762,485
41432.546238485855,208515,590
41433.69929289194,236596,476
41450.34484082813,182707,542
41465.69731958077,154594,547
41488.83231759104,192692,416
41558.7073179383,173520,407
41566.99195899112,198367,560
41582.27507962698,143507,546
41600.88739095621,149120,552
41603.37247387914,180814,580
41642.38562876131,108291,469
41653.06988743596,230299,460
41662.36093219866,179332,455
41677.25397034199,145878,428
41686.6289607631,109802,599
41691.14436105353,124275,513
41705.24854141731,226527,528
41708.595098593694,189159,523
41734.96340710806,237265,479
41764.84395726621,137563,596
41805.92707367881,235304,573
41904.3805075349,153788,585
41905.12525393062,201603,582
41945.14676553131,130365,401
41952.59650340051,111542,575
41990.290324202135,122826,485
42002.870345273215,112095,426
42017.573814609896,181914,405
42034.807963852254,181826,563
42079.34556889055,184116,451
42083.62294379336,172522,536
42091.31120286756,215635,571
42093.814551404874,139143,440
42100.20865604386,103999,559
42116.61126356761,126837,452
42132.25208674346,244012,481
42138.57514711176,174256,546
42144.19126443818,118675,479
42163.19146648503,188798,538
42174.918535314464,134098,407
42187.643877741706,113226,427
42197.321049550286,122575,509
42207.269919541366,216873,557
42216.05938670261,187118,450
42241.01778891528,239849,420
42313.767747750935,222079,545
42316.59430255147,222755,424
42328.755141193775,222000,520
42334.02649050927,158666,436
42373.50597503982,167646,493
42383.46011334937,186593,483
42395.53659538395,107933,416
42408.43647737104,192128,522
42420.806241399136,144774,472
42450.02155835023,133395,530
42452.194035269975,128044,483
42468.439401195166,118592,477
42483.65702805459,205071,551
42494.32669931904,163882,540
42497.79045421597,226451,498
42499.157314469456,154588,577
42517.03665972178,214125,545
42547.99662823154,242744,577
42553.38441820411,120419,589
42606.81779786311,227567,429
42624.755558371566,221348,483
42640.95312032393,216710,445
42648.31753929002,206376,417
42666.556501862535,199329,483
42680.19254336509,116117,423
42685.10062752962,136416,548
42731.814367794,100048,593
42734.98784393044,139116,515
42750.14180633181,202231,557
42767.39355541598,151292,452
42790.27726571385,182994,476
42807.16952743286,179835,511
42832.47169011517,190246,422
42849.951980955,233804,503
42887.58173647286,177118,415
42896.7977908223,243886,413
42896.81466422021,246808,491
42899.138562298824,173979,407
42904.50245730617,203355,560
42912.16070349735,200346,503
42921.77196866809,242899,454
42943.4950268884,224484,435
42947.66571359013,200819,492
42984.31267924971,140440,473
43103.79337005529,132911,434
43104.026781847686,104117,436
43129.58198431874,227585,568
43141.06208980634,135592,421
43144.01400692657,209014,516
43188.82170596552,211595,559
43192.78578332848,233540,508
43208.847257883695,217976,498
43217.62688592554,148704,508
43236.18268064641,230588,587
43241.58607273631,231525,468
43252.16714822494,243174,547
43261.31189831468,109926,545
43274.51652170984,196620,428
43291.87933627991,120988,436
43318.079745879884,237994,592
43348.25981965364,221880,532
43349.88911038888,123185,462
43362.679402626316,120468,575
43382.764781281636,181919,556
43383.84913834579,190058,536
43413.99824224039,222911,516
43428.374234839335,223006,546
43454.84547530075,210366,490
43519.51577567728,177232,474
43523.18241292461,179710,586
43553.92676317276,168273,415
43573.77400946067,144323,546
43574.83400729432,176481,588
43594.414199111954,175187,524
43596.1364747142,232538,419
43634.272509565446,172836,464
43637.11619859564,173655,470
43676.13482705839,103723,589
43678.50035180016,145773,551
43705.3625385505,217087,494
43738.351148916554,168485,600
43762.482330003855,227118,446
43794.6083872818,108674,487
43877.40149170965,138029,552
43931.74589041727,140409,526
43959.693910409966,208251,597
43969.357049305654,215391,585
43989.655785354465,155274,547
44016.168134403306,190459,413
44036.72717201881,130407,413
44040.3960252408,204528,521
44047.568623168896,239597,459
44057.12291422473,202254,521
44063.216092266106,239052,511
44063.45477161524,217655,497
44086.14951607672,239002,574
44148.56216413393,125523,536
44168.8525959071,213190,556
44218.883567074496,171457,485
44225.1867186849,125762,465
44246.43290147861,202538,518
44276.102316449695,163385,587
44298.39043473261,151098,533
44306.62230982414,147164,480
44322.48663558428,102221,417
44322.727306070854,125611,534
44324.92153396185,216901,489
44329.87580073758,174264,464
44334.16640408852,106212,558
44336.09532880264,156839,553
44356.42212996068,131451,422
44395.24228905278,134054,496
44416.60751819653,248391,447
44461.87511932604,148303,464
44468.854034766504,119848,563
44480.93639629656,172452,596
44492.07320810479,184778,465
44495.60714099065,119397,470
44525.62831566675,200348,499
44533.71727029016,115744,466
44596.01015386083,169380,445
44607.62706405192,228901,451
44626.474722123625,146777,565
44640.022454566366,137715,538
44669.30388200148,157248,557
44689.92322585219,215757,583
44695.918217886094,109138,418
44697.378500959305,165692,598
44709.18605521833,230469,438
44730.34690489877,100227,409
44752.19588152582,169844,438
44776.27901790685,202584,547
44776.35323051468,228628,522
44787.80929611442,118376,538
44792.92900704158,200774,576
44827.001414141516,226370,431
44843.75303325448,194088,485
44866.656782752194,205018,414
44886.66504628372,123767,493
44901.96333694067,189145,420
44938.76321267687,176010,565
44943.30424802999,245352,410
45011.84252917612,150070,476
45035.64933739833,127988,561
45058.99846397718,227533,421
45102.292206000944,214814,588
45106.49340866593,109358,449
45107.00724531124,162517,525
45116.85280377571,241702,564
45124.20841370975,239969,515
45192.176922168794,104303,409
45200.46557931415,188530,584
45201.34074144139,130982,454
45234.25279284706,237132,517
45290.55095947111,240656,438
45317.57348099919,161075,418
45318.324977848424,137117,525
45339.54157196055,223527,558
45340.47924717469,134219,403
45344.26010528037,113096,478
45378.638378853684,125504,516
45397.53351478545,116766,427
45399.95833779063,157821,416
45432.59748247733,211728,486
45465.972859315814,205384,483
45468.54777232895,243100,435
45476.307838046836,155897,595
45477.2410042705,145468,485
45478.54718089545,171799,436
45506.88638351431,144053,578
45516.12478627984,143255,512
45521.70966467983,110668,434
45523.816160576374,198600,599
45527.24981545357,227655,420
45527.377211910934,147032,422
45551.91121088312,174378,506
45575.56219152938,224783,577
45578.27612152106,137509,563
45584.596373840985,218074,505
45590.06548246683,145756,556
45613.59740683643,147186,583
45627.45585634873,123074,560
45662.485519335096,178957,489
45673.33824005511,246200,460
45677.599700199804,238988,424
45696.894668569745,241485,529
45701.845343687426,154554,470
45702.93592509683,129538,438
45726.055060361876,224364,527
45729.934616533,111302,413
45750.639527667714,174727,453
45762.046498718126,187633,557
45794.757380833544,218789,411
45796.963079907284,113751,537
45800.83204711883,107619,524
45815.300204865845,118575,460
45840.85999036545,185451,507
45845.29167061466,185376,458
45875.48128509084,185493,458
45877.5455223553,208159,451
45886.96263861241,157845,418
45899.697607310045,226984,413
45943.932184362144,137995,455
45996.522635572976,219273,445
46006.321221974176,135757,517
46031.76776928873,194002,469
46036.28598910084,133347,408
46059.85277444286,115637,471
46062.788036798025,222037,517
46073.621426632824,190066,456
46117.12444171937,141101,563
46178.174787664655,144547,547
46248.396712540176,160215,422
46259.00694653828,236778,525
46298.645847520966,156739,551
46311.475508343516,221310,471
46311.76770966587,212226,588
46352.97594036772,164967,483
46364.36795500594,158302,551
46422.83706339459,101331,506
46501.262416807105,110501,520
46527.70825911668,232177,408
46538.80024447542,203368,522
46571.985050975316,125689,515
46585.66028000501,121781,542
46613.633991669245,206592,455
46616.4816752591,177539,461
46637.343724498605,123784,404
46650.413907565126,179911,441
46674.71488512276,249521,591
46692.23995135243,219233,518
46721.7936765877,206262,447
46752.99318015266,197103,560
46765.47664240034,100357,560
46766.94308538537,187269,535
46767.60831035566,211647,592
46773.89675568927,242196,547
46805.54087288806,121222,558
46848.087852456,114368,531
46906.21381339224,195417,413
46908.566221603694,195837,519
46927.87234617804,195832,493
46931.72626758328,246483,580
46933.1133959236,153664,435
47012.64635693153,162556,538
47015.057141313984,225434,588
47071.04333096742,154996,592
47098.37447663895,159097,482
47107.073745465124,170086,528
47129.87660733444,172651,413
47131.185928866056,190499,515
47144.50540008004,238066,431
47157.20914949656,239435,573
47192.11189891438,176615,515
47211.513708939725,117203,448
47256.008274538945,220028,422
47257.67961148152,146874,473
47321.20384449675,120171,427
47324.80471676656,129366,578
47328.00701303527,139452,452
47342.715068719255,105948,475
47353.49054181714,241933,433
47366.33600817358,210134,513
47393.10204086452,105631,474
47397.293281316335,105776,459
47433.32311704916,236215,565
47441.508886288495,189860,567
47462.28094796506,185539,524
47480.27735307626,238979,540
47492.062334683054,179713,545
47494.89255189501,180345,443
47526.03588587598,159449,523
47535.33707743158,175535,597
47572.69007582237,138886,490
47579.38225224496,143611,558
47630.95736329246,240330,473
47634.982081762835,145969,581
47658.591066346096,140235,441
47664.024756041865,110787,481
47681.115745820585,215576,466
47690.346049572,153780,543
47714.90687785326,183084,488
47718.108943426,217552,538
47792.26258902783,239891,477
47794.85314932901,106533,503
47848.3461104133,138111,517
47900.91554266834,140908,401
47971.147060872936,243168,529
47979.19487702766,177478,521
48024.457829432184,138557,544
48050.536918083075,215895,486
48073.905619838646,225562,410
48076.908670348144,244430,429
48084.27443270139,205284,558
48121.03597798737,216909,491
48122.9767964095,114426,555
48143.482879791176,238001,456
48173.882444769,172856,450
48174.338579858115,241141,514
48196.9445643223,122905,531
48206.976055693405,228572,481
48225.461096205225,234101,414
48273.277830118575,194650,501
48276.47993614974,212103,494
48286.23881184961,103195,472
48294.69877662547,180762,514
48336.176196071145,122963,455
48362.20448065366,216449,589
48460.32232774985,215999,473
48463.89984599672,211105,586
48509.24977072662,136586,550
48527.47263613384,137654,453
48534.69866698121,237704,485
48536.066723204065,198506,422
48536.19954059866,171651,506
48540.04438494277,221141,581
48556.82710526234,135894,451
48560.9431612157,200078,474
48577.08592122397,111071,477
48613.071901828,179669,526
48629.45886029646,221491,457
48630.00299600713,100641,439
48636.097581037684,223873,431
48657.31310318162,175415,506
48661.26681822374,164159,407
48663.8088242911,172670,526
48767.27057022662,117491,553
48794.64481288098,225956,544
48806.1012630647,167609,560
48829.26295785996,131348,495
48843.633318967986,104599,466
48847.18829311685,115338,437
48854.89216585608,135519,491
48858.45817135955,171478,492
48869.3359634427,193319,412
48876.18171926062,238834,563
48931.25847801918,234707,449
48960.34501227273,148037,595
48962.33056341405,143813,539
48970.120632745085,182892,575
49002.297115386216,171161,575
49026.24152921578,195033,424
49041.530969876825,192177,436
49041.79060109422,235835,472
49051.127228660764,227113,505
49059.447027405775,142737,426
49064.36187249055,231958,456
49099.986995518986,246448,557
49123.38826955941,237796,536
49148.32219664048,129875,506
49160.66412618056,120027,429
49194.83214313483,104555,522
49203.392797543864,195045,435
49237.3624103804,237133,595
49307.56800975423,145143,581
49314.83579442002,131089,456
49317.59150535876,137318,576
49322.730022147094,132858,453
49325.520281419726,120605,508
49348.99679383373,129287,419
49349.37650384563,226944,593
49360.66270116144,151472,427
49361.329550128605,234605,551
49362.551431055945,131174,464
49363.43635255727,179074,570
49363.642862996436,125297,600
49366.28593399509,153844,550
49412.57400050586,148439,571
49421.23690432479,123797,437
49458.63498183993,172712,548
49467.18418275342,142089,528
49497.53979213467,163392,529
49514.43014338389,125979,548
49543.24465024949,238631,455
49568.407010251896,173887,443
49614.79355787769,240804,401
49687.46616471319,125869,454
49738.10038929463,224443,493
49762.05575823731,148529,512
49784.44383906495,128134,446
49820.44880548214,199513,508
49825.27174845117,159651,504
49827.66647055423,182386,431
49840.20997789628,236243,434
49853.906258668394,194699,580
49860.70742713294,110645,421
49868.66080093908,130335,498
49875.33145256402,181790,575
49950.075246910535,216380,457
49966.22020210607,176176,509
49970.40464485655,118247,521
50026.36917705626,196322,445
50026.626542794045,228882,572
50028.84901537303,214834,533
50050.33999411894,122283,430
50053.43492103501,205021,577
50071.29408397403,126665,589
50123.17699498521,144229,416
50132.21901167462,152189,486
50136.68847121589,205981,431
50141.990441807655,211333,585
50155.8178215445,171558,593
50186.98252355521,204919,491
50199.9011661387,206022,524
50214.22598270009,138633,596
50226.35197290378,132031,464
50239.79305247194,160508,560
50296.878749980424,107791,425
50323.651578726814,117885,527
50346.32232784275,146948,497
50364.87866207845,185709,439
50372.09096202818,125253,594
50373.683025393075,236301,596
50387.23588579961,222164,451
50394.18630891037,230521,525
50408.24196827203,242196,487
50441.40209802124,241696,539
50441.75866557922,108283,510
50484.18489244361,131230,498
50496.1458335954,198654,513
50508.45682853928,108613,445
50524.7254902266,179441,580
50528.31147465524,212900,434
50535.80417059745,201995,524
50564.683583997365,249121,572
50578.17220104716,245171,575
50593.676376276926,223160,521
50610.19876966516,140975,529
50611.345783328754,169046,526
50629.22879220026,199037,557
50651.799160259434,174563,482
50653.06698859149,111827,432
50689.33901227674,191455,589
50706.87882512256,189458,497
50708.92723416531,190477,491
50719.54540645949,114797,569
50725.14574062873,161504,565
50732.627962922284,122266,576
50733.98284101637,179930,429
50742.2203811377,105167,537
50750.11435179784,220824,568
50789.92371015138,248910,531
50836.25938759894,169892,405
50860.07120751384,105829,481
50869.5590755077,202315,482
50886.556903345554,228020,425
50910.036380439466,153977,486
50923.76900541938,189008,442
50942.850304677944,195245,511
50947.357189770315,119744,537
50952.17519789743,169508,412
50959.232279211144,205389,457
50978.826066073176,124106,583
51016.008025358205,124833,551
51024.222746697866,117634,545
51056.53042494315,224588,509
51061.23826912516,120096,566
51095.954051982284,232288,476
51107.29881422507,241544,480
51111.76360998061,205460,464
51131.37826851894,218811,571
51160.2095238504,147343,404
51179.97836359644,235325,447
51197.17861775874,155824,569
51262.64371347418,222498,468
51317.98791392982,239649,557
51356.303731133725,213698,544
51382.241220563425,115697,533
51386.72029883962,221238,437
51392.21887890827,178715,511
51402.78035815331,116889,562
51407.332378612686,208118,468
51442.04495679147,142096,465
51465.266729360934,161900,503
51470.71559610401,139311,449
51471.277499558935,181406,518
51484.5641212797,214329,508
51505.38544984581,109700,451
51508.85724933639,135764,407
51514.83606961147,172816,568
51530.83763094826,111070,584
51544.14212296326,105218,414
51583.40504005396,122001,480
51601.811002078335,116667,504
51647.22754603034,123673,501
51704.57859926719,136847,460
51706.95274670918,231137,430
51721.71386193841,237693,464
51735.43535101913,123658,460
51753.75223340787,182158,484
51789.46788058278,202223,591
51816.716232385275,210852,455
51819.832424690365,145915,454
51889.912631552324,215205,504
51895.78142843129,114660,525
51911.030086201215,129612,481
51926.812018955316,224480,574
51932.46847529723,172806,600
51987.75209188834,195157,521
52012.90457321709,180785,405
52033.63973490428,109125,589
52055.347147918845,114332,576
52105.235935988676,162829,464
52121.32769903144,181072,563
52184.96103969618,195120,575
52187.564438241214,161966,513
52197.400296739346,203016,465
52204.559187490064,161724,476
52209.28342114369,142002,512
52229.24171965967,206506,408
52235.646831185346,120996,599
52292.080871139726,223493,588
52302.73416242896,187221,583
52313.71045899922,126318,441
52337.688982701475,232732,416
52346.36184109804,243583,588
52354.27515693229,107169,595
52355.34525744686,148166,561
52367.06360466553,135675,400
52377.3021909836,180097,480
52394.4536363319,129052,440
52400.19670899802,134103,552
52423.348252639684,183728,515
52436.36401442961,134998,466
52440.174614125826,185873,472
52444.60410601247,208657,494
52448.619257312435,198912,546
52453.70387141732,106021,542
52474.535661491725,159954,422
52547.62720996444,151974,467
52571.79092021802,144238,412
52582.04195951577,212434,553
52588.068326149674,123346,494
52591.79787898865,248699,430
52592.082188378336,237845,511
52621.7699768813,218936,572
52635.400240462106,158847,582
52639.94190057421,169783,473
52667.38523548024,200158,433
52678.673582026386,154160,553
52683.5294540764,174178,586
52706.143197792066,209662,446
52716.645884662175,138258,407
52723.5011271155,168629,460
52742.731086167674,165095,494
52760.21981928248,220104,421
52760.42729658681,134918,482
52833.72991212602,204216,575
52838.5005811405,200531,581
52849.508928892734,167168,418
52851.5115116255,115401,413
52859.60669498932,161562,520
52907.375337013036,111930,401
52913.22673385159,199860,477
52989.132765586124,197229,433
53058.00931732211,246685,410
53075.382528311886,168233,443
53089.39590513467,188913,519
53092.225322444414,183182,581
53107.3438163461,137170,466
53109.82884079676,111576,432
53123.66023400596,173662,591
53132.604491134,212744,472
53179.222675620586,169000,556
53214.61353886718,169142,532
53222.12225892089,143249,480
53248.82434247087,228784,595
53308.75927737304,245666,568
53329.00717249214,215340,413
53333.19494310684,114304,458
53337.2407266041,223272,466
53340.81261578868,222456,511
53343.27912417502,229737,410
53354.92984241914,247024,524
53367.170762938265,129488,584
53407.50074386647,132415,489
53409.46574713345,174479,446
53445.49632699785,233362,469
53462.06409404535,155678,549
53586.40186288212,101081,534
53615.52312466316,147335,506
53666.141264404236,164528,596
53679.92878147239,124721,484
53680.45488416893,131979,500
53689.8088757883,127805,482
53693.14828681114,121250,517
53728.669855122396,225791,516
53748.466272364254,170600,552
53769.925531805784,186357,411
53791.2778507735,218777,483
53850.18563029781,249201,433
53854.93471101583,112761,564
53861.58701697371,114558,590
53863.05400870311,199979,423
53873.232507226436,146664,461
53940.30884847877,204573,422
53940.72335506781,154584,441
53950.56025644749,205485,472
53971.39552163462,140405,430
53978.48753957766,213340,588
54011.32192711242,181291,575
54029.824198231436,194121,570
54031.8451835147,196326,531
54036.30483631481,216770,499
54049.24689718524,247602,553
54060.24760404674,210765,494
54079.27911281137,213798,561
54090.38222625124,110600,531
54098.745479309364,221510,573
54103.82346867304,140650,526
54118.80845478172,237541,421
54125.67807427804,214650,420
54173.22590899565,225202,476
54176.443527105715,133499,575
54223.084550541724,165183,533
54234.24750110514,249038,412
54250.261896358024,111821,531
54252.53943370895,211388,505
54254.52444835555,249023,464
54263.308742887915,121435,596
54277.30994598972,129867,589
54298.97919793374,147068,446
54335.99790322721,111864,421
54346.76360613022,178026,480
54364.45985383473,219275,593
54386.64886201385,169487,487
54454.704610978966,149071,454
54458.798098968946,167978,572
54461.04648770086,240083,404
54461.1637723133,130586,403
54464.93222334361,225074,517
54488.4727547517,227591,477
54507.74561052462,194562,576
54530.150695000935,203546,477
54531.98500085783,135419,403
54536.21923582087,104164,578
54606.700346772246,107029,453
54619.82189133584,138051,566
54625.35753102627,241186,448
54627.15807226631,221484,437
54640.006738671786,105719,429
54643.63970617664,139956,589
54667.893123686,227152,520
54668.28958292108,217837,549
54673.84764111546,177288,545
54709.22226593742,202690,413
54717.347075789985,126912,561
54754.97588421871,213190,506
54792.73463117862,245307,474
54793.489026053016,204773,524
54807.8934631934,227900,459
54832.949045580244,238492,404
54843.91283114136,182798,541
54845.225171996186,209350,521
54847.712431376785,190902,514
54871.626866166276,105454,441
54878.420716369794,150384,520
54886.84795396177,160844,529
54891.80955042518,188906,554
54930.217840096964,222805,433
54973.15912886443,202333,506
55008.964030689414,194438,520
55041.128309821506,142474,559
55045.7722124631,122594,570
55058.962196596025,145427,451
55062.361696664484,229023,425
55093.90909486541,229427,477
55099.25933624147,245969,412
55243.469622769655,194053,466
55252.30319860277,141577,444
55287.50244907241,231983,408
55320.38464526206,188535,510
55322.80471868964,159425,430
55339.31459898885,227497,466
55440.541032764435,193124,596
55441.497049364385,246020,468
55486.825526467364,235105,554
55508.96764503075,113217,512
55541.0553475542,129079,427
55571.48868695532,126704,543
55572.346198931584,127632,442
55592.22725107575,153840,492
55595.64378968955,176578,581
55607.29444427287,232617,527
55633.671038836175,126029,439
55654.502051446034,187715,435
55657.12664020188,152924,512
55727.01703112824,101726,462
55763.03061818104,224168,487
55769.789316696355,144895,421
55775.97466757377,208792,492
55795.829487350275,164343,438
55823.81353428096,238844,507
55854.763064201004,136174,509
55865.4316277825,207297,517
55926.09638207639,235307,574
55935.07765018797,107802,513
55938.22439903558,102607,583
55971.04780770943,118240,421
55979.306777323814,205290,597
55982.897079655646,116113,500
56011.37221850615,139571,547
56012.56318141251,236256,475
56023.43378400615,245125,477
56049.00419436158,182233,488
56049.16286679394,173342,535
56068.01561553607,138498,579
56078.363829803966,153774,539
56097.9462936206,215905,578
56106.416348261795,206038,598
56110.811727152526,179044,421
56111.56514503241,187685,499
56137.39200684386,133031,533
56233.76910298845,174429,454
56235.71738130342,244647,479
56250.452503449305,141950,405
56251.01825490232,241540,551
56257.00498751569,179676,585
56267.99444150205,232454,428
56294.32877507225,197774,466
56314.05175099708,192923,431
56315.029944755006,132702,514
56322.10527438315,101366,516
56330.38470694581,161891,590
56420.58205052204,248267,582
56465.532419654635,239798,552
56470.85964985136,178433,472
56492.84724394987,136692,582
56502.33280216164,164915,426
56510.278186779164,150477,599
56519.2435785086,125686,437
56544.11451927963,208017,420
56546.050214063835,211381,433
56558.98514750931,216959,419
56568.20346341102,237954,503
56585.9497295528,236038,599
56595.993076360886,169125,549
56609.809167123014,210997,512
56633.16956314593,228330,587
56705.610796178866,142688,436
56719.70652490693,227078,582
56731.945715488764,234528,535
56734.458298759804,155742,516
56747.28289172683,141114,543
56756.502407695494,131133,554
56794.75625967726,128923,430
56803.98382922968,175914,410
56818.77927798058,130865,495
56826.05397676114,198162,477
56833.01624771052,107334,436
56836.08253044082,210561,412
56891.31808754467,179996,472
56896.17433841584,228134,400
56898.783982891546,191396,417
56939.654128264476,209464,523
56956.67632153638,248311,515
57002.78556368187,198908,521
57038.75641068396,134815,595
57041.73853252769,220831,594
57053.69270512027,217722,438
57093.94265632433,185253,422
57126.11258555858,207381,499
57131.41332157619,203650,486
57146.9871811605,216155,588
57153.48448118331,123207,442
57178.05038034827,249945,561
57209.858658919766,180962,543
57230.58040665442,246630,421
57234.8548365603,242038,547
57263.199408276385,249486,533
57267.39891774364,224737,528
57312.83310755519,131531,568
57367.86744794322,147118,404
57374.2980867408,153950,462
57409.70085091548,216452,421
57442.59397036257,183999,502
57460.372006804,228836,405
57468.68099921281,147319,506
57469.16801990612,238386,481
57478.7937117882,123861,429
57556.82142113663,242024,443
57563.54071673077,147885,465
57592.78735863926,140429,478
57653.58719850483,144352,415
57672.65020549296,185273,446
57673.201148595974,115335,476
57683.085098449075,183896,436
57693.73367147323,184991,466
57703.15017186883,131710,413
57707.677131920966,161994,526
57721.88793415319,232231,498
57781.54704148678,170592,415
57789.211422783206,244997,504
57790.56540150421,107577,504
57810.64279027317,104881,468
57826.79489212719,126610,463
57855.586963502545,132917,477
57872.38493265661,216911,421
57909.837103536185,231185,452
57940.38335142756,137320,495
57955.93305612838,144089,600
57961.558084934404,211084,542
57973.57827097593,100262,518
58038.52091840635,175825,567
58110.09045075674,100142,415
58164.303567425966,226402,469
58182.52305278792,199654,489
58219.48186312728,155772,549
58256.219200059604,173744,411
58259.74001781423,240008,544
58261.19003859556,123518,501
58285.16505516421,136608,585
58301.425261394135,173258,510
58306.1612431048,232335,481
58349.23275731769,189819,562
58355.29166419037,218677,469
58360.9370202454,184315,487
58365.667267930345,186103,404
58414.73967018728,135055,565
58465.826806400626,224919,401
58512.16961539996,145491,505
58528.39880197745,228182,595
58538.376449279516,121272,566
58559.44539279964,241203,407
58604.06411721188,216700,572
58606.69856277222,198664,553
58615.56083503123,146448,596
58648.973245349414,102210,431
58661.39694098349,150591,513
58661.5850892642,105185,594
58668.18670889657,193800,449
58670.07218665993,179476,583
58675.070863223,229448,492
58675.82066514654,229194,580
58700.3701348109,154810,401
58704.73541417875,203831,428
58745.52694759288,249186,528
58759.15176727968,244647,449
58780.718458128795,248296,572
58803.656676489554,248148,444
58805.008566875156,133619,590
58806.35379690025,168058,545
58845.04040029087,237122,586
58875.52880234099,150292,573
58875.99658044826,239707,557
58881.828269244106,246831,516
58881.86740680948,211965,564
58904.229412998524,113595,482
58915.561401341074,206660,470
58918.15714547772,235867,519
58931.84385644106,235595,594
58932.73260761962,158863,412
58939.24535540252,210116,536
58951.16073809933,101352,500
58955.48926483495,121445,546
58988.460420148884,159147,576
58999.48713240736,119514,463
59003.87207589049,186304,479
59005.17018898639,125356,407
59018.24742684443,106297,551
59050.16018876474,187635,464
59055.838068984995,224145,461
59119.62569971139,114269,485
59134.29154798873,162060,418
59164.19137644003,214957,595
59166.20261183352,217035,548
59168.869271446725,115908,408
59178.34613552337,117046,600
59181.07480845474,215846,414
59188.250382245824,213204,416
59190.398246779136,114625,543
59191.470548497615,199996,502
59193.485311722085,207769,459
59233.47320139749,102780,516
59243.16077127805,212225,558
59262.47199560441,189028,566
59317.95094121662,106808,516
59332.514531092405,150457,427
59334.681600978285,117706,551
59365.839054334516,150754,546
59368.53213195222,233404,465
59377.31436557223,226195,585
59396.710879823986,148738,462
59399.673287601625,111552,415
59402.405283818895,214254,531
59466.65389233873,193780,479
59484.179237689204,241857,598
59487.32693170815,223082,479
59505.81991754333,176300,494
59576.13260243098,235706,550
59597.57260196844,137906,414
59602.99270298605,246656,413
59613.9584468895,151224,451
59634.422317419565,152759,417
59642.779709666494,224708,577
59666.32249797417,222526,553
59689.90249863839,248398,485
59709.05012562122,209758,484
59712.59155256617,219092,410
59726.292381915104,100969,563
59731.33932628178,160364,519
59750.898395061944,162657,523
59777.42769659778,186904,589
59786.85696820155,204939,447
59821.840662462506,101763,492
59822.039489332805,193817,407
59838.21925367093,137329,474
59849.830204586906,194348,411
59923.85675707835,152198,450
59930.541077506336,157395,467
59955.91746844303,189081,541
59961.56377868073,151376,405
59965.43735298128,168626,425
59965.86169824315,135977,497
59987.13833414913,129089,486
60042.15146743856,179972,516
60047.644150343775,197609,569
60051.403535207195,238130,559
60094.088045435754,117138,430
60097.20784524446,134287,448
60101.463822400954,199141,577
60110.84007883372,212601,562
60116.4489028907,112109,595
60135.59261620983,149571,537
60142.56059465124,138945,483
60148.23895524487,173419,432
60186.38271699909,228185,453
60212.37026995864,223382,569
60231.45461093112,143891,530
60241.2788569629,233472,495
60255.0853912439,221704,445
60262.852334425836,198010,534
60286.56907774862,229706,521
60292.817740682534,205105,563
60343.63083634358,109595,453
60348.58792061809,153215,515
60388.3679868209,203782,455
60395.67362541866,198850,546
60399.09435891473,198069,465
60415.08906007108,135213,592
60416.84445298151,216524,532
60425.50863015809,110785,519
60439.8681718265,188178,509
60451.866817645096,213378,504
60461.02869641393,230427,481
60467.405807956886,106479,445
60479.0625723374,169631,565
60480.64102196954,121605,475
60517.62075148052,234425,539
60538.257836086195,172463,458
60540.3297244909,118703,492
60541.11039191708,152509,485
60545.489596262225,186308,464
60552.70083410732,171949,448
60577.160048738486,136140,592
60602.34872728197,242377,466
60602.52013729082,178505,472
60637.07430491142,205856,503
60671.57816309333,103117,520
60692.80975595544,139133,501
60697.9742536354,155017,521
60703.298489705434,244864,593
60715.94850155612,220953,487
60747.3446634047,182070,448
60758.544734761505,209494,453
60770.09404582936,246393,407
60779.484526069224,133645,478
60836.903204545175,102537,527
60870.16012442291,192972,486
60875.270635108915,211599,575
60903.20772830748,240929,476
60911.10059128954,106092,545
60941.87624875951,136473,439
61017.53419180798,186573,545
61037.41055305584,202468,497
61041.978816749055,202402,416
61057.27127570482,149371,521
61059.571376673746,249294,515
61079.94910623677,179860,423
61083.71003230353,244941,445
61084.36171836737,228087,406
61088.494628902765,118216,498
61095.1710373958,161089,474
61116.721946213336,118344,516
61117.90533991643,235929,402
61121.67597311329,207704,500
61125.09258071382,129030,433
61140.469531477946,225370,590
61141.89436066164,154127,433
61182.767984171805,181200,510
61216.83154203519,224460,440
61235.34369446182,181346,550
61239.8810249349,220312,470
61244.38650954998,137405,514
61245.70866550237,204657,554
61278.66868891619,237850,484
61326.89494521854,228701,517
61339.3187496234,110245,588
61341.22921256148,219618,488
61365.32978243718,177974,500
61384.31781600065,145908,506
61390.04839921531,213266,517
61399.76016799175,148088,578
61416.575266642525,203167,578
61474.83523311892,162834,440
61481.23317618413,240964,474
61503.20483839911,117496,578
61529.13667257696,156952,526
61539.73270182045,244919,431
61647.006387584726,120062,593
61649.23003755095,185462,504
61661.220842319635,166261,453
61675.327851968206,221154,406
61676.8481044164,221085,497
61685.269561427005,204685,449
61695.37552425777,102814,464
61697.8117079837,135777,483
61720.002881949615,221699,524
61732.376927178855,121639,540
61753.77874191467,214746,435
61766.50605522884,173175,441
61770.246846908245,104735,555
61772.36550763306,177108,431
61787.664981740076,202458,443
61789.28018920606,102938,573
61795.66370632406,215515,491
61799.582549766055,109029,572
61814.781062947426,215882,578
61815.75974290991,237068,564
61837.48590535314,126946,499
61860.93194606141,216388,413
61879.16822891548,112757,597
61888.64510578554,152884,463
61898.03381211232,162531,451
61899.95051992826,210541,407
61990.68323492172,188373,449
62013.46939110056,116560,456
62077.2291740426,125323,570
62080.90481579848,143790,411
62091.65094615987,128228,483
62099.443162523494,149688,559
62104.08481311181,242004,501
62159.99728608511,131668,459
62164.80765829659,193474,482
62168.621707254046,205418,567
62176.224679731065,202022,454
62188.50311796429,117305,568
62222.26028661956,196725,411
62223.654390590695,157294,505
62230.83177325456,230960,426
62255.76458582855,249213,443
62261.570031731804,124836,553
62269.41176051538,201860,573
62321.09836408432,134847,485
62324.95382890423,183353,570
62338.114464210055,187845,404
62356.87156183482,217679,497
62371.18048682941,160928,528
62388.88934337757,103484,459
62389.31817571602,132520,479
62394.71230322162,212328,593
62400.29456717679,120811,415
62403.25425637724,230738,475
62407.76748543692,198500,452
62428.31410442126,162407,585
62446.543909305314,216320,589
62488.50936942606,135197,471
62496.15035742231,110382,533
62527.53353677197,208761,565
62561.03553573146,106211,458
62598.573367773766,186840,487
62604.121376211166,241377,413
62651.54552067025,165100,575
62675.37837325373,158312,555
62716.60345727565,236700,482
62720.659138502975,101584,416
62761.44306401975,118346,449
62762.5133341545,137101,452
62765.19678896739,145528,551
62781.11576843475,153575,460
62795.27792103076,211736,585
62807.86538434499,143033,584
62812.2667565637,211153,445
62830.88729385274,179456,473
62848.06763789345,152796,469
62887.73943560341,226136,420
62948.06352057031,194262,501
62957.55074239493,223394,512
62968.53851171493,213621,594
62971.927687704854,226353,405
63000.631439415956,212039,421
63029.07885230323,178703,552
63044.48795773558,244926,586
63048.352355938616,199732,518
63055.653621729085,174245,496
63072.170838782986,226050,418
63080.27716536066,223013,450
63083.63901769875,149709,401
63083.89736455984,231255,586
63109.742182222864,228831,503
63161.732665485935,203455,590
63171.07346272325,228332,478
63191.56483502798,118673,504
63234.82122516581,132631,498
63288.62431847841,142562,449
63317.41407447236,166914,597
63366.27079647956,191377,530
63390.968267903634,196516,578
63392.15699758335,201012,508
63418.76769829533,163531,522
63419.470038690946,194742,561
63443.99160928469,107407,578
63465.90448152357,138766,466
63484.503941474315,138631,465
63490.18876285182,142317,403
63492.67126441185,124197,564
63517.54005842975,200754,501
63542.02831560975,121062,532
63590.1759304448,210872,442
63625.58562602573,166288,577
63632.78264182816,239775,568
63676.328296113425,180734,587
63686.93556756881,123297,427
63707.15750202076,190280,436
63713.424922212624,154925,591
63723.57388953163,180766,401
63810.469266695676,228902,400
63812.507056767645,209534,534
63823.29301022461,175586,587
63834.56873540307,146242,495
63838.6944650413,135214,450
63852.023450667024,231757,428
63864.00423364786,155724,447
63868.49063971207,147901,594
63872.751653644395,207162,512
63892.46647313793,128624,562
63896.099935661885,176841,421
63905.58751259815,172551,416
63913.963137644845,161546,522
63927.24245431776,126426,402
63928.502453052126,101894,570
63945.969254673866,110973,424
63950.710766698445,101903,496
63969.18638455619,169687,524
63982.006277425884,188350,554
63993.22949379011,197199,574
64037.40268324457,182634,461
64094.00400517151,204456,496
64112.87770923736,193330,484
64145.70352726234,100808,516
64186.59142716866,205331,585
64222.67873811211,136402,406
64241.10024010829,239101,471
64301.44423712309,165152,494
64313.47084731882,224570,531
64324.12977017956,149266,400
64409.76457346158,184458,404
64429.8548467143,111994,588
64437.73126599902,216472,459
64456.398122737744,204900,589
64475.36367812533,121330,489
64486.53307683533,224812,568
64525.44528074827,126333,587
64535.163341285464,151138,582
64538.25345652338,236329,546
64568.982963201364,232287,408
64571.71910061259,122830,477
64607.43712716931,243850,519
64611.11685443879,216991,429
64624.278963772544,241732,461
64629.85621200388,144677,592
64687.57938122313,123444,427
64698.99419932787,107660,441
64751.896686705404,185590,498
64780.97178260975,157770,584
64786.92989350458,224859,571
64789.557096765595,135587,536
64809.634861867,228964,423
64841.382565747466,187241,457
64895.08290263823,116952,564
64903.491202087505,200047,567
64924.04135840021,247298,511
64957.09322364457,158602,466
64959.55217484081,122984,428
64961.41948367108,149324,590
65018.368376329476,196400,432
65056.75982074534,199665,547
65083.465602596676,181474,415
65101.30048146694,149770,499
65179.39100317127,183792,597
65188.47435973001,133110,533
65210.27193711779,158233,427
65220.33280294226,241110,517
65227.926593124124,177810,456
65241.78284445615,219481,437
65260.182064316934,138239,591
65282.0755077951,109003,553
65289.79285660372,231695,576
65292.42840695369,225378,561
65327.71370221375,229767,474
65352.0711126243,198751,415
65431.48831699613,187331,439
65466.680129893684,155210,587
65521.17375683991,159001,579
65547.78910135053,146929,524
65573.7837636738,178407,568
65622.47785570176,141731,405
65638.35679171776,188450,508
65661.01457459251,191306,593
65670.94523017948,118828,535
65696.8929299402,174020,578
65748.18850181677,243657,500
65750.23623546978,184782,592
65781.57122533265,114188,581
65788.82146447676,142911,547
65791.78128068123,226469,474
65837.28419836305,154988,455
65869.91362008384,151289,588
65890.9809305252,194955,585
65929.7594041709,126725,573
65960.54824526704,138693,496
66020.6227900036,211964,573
66057.48301468822,114766,424
66066.27122612539,224223,445
66124.30266176355,130761,531
66145.30469388045,213723,438
66165.02675908901,205904,462
66165.7184394927,163138,501
66179.13151650263,145216,567
66206.4770620124,123491,599
66218.93731556859,200165,470
66238.94889639097,216685,494
66239.1823014064,130573,421
66241.7856497044,233627,457
66242.25157007699,225697,470
66265.91706348643,124786,551
66269.91284635391,226927,565
66294.17560551004,178214,546
66296.85163837775,185256,416
66321.8707007607,240905,447
66332.26569106425,105176,500
66348.50701566027,240618,600
66381.95417147173,228073,416
66396.58782046821,241290,582
66430.75394533643,132529,592
66458.72032801241,130756,446
66498.33085882822,147169,401
66514.51197788799,182390,431
66515.3105749263,154061,567
66518.82647920834,247455,465
66556.96316704155,109176,421
66635.13218970918,232683,476
66644.16948103688,242718,443
66655.16952047455,100022,463
66662.32016892443,236168,600
66669.26589002427,240011,513
66672.27897708905,228566,577
66679.78553516777,192305,555
66695.23841367644,155008,576
66697.32361679888,111727,460
66698.07212944557,137137,476
66736.84280205278,156416,434
66755.27612447167,156633,551
66764.1726741589,133683,586
66783.6464499046,119492,540
66789.53299519171,200081,566
66836.33041494872,204873,516
66838.06891331518,166631,573
66849.14856474298,137550,537
66853.7057301281,170621,562
66877.57317615928,150496,582
66886.8820094803,234067,554
66890.46557325571,140236,480
66988.18705608255,213672,497
66988.71208481552,164880,419
66995.00973106324,239321,428
67018.04867894122,206635,416
67026.03906064549,123324,492
67074.0309806348,171631,437
67114.66007110105,159183,470
67114.85831705199,198869,456
67124.3749639618,127525,600
67176.3505928916,146066,534
67202.41374627578,180360,550
67236.85952441576,228350,424
67251.91577471785,249987,472
67267.95459001015,125969,412
67271.69919972646,202121,446
67280.16688031574,239377,541
67298.22533884882,205552,522
67316.17030888252,167911,402
67339.3795318217,140761,568
67342.08146095097,199300,545
67368.6738727862,113858,585
67389.06214173824,197032,581
67419.12123678766,209640,580
67431.3631490259,215070,490
67463.39938024315,231656,473
67469.85376836258,212136,533
67526.6889466493,159969,478
67546.88094360636,122791,478
67557.31580312434,181982,423
67577.4552533406,120104,586
67582.94495713296,124545,442
67600.07318831494,122173,590
67606.80645761362,229197,402
67672.2975749553,211144,573
67686.51086376034,135763,522
67700.2862076688,239567,578
67702.94978730594,103643,557
67707.16875175555,101911,582
67718.2357229557,240070,591
67726.69997508393,238441,575
67745.49083516361,217611,443
67767.9400536712,237236,457
67771.78298766768,196220,434
67786.2009407853,113344,508
67799.88500122732,144691,495
67869.83590962489,188593,573
67875.583291347,241326,596
67914.59457325404,176038,476
67927.79364525227,169402,454
67927.83838140727,249118,500
67932.7426678515,179906,564
67947.23662248216,109287,518
67991.84077779177,227996,414
68000.63396210216,220679,484
68007.72039211789,128092,401
68016.32748916885,148800,502
68025.0830920812,126565,510
68038.63038451038,122215,535
68053.07443300363,140294,505
68055.71862458748,227772,401
68059.1019239115,165571,457
68071.8258720348,198122,476
68080.89260040746,147757,537
68114.27039934543,128493,512
68135.62893680025,215174,441
68138.64247390923,213760,401
68147.54437849054,152026,428
68151.74811231457,110552,434
68161.78364627215,186825,408
68165.27815590154,152164,522
68229.50566306943,169677,430
68240.4380120366,244211,526
68272.60878692062,133406,483
68300.42205727477,204825,528
68326.31420340015,201934,433
68328.63887577296,128279,405
68331.33520192308,190209,528
68331.6100610954,161998,413
68354.29341949956,189690,509
68429.25626733781,102104,511
68442.34222166477,173983,524
68444.06678036725,212447,463
68463.29323063312,234018,447
68469.03265810477,130151,467
68572.22833974942,164842,570
68606.59213611716,152012,521
68631.10702462458,127017,579
68657.32755030673,147497,448
68755.3228546586,138987,458
68757.89000641003,205193,409
68764.29030046213,150378,437
68775.40337759367,152335,423
68815.35693870852,199707,504
68830.24453485258,160667,456
68838.43935513176,225618,415
68852.7007901007,113541,477
68855.03270128286,195309,471
68912.32634191861,209595,463
68920.03491222691,112466,446
68920.86988422244,113665,569
68948.18048926393,155568,473
68960.95587247946,126414,510
68965.043289874,228787,493
68973.18107672612,129236,424
68995.29064528052,244642,597
69034.89694853686,186825,492
69061.93806180543,194734,590
69092.1125731423,238638,554
69101.40389505234,172337,453
69118.96103317126,122867,427
69121.75743637336,131550,410
69139.42236436767,149921,449
69163.8149288959,125857,419
69220.69851492149,189888,477
69246.54371730456,152952,536
69272.05806834497,111484,432
69276.31467485298,244309,582
69282.13577681646,246891,488
69327.195116141,217566,561
69352.46432704087,214327,417
69365.65163700294,237301,528
69396.94907232601,143761,553
69403.35727281509,133799,474
69404.28747785986,248419,415
69435.92299700937,149857,589
69469.6206176544,229768,575
69484.82644658092,234607,419
69488.44533397316,233504,498
69504.97884098878,202300,502
69523.66887087104,154244,447
69523.74101175081,249919,455
69541.67630181243,102322,531
69553.83188105619,237644,466
69561.06305150813,157759,475
69585.70053416163,244743,430
69589.45386882345,111957,536
69594.89573372742,110247,563
69598.10238313109,172812,434
69604.40851542632,113505,564
69682.67265116371,155043,536
69685.14279778593,191085,561
69703.72826746112,196760,483
69705.46659304424,243989,467
69731.07500313813,207044,556
69738.06318375994,115011,560
69771.91111467824,193187,456
69798.13312170269,173319,445
69804.04706282116,104099,537
69825.46608660973,127903,584
69852.85638820674,200134,567
69858.80686627064,244409,452
69892.75553770506,157839,483
69899.01672516057,203668,439
69910.8305553655,213745,494
69914.0417767719,225568,423
69927.74381640347,220426,447
69961.5565575015,146166,448
69978.42005755832,147292,565
69985.04700430053,181306,441
70028.34752333225,203336,575
70047.06831646568,118206,436
70048.56383676242,164291,516
70096.5305762507,205514,425
70122.29991765998,135990,586
70150.06137266509,103090,554
70152.16258261424,200660,405
70154.49405704583,103552,595
70189.99412577374,111466,433
70195.70362781805,121914,468
70198.78147288383,103538,402
70262.00195781724,127876,538
70288.64804671584,188706,581
70290.42391020202,136498,522
70318.93890199366,216477,441
70326.28452157529,225542,439
70331.87374361738,242482,577
70338.09839853732,242504,431
70338.52711901059,111672,426
70354.26055054727,126887,530
70397.77200053696,208864,436
70397.79622361336,158802,406
70402.9373448397,201025,437
70411.65510679051,175195,457
70462.59694054784,200858,575
70505.71888539146,129467,525
70509.43485475147,128871,457
70511.58068576662,173875,491
70513.16782668805,187483,430
70522.10899688948,122230,411
70540.66140945737,146679,509
70555.78232440123,147543,573
70566.85853701063,179053,559
70600.88549455053,191327,426
70607.20968473464,230875,569
70616.42223910427,169573,582
70648.47978268821,100571,438
70678.56189418635,138427,481
70681.76010986883,217098,584
70713.63639578475,225418,417
70716.03830069205,212054,586
70722.56609738698,123710,482
70827.63941314864,147676,596
70837.36263915729,183706,526
70848.38976146808,208513,554
70879.93901284049,187415,435
70912.34301806535,164463,498
70923.19139529594,230312,537
70938.45294713158,239584,537
70972.90554945276,200827,421
70990.3015153383,210583,534
71007.55065954725,157497,579
71009.37652952687,194819,400
71013.92156074365,104496,492
71030.26742011882,135020,428
71031.4959385094,191579,492
71069.27256038338,136529,475
71081.6106730078,244572,507
71087.16523941666,158874,414
71114.65218848092,130732,578
71138.99759540903,198949,587
71139.53159902646,211334,495
71140.64361535547,127789,569
71158.07030083281,224997,552
71198.94823346329,107913,437
71208.0385324586,120707,462
71209.64246827502,249207,506
71212.88619443915,147821,520
71240.10324485772,238267,578
71299.53019097722,223256,505
71325.17301674023,216385,600
71345.87715724822,103462,473
71348.23631825988,115728,564
71348.88924313957,145503,528
71352.38461708288,203911,508
71375.16727516128,219091,541
71400.02201671069,167647,546
71413.95999841357,159589,508
71467.56390415374,171257,423
71482.30592918377,132802,590
71487.06762766532,114679,456
71497.02880890439,246615,554
71533.8957163366,222797,522
71541.40965824327,206194,497
71545.01192281084,197380,565
71556.05258116216,170757,427
71558.25781042405,195080,554
71588.43132289745,187941,407
71593.9076930372,142666,538
71596.15907827379,155550,552
71596.37983237472,181033,448
71612.42530024493,108484,461
71618.69673394253,249454,544
71619.61498541312,226827,411
71620.59981765361,124434,479
71620.77011524733,193493,592
71627.40703536545,204369,528
71631.74240632661,202404,585
71640.53848500295,133952,579
71662.99779886799,186853,504
71708.36363274745,232010,425
71722.31385121732,139370,406
71740.0085059841,200168,522
71757.66360409494,109806,474
71761.17981217334,221400,420
71804.47176279301,124455,583
71809.73988098443,156530,574
71830.97894054487,142217,528
71845.50478149901,237176,596
71853.85802398517,134392,486
71860.73155097399,212958,410
71905.00105670723,201615,461
71909.68566845238,119660,439
71926.42144084924,230422,424
71959.08851792382,137387,596
71999.96344018998,243428,600
72045.06503994657,230786,424
72057.19737977565,144490,475
72060.71953744926,173431,547
72069.74955919244,123390,418
72073.69874031053,220780,466
72159.27848208846,167115,595
72201.13434676903,136817,431
72272.41854277659,227994,410
72281.45308367527,175137,502
72291.97299348567,133812,512
72301.1102331974,182220,495
72302.85389117282,208316,529
72314.81398684865,111187,558
72390.63811159527,114957,589
72421.90739707681,247010,402
72425.26541146175,127603,474
72434.69179537694,249457,502
72473.15138366188,158471,499
72514.60608686593,124511,489
72527.14869177426,240277,519
72529.45958128032,147257,587
72531.75317586219,204056,596
72543.10513090779,205256,484
72544.43800493031,189764,554
72557.76012772616,224838,429
72564.2851227774,110035,539
72567.67104474964,223199,437
72588.11609453382,183935,545
72588.7525808983,199689,415
72643.87418894519,194763,510
72720.72489623819,155946,413
72725.47717328845,106014,594
72748.49665048534,170739,464
72768.6915043814,121912,436
72770.12699016406,206186,420
72777.21302549206,218337,507
72792.09248740741,168012,447
72827.59632779715,124232,509
72835.96791676173,177831,442
72840.39595087213,209864,523
72853.30212569858,142123,578
72864.78396654406,249505,499
72899.4178512655,247038,600
72944.26257480461,152051,419
72969.91738949933,137910,482
72991.73401862841,182972,403
72994.99631322842,220234,437
73008.83709585556,182944,429
73040.24305710808,206531,467
73054.95128215433,100963,515
73112.35928096167,132956,562
73124.29162316685,125544,409
73129.22556795363,149193,507
73153.06948892411,143542,553
73162.55153957731,191248,453
73223.44027849876,103767,494
73257.05673879018,104244,477
73302.45036954097,231618,431
73326.48435376468,219537,505
73337.05012513824,192330,538
73348.14738897786,188034,429
73400.31570182841,220277,509
73409.65575213617,244901,552
73413.20618534983,214262,497
73419.91642148797,214686,562
73426.57693928578,126011,422
73459.36867260392,127213,422
73480.34367437505,207814,426
73494.06332966627,242798,425
73514.13983738178,231953,548
73546.92444865621,175996,507
73551.68632180423,219178,541
73561.28190145298,151264,520
73621.41837088876,191911,518
73632.07075676041,203758,401
73688.21164710746,158703,529
73694.8821027543,169336,478
73731.3451457969,208715,572
73736.87483089326,208673,408
73737.18786928545,140206,495
73773.93593378532,236043,589
73792.25903231834,187841,443
73856.22118840872,212727,461
73872.44807561039,202593,449
73891.60428901315,203105,413
73923.92665718328,212486,432
73979.99313063445,202344,586
73983.80949617203,183394,532
73987.25954237599,160547,425
74012.01874419022,133116,529
74014.53846232191,202763,595
74034.27907820039,168217,541
74037.74361503929,184516,452
74039.70148266443,106721,511
74039.93358673318,140120,407
74059.18549771134,242520,420
74076.14850780796,106629,590
74102.64641033945,218936,562
74122.612798957,193879,447
74128.09421837365,158131,476
74132.40340425784,164291,585
74162.68859114828,199118,597
74168.72366270456,113565,470
74170.45581993033,137688,560
74170.92407543302,127110,428
74183.21551775395,132160,427
74186.2747045598,168680,446
74188.22204754045,229563,492
74236.99452677442,154518,500
74239.11666976509,105755,505
74240.64513442591,120004,453
74263.89768364819,198370,480
74283.97564563558,218195,441
74287.9399438902,102658,445
74309.49652282431,108244,430
74384.02056947365,190907,523
74489.65389976704,243257,401
74493.10262971534,166715,431
74497.38742734437,107747,537
74497.85358137419,234150,594
74501.15923667199,195653,429
74546.92743186628,107732,483
74549.9105458533,121874,586
74573.43781033646,133182,468
74579.83272991343,152228,423
74588.40392629922,244571,566
74595.37581920654,229971,511
74609.75154243877,204842,449
74615.50766800066,151872,575
74652.92836852418,173684,500
74655.10000696957,181680,442
74686.70725424147,227882,510
74729.59450854032,211080,552
74757.08809174012,183558,559
74759.36399172404,200413,509
74763.81988332693,192514,495
74809.45489187664,116847,515
74813.11530516832,108849,530
74818.95081155602,207428,475
74837.47167901993,239066,490
74847.63182659588,130054,446
74880.7457014316,212561,447
74889.60108354154,119042,455
74910.99893380057,197508,437
74941.2374055719,132061,402
74948.90920232728,102857,583
74956.88503252398,221995,545
74988.60331033166,160987,543
74989.97392295922,174347,554
74994.7435130373,157006,426
75011.20674891608,119614,546
75055.84257621675,210559,574
75084.0708161784,183304,481
75088.48750089307,113018,526
75102.29655590598,171936,507
75104.8363900381,218694,443
75123.23386687478,200363,460
75140.41383259195,174720,404
75161.05160246012,101218,518
75167.74332571634,205594,409
75212.97785651727,238284,410
75221.2092265015,104265,417
75233.90276789869,208810,585
75241.06480920763,183149,592
75249.55240053154,120910,542
75279.35116621038,229451,556
75280.31550097655,178235,578
75362.97742279684,229325,564
75431.29503253115,131827,495
75486.81211529158,126933,407
75491.88454049904,102725,435
75494.10620421343,184635,576
75519.87166030933,159334,443
75521.71433275862,196699,537
75612.96618459944,113760,466
75655.9324752627,111292,428
75656.91635136592,179767,419
75663.03944102558,199498,469
75687.03008329528,136113,549
75699.37951751471,133105,481
75738.9743231914,208342,563
75750.81430433619,132079,533
75765.81241948159,225285,569
75779.2833831439,173542,482
75808.90814500932,226538,457
75810.83394440619,177656,582
75812.56241410914,246411,462
75834.10808814771,153973,577
75835.73265213853,229657,415
75840.50986736268,156658,519
75874.64112097894,149261,524
75876.84935753055,154699,551
75905.52567685083,234722,480
75934.10870855501,181743,581
75946.21223922858,140369,529
75948.44563511251,134094,456
75998.15110803304,201076,515
76038.6287906934,234601,451
76068.91325993897,149270,417
76075.42338774147,143043,575
76082.76212985616,126755,437
76095.12122172728,128094,590
76097.45637445372,104348,517
76101.5975901078,107493,521
76123.28500400843,218657,490
76129.45845343468,244258,421
76138.21078798808,155591,438
76148.32516175622,212944,530
76156.44665277026,215694,469
76165.68040048517,112880,566
76175.32265438767,210779,449
76182.28562220348,205563,445
76200.31608666969,238821,555
76213.92529572765,213656,427
76236.78664603917,165259,428
76241.74510085929,113929,409
76258.86927323014,162591,416
76274.06064294928,172210,457
76316.9040597395,206052,500
76326.88481472904,157642,587
76361.63804387965,170324,526
76366.24406034523,153366,488
76386.50555698875,175491,587
76386.56779112478,148517,528
76434.23988548318,224979,589
76441.52608548678,162552,443
76449.09609921354,118207,442
76453.2450570173,219332,436
76518.77675969162,224413,509
76526.90769804796,146534,467
76569.52366254001,144754,573
76598.08773081875,102551,552
76606.76945645231,224211,549
76606.78959604436,164883,520
76609.1064793154,104558,545
76631.898056456,176194,458
76646.79820324286,143857,593
76649.96834205373,124617,425
76657.23376856693,187995,515
76670.72663139355,191955,539
76676.67695712534,227531,464
76685.73719199497,103554,490
76692.90311808568,187487,532
76722.69415282134,226970,428
76728.98665397956,236133,586
76749.4085881331,138771,505
76788.20434012183,137128,491
76801.98076041846,164059,547
76829.0002645875,212910,492
76833.62144856477,123402,449
76884.2984935319,199032,563
76886.58274419505,171807,560
76909.29666513464,217773,534
76913.1429454023,191447,484
76923.06254691411,209391,470
76930.46421558496,110774,548
76945.14683822235,189987,556
76947.77092058997,219282,545
77016.70718479595,190963,473
77019.04214422185,102184,527
77071.4520070806,138569,519
77094.29846787275,237150,474
77113.85089639889,142626,477
77127.19365574422,116938,475
77127.50796053805,110735,455
77134.16203184343,132357,413
77147.56496419621,101334,510
77156.25014384465,100168,412
77162.04204754852,191807,472
77192.80890049558,231594,570
77256.46184817547,246997,439
77317.90774600061,170954,436
77427.91277511272,151570,510
77445.51314871585,121159,474
77450.45310925996,224040,490
77456.17287288094,201250,508
77466.35986058279,125726,466
77516.92302467777,181457,444
77533.52104784109,184536,548
77536.51836035814,152299,464
77539.43485331921,245302,451
77546.59872570208,122438,476
77563.32361342057,220888,539
77567.37504988951,214528,424
77570.35920530044,215841,577
77577.87520906913,193731,519
77586.62032693156,222303,507
77651.73471348207,220922,407
77700.47037141651,106926,596
77711.39661665022,136853,557
77758.86723900534,163608,548
77773.22451349413,133364,558
77788.89775130275,248261,475
77789.99819872736,202933,432
77800.31302330637,101560,518
77833.26423462275,235792,517
77869.81586908725,122192,414
77876.1148748259,128062,485
77894.15965743801,176172,544
77907.2947243292,186850,415
77909.88420687246,233908,589
77935.12693861664,153756,532
77938.24018606375,229841,434
77943.30048138757,140573,477
77963.0905883609,101691,524
77982.63604258421,152612,429
77984.02608964972,140113,554
78026.41454463128,236268,424
78032.09382013457,127159,521
78032.59312900138,232593,513
78042.50247548222,131932,476
78052.871479021,148246,460
78089.73937379161,243319,466
78124.22360999523,215115,568
78143.42629521541,213338,437
78163.649159609,148446,436
78197.78467359398,163093,443
78212.11360375739,243309,451
78225.04492232752,176031,474
78247.06936791934,229227,494
78269.10368949409,202547,498
78293.02726817412,128137,518
78303.81507866117,211367,437
78304.38246443364,219821,430
78320.99431846205,102888,548
78328.20687538588,216517,410
78375.94977504629,192989,435
78388.56851894435,220153,470
78388.75175702873,141501,491
78402.64025213786,231912,453
78411.22006818818,237640,499
78425.61174580609,145743,567
78428.89515670619,247625,486
78441.19969402693,136710,471
78471.93840576583,179411,500
78473.35136434641,226810,496
78539.04901129227,147284,547
78563.7033293515,232901,598
78585.21522019307,167954,433
78609.14647377249,191251,549
78628.36570039942,205846,417
78629.2850950797,141727,459
78631.31557368858,127845,527
78685.74859182879,224888,482
78714.28336048416,162027,426
78760.2939664833,145612,586
78804.8942048019,210115,416
78806.17274739283,165662,429
78806.93547353806,119105,513
78835.75909877969,107722,444
78843.50647203652,217836,496
78846.36579620815,245874,451
78850.72190140517,228739,512
78873.43877995749,159112,451
78900.5466281382,213787,535
78933.62197184678,150409,422
78951.0726143452,125219,452
78951.74869771863,136847,401
78960.6607257886,206961,545
78976.47949157028,118865,487
78980.5783051447,238452,527
78984.79610632302,154388,546
79019.9520504671,231294,490
79028.76825529733,246459,435
79061.11724262258,215049,509
79080.7589474877,118577,545
79082.38626828014,235593,476
79084.51377786834,230734,459
79085.57080504662,241698,484
79086.02681392965,175994,464
79095.92672591089,193822,417
79137.1104921271,141382,473
79138.66490457141,163281,532
79192.37377296816,231084,479
79202.56429098059,114849,539
79226.47895506593,129065,549
79239.21348698133,168957,567
79239.82221813967,188616,507
79245.86814783438,187697,595
79247.09272326098,153538,540
79281.03215304708,186405,593
79302.80555818486,116339,460
79316.4123536862,247811,556
79340.69893395108,109269,488
79420.02433927098,209114,553
79446.91122468725,121127,541
79459.94255918577,133938,469
79485.64113932074,127279,409
79499.36841293794,159046,566
79507.99200154058,225198,477
79538.41521677269,159704,405
79591.95977947293,106908,598
79622.40871159364,151425,536
79641.14566813753,199454,574
79664.16031716861,104743,541
79677.32261164553,201482,596
79686.79410153315,132830,510
79710.96294291296,244059,435
79713.41947958767,130931,557
79794.37010015063,196392,490
79798.67473948418,214432,414
79804.11538185792,124114,550
79804.31739163601,208282,591
79832.24986725659,240566,545
79833.1870819085,103905,584
79838.93865415276,114911,419
79840.1051096169,214964,446
79846.74743175418,182346,489
79865.19441336709,164027,474
79867.97313265974,204285,522
79889.40764189635,120133,419
79895.16658686283,242513,452
79908.82772214664,193574,456
79920.55098796531,179355,493
79950.85249755096,176725,567
79956.45222057309,170132,481
79980.38367147597,231975,426
79981.49387354178,207697,580
80041.6351816821,227456,471
80043.26906141925,135948,533
80048.51028172267,244956,453
80051.12950255343,137214,409
80127.38183692528,215416,566
80156.2765826069,129946,405
80170.09587350556,108848,469
80176.60957136178,200709,476
80211.71953210617,122149,415
80218.26442048993,200646,526
80218.64498797861,200293,498
80230.38543758477,158837,452
80239.9244549983,213006,536
80240.99794915819,179992,408
80256.5959936977,191174,406
80304.76691008752,188137,467
80338.00720191776,156765,593
80338.56172142563,213790,509
80369.08321400106,114973,427
80385.20031364805,175345,536
80397.65418255841,248977,596
80412.28831982912,142611,497
80424.88547635246,162449,433
80472.54242816955,173583,574
80532.8477575416,122422,463
80562.35806985816,177548,486
80579.28788974747,110120,557
80585.69943116655,170450,568
80591.46676467004,103234,431
80598.79824469301,184145,467
80636.42221523616,216341,518
80636.77056512173,102325,519
80637.5246806123,194037,522
80657.83271358407,245911,455
80668.33833523862,120852,470
80713.80746158778,244558,480
80775.08480902322,215458,446
80781.05311729861,172389,466
80821.71273189505,133350,458
80841.6160656336,138509,558
80862.95706781746,160993,429
80884.21815809525,148301,575
80898.35169138304,215424,548
80905.98669532321,245072,583
80911.16087732803,167909,465
80911.4858670191,192624,538
80936.82548919915,161524,489
80939.13737611924,232890,513
80941.53969890065,120303,460
80946.1038739464,249517,495
80981.44183805125,209043,418
81001.97997357014,174208,436
81002.48006612908,194447,485
81076.33687512489,198229,520
81133.44917019247,177086,559
81134.08223261923,196548,411
81140.95663512597,139338,551
81141.47397453197,155438,480
81155.77349432898,233216,600
81173.19441689512,190191,455
81182.71773862642,108545,568
81208.62925177802,199900,595
81331.20567394831,120563,419
81394.90732364103,158872,544
81408.9105938681,243715,587
81419.73904387314,131782,535
81451.7491570956,223818,568
81466.61474096244,215610,481
81472.88657717154,176825,462
81480.85689844123,194886,459
81493.02644566957,130255,577
81498.54274042127,207459,492
81500.20363616038,246920,529
81501.79410799117,194973,567
81515.03306828513,160384,514
81545.8970982422,160231,545
81581.08152328528,132841,537
81586.70078863796,206854,572
81604.27853626272,136212,555
81610.30817882574,175205,487
81617.8411941423,121366,504
81628.7710305065,138901,547
81642.40331866826,151931,446
81684.2183352091,104066,442
81686.79293898786,169042,595
81702.96763659646,223171,590
81705.09697848799,108932,510
81705.58142795699,143761,418
81708.42140517042,238755,499
81755.34386909593,192895,432
81765.63778137304,245998,461
81790.53253235132,131202,486
81836.07601069403,188248,551
81854.84456180414,128251,584
81855.77041916677,193050,514
81904.07972311399,217900,589
81940.09225712986,175835,593
81953.05978919017,135286,587
81957.11315089354,233529,421
81960.41669180887,102040,551
81978.39790616794,218889,497
81986.12400920207,146326,530
82011.76508802254,173216,597
82013.80349686125,177948,526
82022.14768930686,247883,532
82067.66686913223,233228,509
82074.38351956688,200681,481
82102.70212055225,137538,410
82136.34091423,155228,510
82150.9842872779,182409,425
82159.51843852804,143409,430
82166.30758081324,227568,512
82171.3701888133,144386,473
82227.37510344494,168007,555
82255.38043826858,160732,570
82261.91246439105,125159,452
82277.97900322775,233352,593
82281.6779613331,110418,538
82297.11812964754,151152,401
82310.52104060147,106757,494
82315.0625896531,249727,509
82341.4046297589,236549,432
82376.9662367262,177317,428
82402.1595350123,131441,513
82446.10238286314,229303,467
82447.91978813274,135866,471
82474.2278401251,130529,490
82506.7840616705,158311,586
82508.32925050489,141085,529
82516.49875811585,218872,561
82543.09868297397,119421,580
82566.38972359154,110055,510
82568.50668745884,236654,481
82572.73095438509,246320,569
82609.08912706925,109341,562
82628.82795419694,164464,435
82646.48233525937,157726,572
82650.83745464632,223237,438
82664.0900924095,149048,587
82677.8225189465,134548,450
82697.96722787686,123255,532
82736.88738241863,156148,400
82748.28187396798,228631,542
82767.1765622414,146691,409
82778.00773550718,168963,557
82787.57781597124,161529,563
82796.1536301756,239057,568
82857.8821899633,178669,459
82899.47727345757,227155,525
82931.3432678562,202815,553
82940.17945669305,226080,475
82942.20977573734,129456,593
82971.08287463429,209994,514
82978.95549419156,211375,429
82982.83190915493,183599,569
82985.2422110434,204356,580
82987.98285538162,226809,525
83006.36167979134,161567,407
83013.23770697924,233034,455
83057.3488008838,207218,415
83073.87128104808,184722,466
83096.34920896373,207801,500
83129.46204451885,211463,502
83135.50305756285,114321,468
83148.79446166346,157395,486
83169.02112122624,111961,478
83180.8920943704,158015,546
83222.58068972823,240512,452
83252.82255874098,128918,557
83271.69330005838,133873,554
83287.21376145726,105535,497
83289.10552990006,187369,490
83318.22631311306,244937,416
83339.50656453527,235960,453
83348.4979689967,152019,440
83384.9195578706,203684,583
83390.12957408249,142311,495
83398.18401494293,156522,541
83424.61920795213,103575,409
83461.96809673999,238033,426
83475.89110327189,227113,410
83479.30557688292,179027,406
83484.5330082488,164830,408
83490.89468600356,132412,600
83500.38638370892,205054,433
83534.493897025,170778,421
83536.08617312787,232254,584
83560.39960870025,208889,405
83560.69663917719,242002,554
83610.95648230622,125049,588
83628.70062761357,202530,449
83664.31366131706,181838,600
83672.13682214936,234310,590
83672.61103905016,171840,517
83677.14068876675,169276,567
83694.3106171941,198718,474
83705.53667134646,158262,504
83722.00161822542,226707,472
83769.64842244005,239776,529
83775.25895148134,104512,527
83801.26550199164,197710,595
83817.08429302933,128391,515
83822.1579168264,106525,501
83851.65656352219,217200,494
83864.61263457578,128560,564
83872.05159196067,137688,561
83946.4940530924,125005,543
83950.20271805863,228401,551
83955.95553441439,137048,503
83975.12324630508,224129,533
84000.80034223861,248541,594
84006.09084790635,229346,464
84016.70660501544,188570,438
84017.4504623951,248193,553
84027.88597902267,101460,468
84051.33528984613,247432,525
84067.11034228667,182055,566
84072.48726962938,220945,581
84085.68137588174,245439,589
84184.2312407574,121347,426
84195.32337872603,120317,496
84198.04624579522,103571,441
84212.7230885582,131844,442
84217.12025791567,129796,409
84260.46436194253,229809,443
84280.1431723268,237517,524
84283.1564998801,243415,507
84293.3532107717,177791,430
84304.78877893239,177128,584
84355.80207290441,171069,533
84363.58562661096,197421,544
84384.59468540772,137097,474
84399.4099981414,153598,557
84460.13915159383,197321,532
84478.6921406716,223760,518
84483.4222170428,186553,591
84508.8908368153,135478,442
84523.75349306584,224222,402
84531.3988588601,146982,438
84544.11505322202,101468,479
84568.29239057428,152236,577
84570.26335148573,220217,484
84572.25345128581,222865,552
84575.65624495914,191869,562
84592.037533156,159252,488
84611.8589907922,150499,470
84618.54573328135,211716,549
84644.68232270394,196278,559
84673.8157012295,166781,543
84689.39054306767,153107,419
84707.35165947957,126994,587
84712.22984980099,146746,467
84728.81650951692,133214,533
84746.51802321436,200387,484
84763.66222627822,172676,588
84804.67333551953,224100,453
84808.3541815721,160773,455
84810.26982931315,138401,436
84813.87195086389,100064,482
84815.49154140451,113681,435
84829.8282631287,215261,508
84851.69134113248,185744,477
84865.56929458036,130748,461
84881.99550376336,198909,598
84891.73540259009,224381,490
84899.20780913605,236835,481
84914.33745264057,156072,442
84972.5248501604,172807,582
84975.60849043209,214620,543
84987.26376191546,165677,575
84989.82588005223,214141,566
84998.38563163459,106631,493
85037.05748194749,190699,586
85048.09314038721,246746,448
85057.73328539148,146925,591
85165.53500707884,151337,513
85174.49175370036,151088,401
85192.13864371409,186101,424
85240.5301826202,166521,528
85291.43961616862,171572,408
85312.27772237113,225497,501
85313.17594147346,166332,470
85332.8069536986,249993,407
85372.5895133355,223419,555
85392.59601238428,228529,444
85405.42413193053,243022,426
85406.20297371878,107559,556
85451.1393856463,140158,580
85477.79037598152,134510,421
85488.67018640431,131307,414
85500.38756472673,116338,480
85502.43875270027,242628,471
85584.40993526985,150903,567
85603.44848985749,104371,485
85639.76218135687,182963,581
85643.46983123299,196011,532
85643.75528289168,205689,506
85680.12351377767,116117,416
85684.41065746766,231471,437
85710.52021835199,122011,444
85722.23834637705,172227,555
85726.66832948638,232504,504
85730.46657246262,100845,479
85736.86415372048,191929,430
85745.21852596076,248943,578
85747.0191040932,221374,422
85749.49098989036,123740,446
85775.64437859632,148669,481
85793.53244546203,105271,596
85797.24303958355,102736,455
85817.56225659685,220677,420
85859.50595942233,164679,478
85895.82392779169,150092,591
85924.02194763138,134795,479
85925.11815400366,175255,445
85931.65946148222,248121,480
85942.34758332746,149347,469
85985.35664012433,146428,475
85991.36129256529,215238,467
85993.3005888045,193101,548
86002.3395632397,237112,515
86037.71997184744,144688,409
86097.50111506422,201103,439
86112.94270580221,155223,579
86124.32075020121,175678,453
86132.69726448576,232059,541
86168.11966512393,170503,423
86182.52068049565,155239,466
86187.44521201665,168379,408
86238.44547905122,235536,568
86258.39081338771,224573,435
86270.98475612301,184670,495
86287.57644280973,108873,482
86311.74196941091,194079,402
86315.19930925714,224648,485
86323.40901828154,126268,447
86372.28020298282,180288,441
86384.85892345707,148800,592
86385.29872318351,219654,551
86402.45751826685,214024,587
86412.65182575822,163855,464
86438.353491349,188572,523
86461.05212018278,178688,410
86531.7003531231,161421,595
86586.29230040296,232896,427
86597.2208723263,170611,547
86607.46240469108,107485,441
86621.81957891917,178795,552
86689.0028133532,237385,450
86749.52412001451,248894,592
86752.53009693229,187332,413
86822.87918991451,181074,596
86825.92965209362,190728,517
86836.01307064468,220740,400
86857.50758392482,152535,444
86864.67775450736,121069,447
86870.06631071039,153299,511
86871.95619264778,164155,439
86895.04166808851,198109,401
86908.0183070134,190364,425
86920.74611019349,203297,578
86925.52374205487,223812,571
86934.96518793977,221499,580
86940.52621343477,125119,499
86943.27705664703,135003,502
86972.95612125202,174237,572
86999.1703701866,211304,552
87009.1829380512,118784,488
87022.58363793702,107050,456
87065.94264668322,146703,596
87071.30435579983,194969,487
87085.225621627,100417,556
87103.50998880278,204380,419
87124.25528723441,136196,527
87128.41966063475,155373,477
87139.85243815255,189020,498
87161.08136579608,211597,438
87167.78981702802,201401,572
87202.22795797329,109129,466
87265.87533834318,210555,445
87269.44693869595,235619,427
87281.95381991497,121663,488
87305.12524581084,126582,567
87344.80299798746,103204,441
87352.48761452861,232899,498
87375.67389169807,103037,524
87396.88966017989,205304,508
87426.40176174688,179417,508
87432.38738470858,130397,554
87465.30165341539,218035,528
87474.63225688356,224137,582
87482.79353177083,240253,493
87485.16181959807,146881,508
87500.3352394961,200524,572
87502.00306974961,101823,486
87561.21084195057,167590,450
87575.67869334886,219272,511
87576.67392162551,173849,410
87579.2658803022,228351,517
87588.41486747024,196808,464
87599.50702324825,177632,596
87633.71090886122,242278,468
87637.64893167486,193555,506
87638.00241701076,185100,476
87658.21349470849,129277,491
87684.54172114948,239268,589
87694.63244896574,145936,421
87709.94616989647,133044,586
87713.07092776377,229355,510
87757.71656926768,190540,517
87781.07529963367,163989,587
87815.42530117363,249177,517
87816.25509928608,185613,495
87817.03589137994,126508,497
87831.41061877712,120647,486
87883.87760016984,179163,508
87894.11878078552,148216,591
87900.05614360303,120783,510
87967.19595505547,150238,546
87973.24444588761,179482,557
87987.67700755844,163898,577
88019.76144831229,198103,546
88032.56944639732,214542,470
88060.04647178348,148683,470
88073.97203671449,111991,554
88084.14428605475,147516,573
88090.85129355367,101324,504
88095.4933735985,208612,568
88098.27325803316,170006,518
88116.55309809731,183403,424
88121.5562947698,104737,581
88129.4055597925,116704,556
88136.19436927488,220755,550
88147.11530212613,186180,538
88156.96976193706,246186,403
88165.36968702526,183792,488
88199.95988738284,139787,518
88238.4916856894,230803,453
88253.68770004818,144567,572
88263.57563490413,205627,408
88285.19295831872,249766,420
88305.15295830327,247148,488
88306.88792104131,238829,494
88314.13697396082,182663,515
88336.58491451017,107750,439
88356.19417811644,143708,559
88364.85994155008,213123,506
88474.43678562179,106136,592
88546.94141367875,245867,590
88560.43800822935,161530,496
88611.2488347538,134523,496
88629.93394462232,132373,424
88640.00927978879,155392,428
88656.9233631464,146824,440
88686.04694199242,205150,540
88696.54936120175,157082,507
88742.69305562046,173106,481
88772.13007200195,127692,570
88815.34446912946,183302,528
88830.68581463478,202805,457
88869.87375062033,229717,593
88882.3429621179,217822,440
88933.85987717348,146563,502
88940.66488314545,239635,485
88969.45329334674,145159,574
89017.01690593366,200493,548
89038.19152496265,209646,505
89042.37818602905,107612,558
89047.45520607136,231953,420
89065.75944085978,207157,405
89073.62089441935,165520,442
89090.46804961553,223709,575
89092.37551493975,197070,405
89119.54640444244,202062,541
89133.86798493513,150602,441
89146.10924453533,162735,444
89158.88882289431,152372,482
89161.73507806817,116990,407
89166.37390259262,220895,517
89171.99589748749,216301,461
89203.86261809958,220954,528
89224.37241578846,186837,440
89229.98954959681,118308,401
89257.60443140594,206521,533
89365.83213791419,201008,418
89396.39323524482,168165,583
89411.80855449653,240029,582
89412.28867404998,226040,585
89413.52163518936,204437,585
89442.80774923695,195256,502
89468.0274061371,234102,561
89489.00270579453,212351,431
89491.19058995823,168812,594
89526.07611783539,129303,584
89529.7775076014,208237,568
89538.08280571735,163718,523
89542.79940400191,125460,484
89563.3458371835,119416,517
89609.23724537167,228863,592
89614.85080372846,168157,487
89621.85024063339,216568,484
89652.81464628984,167612,545
89659.25456819312,109370,594
89662.27151395967,236781,473
89662.79717146982,197216,544
89671.80822757022,176341,478
89729.74114347115,141498,545
89749.83782255065,224593,582
89761.42927710104,177300,439
89788.65999825698,133699,437
89807.36179603398,200722,465
89827.61575445536,107341,454
89845.12018762338,138892,549
89845.36298982805,195462,584
89859.57258272551,235480,503
89872.535077612,144671,488
89893.18322872897,231359,480
89908.00215705008,199084,524
89928.9060428028,237687,523
89932.76287331698,199581,403
89954.86019841606,116974,487
89959.95353232829,154114,457
89963.20599387216,131350,566
89967.59256575775,230754,517
89984.444450818,103198,591
90021.82753604182,237394,458
90048.8752802115,195305,570
90049.54311792368,125910,484
90063.70494380251,171165,541
90128.92818179118,240962,420
90199.3529644304,114673,514
90216.07956318869,165004,462
90221.99578560273,147889,576
90277.07770116211,164248,458
90300.47798415326,219554,445
90301.29927447226,169668,541
90307.79938272927,149811,587
90343.3201423753,116690,433
90358.10638167517,115955,453
90363.27108018383,225116,518
90365.33988814456,113391,481
90396.55437906267,119150,450
90409.5675938284,215840,421
90422.4942323724,126181,538
90440.29577254376,227724,476
90457.1440014787,212657,428
90482.6019902865,216035,599
90503.18151450464,219604,400
90508.9818177503,206736,553
90515.29640472769,146276,484
90529.45321604182,234794,472
90589.95054669576,178548,467
90630.3379513732,165279,487
90636.77757987884,247132,528
90644.16421735608,215354,428
90719.80956465488,147757,524
90719.94033697952,233574,520
90733.63550338183,146870,416
90762.21434815864,179859,424
90814.09860347575,216181,487
90834.41436041573,241188,446
90838.71775655635,128498,595
90843.99193272588,180530,528
90851.279849589,239041,520
90853.45199001979,178659,556
90858.17382859648,140526,482
90861.57507420122,203871,443
90899.83427435475,141191,483
90962.62955254216,224197,567
90980.718260563,209290,599
91006.64501496709,159958,467
91019.41750071585,179591,494
91022.55026177209,187483,586
91031.28732077181,182666,515
91038.65119523683,247662,500
91067.41939709253,101487,595
91123.68338015438,114498,504
91132.41048559232,136681,516
91161.54899415627,105106,580
91166.06726923177,167090,475
91201.8088861065,106207,482
91212.96367921346,200245,483
91229.2956719082,152285,455
91248.51912427487,215370,470
91250.77879367727,163737,441
91258.653962769,225745,584
91276.62986957021,112058,599
91298.17187060932,227674,463
91304.74591380387,198308,415
91306.88514787506,189834,470
91322.32444151175,214851,472
91324.67829509829,135201,591
91326.21567323152,208469,438
91367.63730358021,178343,546
91372.1000322938,123070,512
91377.72678826083,243284,595
91399.34365731725,245928,535
91433.34294755037,105728,435
91462.91997716198,117826,579
91487.77443622987,182303,492
91534.87380438382,216874,591
91578.05826121623,148271,482
91590.6927714115,220796,492
91598.79243883674,167902,465
91617.29992062616,106065,435
91619.83819735341,207683,509
91629.93201962358,227495,412
91665.56912664595,115803,531
91674.92043822834,248298,511
91783.69256161456,232176,483
91814.91861644863,228977,472
91832.02325674558,117592,588
91833.59443864878,124154,542
91863.93053859365,239398,440
91895.97888854452,122997,546
91947.12763053598,150040,592
91948.64546775297,212970,470
91961.18199145065,139899,566
91969.20436607982,147624,565
91986.32822135056,219025,535
92016.71220681752,213350,405
92026.97764804254,177021,401
92046.52447474362,202222,404
92046.69596597992,184511,509
92049.95799314158,158429,549
92072.40820370437,185621,536
92084.64888875914,152515,597
92119.1149957275,192968,583
92159.49971203091,140004,448
92189.15511252344,154039,478
92193.16286929687,106874,536
92211.58498885657,110342,599
92214.30879688317,191362,417
92222.24270184293,182663,458
92243.71136368727,152874,477
92247.27689249872,171061,459
92302.34901843067,156947,597
92311.12981092297,135995,512
92313.75728763129,198333,406
92325.49531741989,154679,497
92326.50464892146,214962,502
92330.93349223393,199747,551
92364.62743724938,124340,444
92378.76032773139,235396,431
92382.31615632058,154955,430
92438.81764793176,193949,591
92546.26795382984,208823,448
92550.99069237716,123800,529
92559.91201239321,166921,530
92562.28751101354,219787,404
92562.43315189604,210104,502
92627.61084241564,126231,490
92636.54885208703,181259,416
92647.93733774545,178825,458
92810.61436508996,122138,566
92831.24738416886,202153,520
92831.5669238593,172015,586
92852.41305354629,184743,411
92855.44663073082,165273,445
92872.07548014162,133540,532
92875.46180951362,223158,595
92876.25723567585,155004,589
92897.88951867302,197439,558
92908.60816109835,141283,507
92912.39315082392,235947,438
92939.48648121477,147609,493
92981.73857528779,128676,441
92982.34734968396,153497,478
92992.68604450977,197827,467
93012.13869366153,107465,600
93012.66208338886,107470,520
93013.35852507771,137838,504
93014.31083062124,198837,595
93032.56215797825,237679,443
93036.00576294179,103916,489
93081.50296215474,124149,507
93170.28168948616,129467,521
93182.77028703065,208809,537
93194.3815135388,100189,479
93207.31608032579,167334,432
93215.11411109891,241554,493
93278.00124165212,125270,522
93291.5783065626,249747,450
93294.26798294726,234934,433
93327.00904559807,137380,457
93348.53881803469,124848,583
93358.8836926272,127584,463
93364.01313427098,148398,586
93385.55226534054,186147,581
93458.51219460358,236293,532
93475.72775927748,169920,594
93521.68610592306,185968,508
93531.07884220271,138068,548
93557.74607526325,108971,591
93605.0383770022,200933,561
93606.02256910868,151877,446
93606.311074637,108942,460
93609.84307865446,184549,402
93626.81977366269,226837,488
93630.97867304238,206340,515
93729.37295712311,218801,559
93735.47100404008,215307,430
93762.79773537813,234870,486
93771.02502260671,148842,465
93779.3651414025,227757,597
93795.28650096251,125297,571
93834.07513833526,236071,467
93835.37909221076,195793,509
93855.9398963396,242427,432
93857.92710119546,219913,428
93860.49008198934,177519,432
93901.80980961396,180486,515
93913.26965042784,121749,529
93917.3024874349,233930,449
93920.35871555899,158158,598
93920.69592721052,192782,534
93939.06861169534,139785,544
93978.38032844443,237637,412
94010.59510250654,195068,538
94015.83340198599,239164,442
94025.21658954362,126250,574
94028.83828836223,159312,592
94054.01996390377,241773,556
94065.05346295978,153004,471
94066.0564405209,205086,475
94075.93490603825,236773,507
94120.77307917642,222684,482
94123.69950451943,178641,400
94125.25593519805,245688,571
94132.72379494588,117515,415
94160.86758323372,136779,436
94173.98199562305,142009,595
94245.56099156429,163560,500
94276.42583650892,209840,500
94294.32701144731,165161,489
94295.78986165191,172408,435
94340.42093434384,132367,585
94367.33588527834,139805,452
94379.05338393673,172212,594
94386.98753863375,130747,533
94394.44248089466,126899,597
94414.24907156425,223498,459
94435.85007042302,178334,431
94451.43548134218,219109,439
94452.89555800136,189489,469
94512.60640914529,110740,497
94549.0068037455,166965,428
94568.72489057077,211649,549
94572.41431210829,227743,594
94579.29532363548,237059,426
94581.15019819998,195040,461
94621.85659194876,229638,579
94687.92589598968,210539,414
94708.25142741032,173453,585
94734.61985310422,165973,563
94748.79821294319,210007,570
94784.9921503589,193496,421
94785.25235793921,227283,462
94802.87971770667,158035,551
94814.25471137045,169665,426
94932.56359043795,227890,543
94951.22422311993,248273,496
94969.88420564016,200292,410
94988.29330890106,125841,547
94990.28780554316,162551,492
95007.64363005792,210580,500
95032.98110124434,110450,488
95053.8118590018,215407,517
95070.84744646789,237039,409
95127.18143597324,213193,571
95174.91845352254,156633,545
95178.90547281742,186235,425
95185.81951849865,208041,407
95211.93648187774,166457,491
95246.05198184412,190190,490
95318.7243305923,165195,470
95330.53639476198,112530,483
95342.79373054374,168989,596
95374.35649109192,154887,542
95403.82047398339,243465,565
95411.5891282341,205203,592
95420.15988752004,145103,527
95459.00870135985,187494,490
95478.17194225424,159656,481
95513.4567478887,126554,584
95515.35246889672,206447,480
95534.79909686315,148809,593
95544.4469827065,169384,581
95557.73586941692,188342,512
95602.96093829244,141737,443
95610.75552299392,129223,448
95628.19367282245,232676,579
95648.75531825506,177648,593
95665.17135058067,146637,501
95684.44271781178,119905,450
95686.40299525126,206073,467
95689.55398459482,189171,536
95698.28689832173,134873,498
95700.47484976178,177047,557
95717.35921837986,121551,482
95867.07112587891,216008,410
95872.71582704474,140635,570
95971.05129809085,106909,526
95976.13543429859,157403,462
96017.74602935821,215436,565
96051.12186188839,138109,403
96058.16394528661,105445,556
96071.36876827537,215068,506
96087.62190804892,248920,449
96098.25348333508,235940,548
96108.45722771103,201476,591
96114.51970217901,195412,467
96125.80826372182,195555,460
96133.5260645347,193604,419
96196.97120238279,135256,482
96236.28556105711,164722,537
96253.58603702519,125328,600
96338.26399284559,224711,537
96345.78653055443,159722,584
96354.35126266356,245246,457
96366.87174404948,113946,517
96386.16067788175,230320,551
96397.62123319748,144916,405
96414.03896839544,246537,566
96415.22432676253,191122,522
96455.6594278479,138765,416
96478.57394665362,117147,584
96485.03572123543,166063,586
96485.5950083682,228662,510
96509.95764781997,134958,501
96514.80428072708,218518,479
96530.26522572048,179865,484
96535.55923863455,233157,504
96538.67438296023,241456,574
96556.3543614017,101776,556
96557.44287100536,193939,550
96559.99234389375,118615,557
96561.3072085489,208451,586
96564.82304028644,151018,463
96642.84663295525,147013,446
96643.44525402061,229754,586
96645.9905632138,123358,424
96704.42055831579,201567,504
96714.02295351401,224363,435
96751.60404247169,147969,424
96759.05999494862,146507,581
96770.3150401299,166063,527
96772.21740288884,168289,502
96776.69546203171,192065,565
96796.74372988257,189055,515
96824.61537791768,237328,465
96825.02761254617,115964,542
96826.2469629238,197818,424
96829.9377579099,238705,403
96830.03119636003,200860,478
96830.59205869568,248918,544
96839.98688458081,118189,444
96844.16386115877,230600,446
96859.48742477212,190504,424
96900.61710192045,140546,553
96909.99057790697,146380,512
96934.4991082756,146528,529
96937.72244055297,216681,407
96957.18403379306,240925,430
96990.10657325278,181701,474
96992.38731025602,147295,551
97007.00382799575,126141,527
97011.29641838321,140698,556
97061.81077627918,219188,568
97077.69137252601,201933,600
97089.57318328695,130508,571
97105.74263108379,188694,463
97114.84709147658,162770,525
97119.02057096279,205980,410
97127.89392563574,225940,568
97152.4891373457,125894,533
97154.39631739847,184031,534
97170.95260792071,239441,533
97180.97621752876,243230,564
97185.46240433089,183969,434
97197.34309167981,151915,474
97255.07967338407,211757,503
97266.50317908305,121597,525
97266.98563466208,127346,482
97283.46228115601,201923,478
97297.23003593615,175286,597
97320.27361385117,114448,535
97355.86120642925,149303,422
97363.19917063983,249756,538
97367.00686033441,182222,589
97367.98974152257,107330,412
97436.07470210921,200899,448
97444.74476081094,240971,413
97479.4613582503,213719,589
97493.66213225936,146737,530
97502.92901491445,111723,454
97505.00626400409,148681,456
97529.93069275683,119126,582
97534.48397366035,154194,546
97554.9404090725,104087,411
97605.98348847232,154009,576
97608.4569434641,176137,401
97655.40771361372,186704,445
97742.39579618064,159866,495
97792.31523597064,205371,411
97795.70560909384,164532,559
97817.79013779931,210845,574
97834.69465883853,181196,452
97891.05401126911,171464,504
97914.49582475571,209022,505
97923.96423033289,149675,599
97937.36130189708,102734,560
97960.94841080836,110957,578
97990.09361793229,133787,569
98013.48500506036,118487,563
98015.91435982393,141660,525
98017.29065289158,240755,483
98020.95389273399,167239,574
98046.06085516365,204386,472
98061.4294834217,174633,545
98067.49214501606,131300,501
98102.11041674782,152986,422
98118.29280329453,230539,451
98121.01183321115,109357,520
98134.04502123699,129204,458
98134.82048763603,201728,447
98136.566709445,117668,461
98148.01890843904,197229,512
98174.83357898096,215873,552
98204.15129132464,232020,596
98277.53879069252,155163,585
98285.19099565278,249107,403
98344.5492197231,189482,464
98395.5291075644,191781,518
98400.00821763142,114792,500
98409.57004153737,176495,529
98410.88534711841,148224,560
98415.20719380195,215047,406
98456.21841633925,118188,462
98474.62740641054,175446,542
98478.1406340403,243425,481
98479.30833063867,117073,504
98493.90651728646,104577,558
98519.40032212838,184320,494
98520.18408084486,127208,575
98525.50671898648,199932,400
98542.04996851845,201587,596
98558.7882308497,158856,595
98578.58087350402,247754,539
98580.11685326217,224892,546
98600.81778418465,174047,575
98619.96259572075,217878,591
98625.39008567693,228597,556
98631.1448555423,219271,522
98681.5165704538,140144,516
98696.89359273027,194407,457
98700.01281177107,145705,499
98841.1955547105,142026,494
98868.13745654185,213177,476
98871.24677549487,220568,505
98896.05161697243,241950,458
98983.67514575725,132774,560
98992.38151325853,206376,507
99035.39971292048,220738,587
99047.44069591557,201827,518
99056.4780067633,185461,570
99066.65732253702,238919,452
99072.30476951775,150060,545
99076.63314224783,195267,518
99092.52369993631,207009,495
99113.18019360912,155971,500
99116.22764028075,128481,538
99137.3523469589,178727,598
99178.17383523764,208034,413
99182.62195538626,188521,541
